bike_name,brand,age,engine_cc,km_driven,owner_count,city,price
TVS Star City Plus Dual Tone 110cc,TVS,3,110,17654,1,Ahmedabad,35000
Royal Enfield Classic 350cc,Royal Enfield,4,350,11000,1,Delhi,119900
Triumph Daytona 675R,Triumph,8,675,110,1,Delhi,600000
TVS Apache RTR 180cc,TVS,4,180,16329,1,Bangalore,65000
Yamaha FZ S V 2.0 150cc-Ltd. Edition,Yamaha,3,150,10000,1,Bangalore,80000
Yamaha FZs 150cc,Yamaha,6,150,25000,1,Delhi,53499
Honda CB Hornet 160R  ABS DLX,Honda,3,160,8200,1,Delhi,85000
Hero Splendor Plus Self Alloy 100cc,Hero,3,100,12645,1,Delhi,45000
Royal Enfield Thunderbird X 350cc,Royal Enfield,3,350,9190,1,Bangalore,145000
Royal Enfield Classic Desert Storm 500cc,Royal Enfield,7,500,19000,2,Delhi,88000
Yamaha YZF-R15 2.0 150cc,Yamaha,7,150,20000,1,Bangalore,72000
Yamaha FZ25 250cc,Yamaha,4,250,9665,1,Bangalore,95000
Bajaj Pulsar NS200,Bajaj,4,200,9900,1,Bangalore,78000
Bajaj Discover 100M,Bajaj,8,100,20000,1,Delhi,29499
Bajaj Discover 125M,Bajaj,7,125,20000,1,Delhi,29900
Bajaj Pulsar NS200 ABS,Bajaj,3,200,11574,1,Bangalore,90000
Bajaj Pulsar RS200 ABS,Bajaj,3,200,23000,1,Bangalore,120000
Suzuki Gixxer SF 150cc,Suzuki,5,150,24725,1,Mumbai,48000
Benelli 302R 300CC,Benelli,3,302,15025,2,Mumbai,240000
Hero Splendor iSmart Plus IBS 110cc,Hero,2,110,3500,1,Delhi,46500
Royal Enfield Classic Chrome 500cc,Royal Enfield,5,500,24520,1,Kalyan,121700
Yamaha FZ V 2.0 150cc,Yamaha,6,150,23000,1,Delhi,45000
Hero Super Splendor 125cc,Hero,16,125,29305,1,Ahmedabad,20000
Honda CBF Stunner 125cc,Honda,7,125,30500,2,Faridabad,20800
Bajaj Pulsar 150cc,Bajaj,8,150,19000,1,Bangalore,50000
Honda X-Blade 160CC ABS,Honda,2,160,9100,1,Mettur,81200
Bajaj Pulsar NS200,Bajaj,3,200,21914,1,Hyderabad,88000
Yamaha YZF-R15 2.0 150cc,Yamaha,4,150,20000,2,Kaithal,80000
Bajaj Avenger 220cc,Bajaj,6,220,15000,1,Gurgaon,40900
KTM RC 390cc,KTM,4,390,17700,1,Pune,180000
Honda CB Unicorn 150cc,Honda,8,150,30000,1,Noida,40000
KTM Duke 200cc,KTM,8,200,100000,2,Nashik,70000
Royal Enfield Classic 350cc,Royal Enfield,5,350,39000,1,Kochi,98800
Honda CBR 150R 150cc,Honda,6,150,43000,1,Allahabad,65000
Royal Enfield Thunderbird X 500cc,Royal Enfield,2,500,4550,1,Samastipur,190500
KTM RC 200cc ABS,KTM,2,200,3400,1,Bangalore,179000
Royal Enfield Thunderbird 350cc,Royal Enfield,8,350,45000,1,Nadiad,70000
Bajaj Avenger 220cc,Bajaj,6,220,36100,1,Hyderabad,45000
Royal Enfield Bullet Electra 350cc,Royal Enfield,13,350,8500,1,Lucknow,78000
Bajaj Avenger Street 220 ABS,Bajaj,2,220,2550,1,Bangalore,110000
Royal Enfield Classic 350cc,Royal Enfield,6,350,18000,1,Delhi,85000
Bajaj Pulsar NS200,Bajaj,9,200,35000,1,Delhi,38000
Royal Enfield Thunderbird 350cc,Royal Enfield,10,350,38000,1,Noida,55346
Mahindra Centuro NXT 110cc,Mahindra,2,110,45000,1,Jaipur,28000
Hero Hunk 150cc,Hero,8,150,10800,1,Mumbai,37000
Suzuki Gixxer SF Fi 150cc SP ABS,Suzuki,3,150,4400,1,Delhi,97000
Yamaha FZ 150cc,Yamaha,8,150,357000,1,Karnal,40000
Royal Enfield‎ Bullet 350cc,Royal Enfield,7,350,15300,1,Delhi,90000
TVS Apache RTR 160cc,TVS,5,160,30000,1,Mumbai,60000
Honda CB Shine 125cc,Honda,7,125,30000,2,Gorakhpur,21900
Bajaj Avenger 220cc,Bajaj,7,220,64000,1,Ahmedabad,40000
Benelli TNT 600i ABS,Benelli,3,600,11500,2,Mumbai,475000
Honda Dream Yuga 110cc,Honda,5,110,17056,1,Ahmedabad,34500
Yamaha SZ 150cc,Yamaha,9,150,172082,1,Vidisha,25000
Suzuki Gixxer 150cc,Suzuki,7,150,45000,1,Bangalore,30200
Bajaj Avenger Cruise 220,Bajaj,5,220,35000,1,Hosur,65000
Bajaj Pulsar 150cc,Bajaj,9,150,38000,1,Mumbai,25000
Kawasaki Z900,Kawasaki,2,900,2500,1,Bagalkot,935000
Royal Enfield Bullet Electra 350cc,Royal Enfield,3,350,15438,2,Delhi,107100
Bajaj Pulsar 220cc,Bajaj,3,220,6000,1,Delhi,80000
Royal Enfield Thunderbird 350cc,Royal Enfield,5,350,19000,1,Delhi,88000
KTM Duke 200cc,KTM,4,200,32700,1,Baripara,94700
Hero CD Deluxe 100cc,Hero,14,100,46643,1,Agra,12200
Royal Enfield Classic 350cc,Royal Enfield,6,350,19000,1,Delhi,106000
Bajaj Pulsar 220cc,Bajaj,12,220,40700,1,Hyderabad,29500
Kawasaki Ninja 650cc,Kawasaki,7,650,11350,1,Dharwad,290000
Royal Enfield Thunderbird 350cc,Royal Enfield,6,350,1600,1,Delhi,110000
Bajaj Platina 125cc,Bajaj,10,125,44410,1,Vadodara,27000
Royal Enfield Thunderbird 350cc,Royal Enfield,11,350,9800,1,Jalandhar,65000
Royal Enfield Thunderbird X 350cc,Royal Enfield,3,350,15000,1,Bangalore,150000
Hero Karizma ZMR 223cc,Hero,7,223,68000,2,Surat,55786
Bajaj Pulsar 180cc,Bajaj,8,180,17757,1,Bangalore,45000
Yamaha FZ25 ABS 250cc,Yamaha,2,250,3900,1,Chennai,146000
Royal Enfield Thunderbird 350cc,Royal Enfield,4,350,23700,1,Bangalore,115000
Bajaj CT 100 100cc,Bajaj,3,100,8250,1,Noida,30000
Bajaj Pulsar RS200 ABS,Bajaj,5,200,10000,1,Mumbai,93100
Yamaha YZF-R15 2.0 150cc,Yamaha,3,150,4300,2,Mumbai,82000
Royal Enfield Interceptor 650cc,Royal Enfield,2,650,3800,1,Navi Mumbai,260000
Honda CB Shine 125cc,Honda,7,125,33000,1,Bangalore,38000
KTM Duke 250cc,KTM,4,250,17500,2,Gandhidham,130000
Royal Enfield Himalayan 410cc,Royal Enfield,4,410,19000,1,Gurgaon,118000
Bajaj Pulsar 135LS,Bajaj,11,135,10000,1,Delhi,14700
Royal Enfield Thunderbird 350cc,Royal Enfield,6,350,54000,1,Chennai,85000
Bajaj Pulsar 220F,Bajaj,7,220,27000,1,Mumbai,40000
Yamaha FZ16 150cc,Yamaha,6,150,19000,1,Bangalore,50000
Royal Enfield Thunderbird 350cc,Royal Enfield,7,350,43500,1,Mumbai,71800
Bajaj Pulsar NS200,Bajaj,4,200,11575,1,Bangalore,75000
Ducati Scrambler 1100 Special,Ducati,1,1100,190,1,Mumbai,1350000
Triumph Street Triple 765,Triumph,3,765,19000,1,Mumbai,790000
Bajaj V15 150cc,Bajaj,4,150,8600,1,Bangalore,47000
Bajaj Pulsar 150cc,Bajaj,2,150,2000,1,Pune,60000
Suzuki Gixxer Fi 150cc ABS,Suzuki,1,150,5100,1,Vadodara,96700
Hero Splendor plus 100cc,Hero,5,100,9000,1,Delhi,31900
Bajaj Pulsar 150cc,Bajaj,13,150,44480,1,Visakhapatnam,35000
KTM Duke 390cc,KTM,3,390,11000,1,Bangalore,240000
Honda CBR 250R,Honda,7,250,16000,1,Delhi,68000
Bajaj Pulsar RS200,Bajaj,5,200,26691,1,Bangalore,80000
Royal Enfield Classic 350cc,Royal Enfield,5,350,45000,1,Bangalore,135000
Bajaj Pulsar 150cc,Bajaj,12,150,12000,3,Pune,11100
Benelli TNT 600i,Benelli,4,600,14200,1,Mumbai,480000
Suzuki Gixxer 150cc SP Rear Disc,Suzuki,3,150,41000,1,Thrissur,65000
Yamaha FZ S V 2.0 150cc,Yamaha,5,150,15000,1,Bangalore,60000
Honda CBR 150R 150cc,Honda,4,150,12314,1,Bangalore,80000
Hero Splendor Plus Self Alloy 100cc,Hero,3,100,11760,1,Delhi,46000
Royal Enfield Classic 500cc,Royal Enfield,11,500,22000,1,Bangalore,95000
Hyosung GT650R,Hyosung,4,650,1800,1,Delhi,400000
Bajaj V15 150cc,Bajaj,4,150,4400,1,Bangalore,55000
Yamaha YZF-R15 S 150cc,Yamaha,5,150,16000,1,Delhi,63000
Bajaj V15 150cc,Bajaj,4,150,9000,1,Faridabad,51000
TVS Apache RTR 160 4V Disc,TVS,3,160,8700,1,Delhi,69900
Bajaj Pulsar RS200 ABS,Bajaj,4,200,1342,1,Gorakhpur,125000
Benelli TNT 300,Benelli,6,300,21000,1,Kolkata,210000
Honda CB ShineSP 125cc,Honda,5,125,19000,1,Delhi,35900
Honda CBR 250R,Honda,9,250,13000,1,Delhi,67000
Hero Passion Pro 100cc,Hero,4,100,12771,1,Ernakulam,29339
Hero Splendor Plus 100cc,Hero,6,100,51576,1,Ernakulam,19695
Hero Splendor iSmart Plus IBS 110cc,Hero,2,110,608,1,Ernakulam,48672
Honda CBR 150R 150cc,Honda,9,150,13680,1,Mumbai,40000
Yamaha YZF R6 600cc,Yamaha,5,600,285,1,Bangalore,500000
Ducati 1299 Superleggera,Ducati,3,1299,3,1,Mumbai,800000
Royal Enfield Himalayan 410cc,Royal Enfield,5,410,24676,1,Bangalore,110000
Royal Enfield Classic 350cc,Royal Enfield,6,350,11000,1,Delhi,92500
Bajaj Pulsar NS200,Bajaj,5,200,28948,1,Bangalore,57000
Royal Enfield Electra 350cc,Royal Enfield,10,350,10000,1,Delhi,72500
KTM Duke 200cc,KTM,9,200,16000,1,Delhi,68000
TVS Phoenix Disc 125cc,TVS,5,125,10500,1,Barasat,21500
TVS Apache RTR 160cc,TVS,6,160,20000,1,Delhi,40000
Royal Enfield Classic 350cc,Royal Enfield,5,350,18000,1,Delhi,91000
Harley-Davidson Street 750,Harley-Davidson,6,750,3500,1,Ghaziabad,300000
Suzuki Gixxer SF 150cc,Suzuki,6,150,70000,1,Jaipur,47000
Suzuki Gixxer 150cc,Suzuki,6,150,18158,1,Bangalore,53000
Suzuki Gixxer 150cc,Suzuki,5,150,39140,1,Bangalore,51000
Bajaj Pulsar 220F,Bajaj,8,220,27776,1,Bangalore,48000
Bajaj Pulsar 220cc,Bajaj,6,220,32734,1,Bangalore,55000
Royal Enfield Himalayan 410cc Fi ABS,Royal Enfield,2,410,14000,1,Vadodara,173300
Royal Enfield Bullet Electra 350cc,Royal Enfield,8,350,13000,1,Delhi,77000
Bajaj Pulsar NS200,Bajaj,2,200,5000,1,Bangalore,115000
Bajaj Discover 150cc,Bajaj,7,150,39500,1,Hyderabad,36000
Bajaj Avenger Street 220,Bajaj,4,220,29500,1,Hyderabad,72000
Royal Enfield Standard 350cc,Royal Enfield,3,350,14900,1,Hyderabad,115000
Honda CB Shine 125cc Disc,Honda,3,125,2000,1,Mumbai,65000
Honda CB Unicorn ABS 150cc,Honda,2,150,4000,1,Mumbai,99000
Yamaha YZF-R15 2.0 150cc,Yamaha,7,150,68500,2,Delhi,68500
Yamaha YZF-R15 V3 150cc,Yamaha,2,150,2473,1,Delhi,140000
KTM Duke 200cc,KTM,3,200,9221,1,Delhi,130000
Bajaj Pulsar NS 200,Bajaj,7,200,37128,1,Delhi,46000
Hero Super Splendor 125cc,Hero,6,125,16166,1,Delhi,30000
Bajaj Dominar 400,Bajaj,3,400,11716,1,Delhi,116000
Royal Enfield Classic 350cc,Royal Enfield,3,350,8419,1,Delhi,130000
Royal Enfield Classic 350cc,Royal Enfield,5,350,13459,1,Delhi,98000
Royal Enfield Classic 350cc,Royal Enfield,6,350,14704,1,Delhi,85000
Bajaj V15 150cc,Bajaj,4,150,9200,1,Delhi,50000
Royal Enfield Thunderbird 350cc,Royal Enfield,5,350,30294,1,Bangalore,100000
Royal Enfield Thunderbird 350cc,Royal Enfield,8,350,19756,1,Delhi,66000
Honda X-Blade 160cc,Honda,2,160,12000,1,Kolkata,80000
Royal Enfield Classic 350cc,Royal Enfield,3,350,7702,1,Jaipur,123600
Suzuki Hayabusa 1300cc,Suzuki,3,1300,312,1,Chennai,950000
Royal Enfield Classic 350cc,Royal Enfield,4,350,17000,1,Ahmedabad,107000
Ducati Monster 821 Dark,Ducati,5,821,16000,1,Bangalore,600000
Yamaha FZ S V 2.0 150cc Rear Disc,Yamaha,3,150,3500,1,Delhi,80000
Suzuki Gixxer SF 150cc Special MOTOGP Edition Rear Disc,Suzuki,4,150,11050,1,Bhubaneshwar,75000
Hero Super Splendor 125cc,Hero,2,125,948,1,Ernakulam,43778
KTM RC 200cc,KTM,5,200,11200,2,Delhi,118000
Yamaha FZ V 2.0 150cc,Yamaha,5,150,10407,1,Bangalore,68000
Bajaj Discover 125ST,Bajaj,8,125,23000,1,Bangalore,27000
Hero Splendor Plus Kick Alloy 100cc,Hero,2,100,5500,1,Delhi,48500
Hero Karizma 223cc,Hero,15,223,38000,1,Delhi,15000
KTM Duke 200cc,KTM,5,200,23000,1,Navi Mumbai,95000
KTM Duke 200cc,KTM,4,200,4500,1,Amritsar,145000
Yamaha FZs 150cc,Yamaha,3,150,11227,1,Delhi,62000
Hero Splendor 100cc,Hero,9,100,45000,1,Hyderabad,25000
Ducati 1198 SP 1198cc,Ducati,6,1198,100,1,Ahmedabad,700000
Royal Enfield Bullet 500cc,Royal Enfield,3,500,3500,1,Bangalore,160000
Bajaj Avenger Street 220,Bajaj,5,220,30000,1,Mumbai,47500
Yamaha Fazer 150cc,Yamaha,9,150,38000,1,Bagalkot,21000
Yamaha Gladiator 125cc,Yamaha,12,125,22000,1,Bhopal,18000
Hero Karizma R 223cc,Hero,8,223,54560,1,Bangalore,36000
Yamaha FZ 150cc,Yamaha,6,150,33150,1,Bangalore,52000
Harley-Davidson Iron 883,Harley-Davidson,7,883,5550,2,Jaipur,435000
TVS Apache RTR 200 4V Fi,TVS,5,200,12077,1,Bangalore,68000
Bajaj Pulsar 220cc,Bajaj,4,220,5000,1,Pune,80000
Royal Enfield Classic Desert Storm 500cc,Royal Enfield,6,500,13300,1,Mumbai,110800
TVS Apache RTR 160 4V DISC ABS BS6,TVS,2,160,16000,1,Hyderabad,85000
Royal Enfield Electra 350cc,Royal Enfield,2,350,4000,1,Bangalore,145000
Bajaj Dominar 400 ABS,Bajaj,3,400,3000,1,Bangalore,145000
Royal Enfield Classic Gunmetal Grey 350cc,Royal Enfield,3,350,7000,1,Mumbai,149000
Hero HF Deluxe i3s iBS 100cc,Hero,2,100,4000,1,Mumbai,60000
Royal Enfield Classic 350cc,Royal Enfield,4,350,11000,1,Mumbai,140000
KTM Duke 200cc,KTM,7,200,15000,1,Mumbai,85000
Bajaj Pulsar 220cc,Bajaj,3,220,15000,1,Mumbai,86000
Royal Enfield Bullet Electra 350cc,Royal Enfield,4,350,15500,1,Hyderabad,115000
Suzuki Gixxer SF Fi 150cc ABS,Suzuki,3,150,500,1,Bangalore,83000
Bajaj Pulsar 180cc,Bajaj,12,180,35251,1,Bangalore,28000
Hero Splendor Plus 100cc,Hero,14,100,35000,1,Delhi,14500
Hero Splendor iSmart 110cc,Hero,5,110,22000,1,Delhi,32000
Bajaj Pulsar 180cc,Bajaj,5,180,26000,1,Delhi,62500
Yamaha YZF-R15 V3 150cc,Yamaha,3,150,10000,1,Delhi,122500
Bajaj Platina 100cc,Bajaj,6,100,15000,1,Delhi,24500
TVS Apache RTR 200 4V FI,TVS,4,200,26000,1,Delhi,78500
Royal Enfield Bullet Twinspark 350cc,Royal Enfield,4,350,21000,1,Delhi,102500
TVS Star City 110cc,TVS,9,110,28428,1,Bangalore,28000
Royal Enfield Classic 350cc,Royal Enfield,3,350,10149,1,Delhi,130000
Royal Enfield Classic 350cc,Royal Enfield,3,350,7036,1,Delhi,130000
Bajaj Dominar 400,Bajaj,4,400,7593,1,Delhi,115000
KTM RC 200cc,KTM,6,200,17000,1,Delhi,96000
Bajaj Platina  Alloy ES-100cc,Bajaj,4,100,15798,1,Delhi,29500
Yamaha YZF-R15 2.0 150cc,Yamaha,4,150,4800,1,Hyderabad,100000
Royal Enfield Himalayan 410cc Fi ABS,Royal Enfield,2,410,7000,1,Hamirpur(hp),177982
Royal Enfield Himalayan 410cc Fi ABS,Royal Enfield,2,410,11000,1,Bangalore,202000
KTM RC 200cc,KTM,6,200,28000,3,Kottayam,113000
Bajaj Avenger Street 220,Bajaj,5,220,23000,2,Delhi,45400
Royal Enfield Classic 350cc,Royal Enfield,4,350,16000,1,Delhi,105000
Ducati Panigale 959,Ducati,2,959,300,1,Delhi,885000
Yamaha FZs 150cc,Yamaha,6,150,50000,1,Arrah,30000
Bajaj Platina 100cc,Bajaj,6,100,22000,1,Delhi,22000
Royal Enfield Classic 350cc-Redditch Edition,Royal Enfield,4,350,10000,1,Delhi,115000
Bajaj V15 150cc,Bajaj,4,150,3000,1,Patiala,55000
Bajaj Discover 125ST,Bajaj,9,125,55000,1,Faridabad,20000
Hero Splendor iSmart 110cc,Hero,4,110,16500,1,Ranga Reddy,56000
TVS Sport 100cc,TVS,5,100,36000,1,Mandi,28000
Hero Super Splendor 125cc,Hero,3,125,7329,1,Ludhiana,44000
Bajaj Dominar 400 ABS,Bajaj,2,400,8780,1,Mandya,190000
Royal Enfield Bullet Electra 350cc,Royal Enfield,8,350,20000,1,Siliguri,78000
Honda CBF Stunner 125cc,Honda,10,125,28164,1,Bangalore,18787
Bajaj Pulsar AS200,Bajaj,6,200,20600,1,Bangalore,51500
Bajaj Avenger 220cc,Bajaj,6,220,5700,1,Mumbai,54200
Royal Enfield Classic Desert Storm 500cc Dual Disc,Royal Enfield,3,500,11277,1,Hyderabad,175000
Bajaj Avenger 220cc,Bajaj,7,220,26000,1,Aurangabad,48000
Honda Livo 110cc,Honda,5,110,4000,1,Ludhiana,40000
Bajaj Dominar 400 ABS,Bajaj,4,400,11600,1,Kanpur,102400
Yamaha FZ V 2.0 150cc,Yamaha,3,150,8800,1,Chennai,65000
KTM RC 390cc,KTM,4,390,2100,1,Bhilwara,170000
Bajaj Pulsar 150cc,Bajaj,13,150,65000,1,Meerut,12999
KTM Duke 200cc,KTM,6,200,20000,1,Mumbai,87000
Bajaj Avenger 220cc,Bajaj,5,220,18000,2,Rewari,45600
Bajaj Pulsar 180cc,Bajaj,7,180,58000,1,Ahmednagar,42000
Bajaj Pulsar NS200,Bajaj,8,200,24445,1,Delhi,47000
Bajaj Discover 100M,Bajaj,7,100,34525,1,Delhi,31000
Suzuki Gixxer SF 150cc SP Rear Disc,Suzuki,4,150,19000,1,Bangalore,72500
Suzuki Gixxer 150cc,Suzuki,3,150,4000,1,Wardha,80999
Bajaj Pulsar RS200,Bajaj,6,200,9148,1,Chandigarh,85000
TVS Apache RTR 160cc,TVS,5,160,16000,1,Mumbai,60000
Bajaj Dominar 400 ABS,Bajaj,4,400,3694,1,Ranchi,148999
Bajaj V15 150cc,Bajaj,5,150,7524,1,Bangalore,49000
Hero Passion Pro 100cc,Hero,8,100,23000,1,Delhi,30000
KTM RC 200cc,KTM,6,200,12800,1,Panvel,140000
KTM RC 390cc,KTM,2,390,1440,1,Delhi,237818
Yamaha SZ-RR 150cc,Yamaha,6,150,22672,2,Delhi,23600
Royal Enfield Thunderbird 500cc,Royal Enfield,8,500,25000,1,Bangalore,100000
KTM RC 200cc,KTM,3,200,10000,1,Hyderabad,160700
Royal Enfield Bullet Electra Twinspark 350cc,Royal Enfield,6,350,34200,1,Thane,78000
Bajaj V15 150cc,Bajaj,4,150,7000,1,Jabalpur,45000
Royal Enfield‎ Bullet 350cc,Royal Enfield,9,350,3490,1,Gurgaon,60000
KTM RC 200cc,KTM,5,200,7500,1,Kota,150000
Bajaj Discover 150F Disc,Bajaj,5,150,13500,1,Mumbai,37000
Royal Enfield Classic 350cc,Royal Enfield,5,350,11000,1,Navi Mumbai,125000
Bajaj Pulsar RS200,Bajaj,5,200,56353,1,Mumbai,70000
Bajaj Pulsar 220cc,Bajaj,7,220,25000,1,Rohtak,40000
Yamaha Saluto 125cc Disc Special Edition,Yamaha,2,125,1123,1,Delhi,62000
Royal Enfield Interceptor 650cc,Royal Enfield,2,650,1500,1,Bangalore,280000
Bajaj V15 150cc,Bajaj,4,150,15000,1,Rajkot,44000
Royal Enfield Thunderbird 350cc,Royal Enfield,7,350,31000,1,Mumbai,85000
Bajaj Avenger Cruise 220,Bajaj,5,220,28000,1,Gurgaon,51000
Bajaj Avenger Street 220,Bajaj,3,220,11460,1,Delhi,75000
KTM RC 390cc,KTM,5,390,23000,1,Ghaziabad,160000
Bajaj Pulsar NS200,Bajaj,2,200,1175,1,Delhi,106000
Triumph Street Triple ABS 675cc,Triumph,5,675,7800,3,Mumbai,599999
Honda CBR 250R ABS,Honda,7,250,15000,1,Delhi,85000
Hero Splendor Plus 100cc,Hero,8,100,28653,1,Ahmedabad,31500
Hyosung Aquila GV250,Hyosung,6,250,8000,2,Ahmednagar,150000
Jawa Forty Two 295CC,Jawa,2,295,2100,1,Hosur,210000
Bajaj V12 125cc,Bajaj,4,125,3300,1,Delhi,50000
Bajaj Discover 100M,Bajaj,6,100,19000,1,Varanasi,29300
Bajaj V12 125cc Disc,Bajaj,4,125,20400,1,Rohtak,35740
Yamaha FZs 150cc,Yamaha,10,150,25000,1,Rajkot,24500
Hero Karizma ZMR 223cc,Hero,7,223,18000,1,Kanpur,45000
KTM Duke 390cc,KTM,4,390,12000,1,Chennai,210000
Royal Enfield Bullet Electra 350cc,Royal Enfield,9,350,11000,1,Delhi,71000
Yamaha Fazer 25 250cc,Yamaha,4,250,5100,2,24 Pargana,80400
Royal Enfield Classic 350cc,Royal Enfield,4,350,2200,1,Delhi,135000
Harley-Davidson Street 750,Harley-Davidson,6,750,3100,1,Mumbai,350000
Hero Karizma ZMR 223cc,Hero,11,223,1500,1,Delhi,57000
Hero Xpulse 200T,Hero,2,200,3000,1,Jalandhar,76000
Bajaj Pulsar 150cc,Bajaj,11,150,22560,1,Kota,42100
Yamaha YZF-R15 S 150cc,Yamaha,6,150,16658,1,Ludhiana,73000
Benelli 302R 300CC,Benelli,3,302,3135,1,Delhi,366000
Honda CB Hornet 160R CBS,Honda,3,160,29000,2,Banka,61200
Royal Enfield Bullet Electra 350cc,Royal Enfield,7,350,29860,1,Delhi,82000
Royal Enfield Classic 350cc,Royal Enfield,5,350,12000,1,Chennai,120000
TVS Apache RTR 160 4V Disc,TVS,3,160,7000,1,Delhi,80000
Suzuki Gixxer 150cc SP ABS,Suzuki,2,150,3700,1,Bangalore,81800
Bajaj Avenger 220cc,Bajaj,6,220,27000,1,Delhi,45900
Bajaj Pulsar NS200,Bajaj,4,200,9300,1,Bangalore,86200
Hero Splendor Plus Kick Alloy 100cc,Hero,3,100,9000,1,Delhi,40000
Hero Hunk 150cc,Hero,12,150,21389,1,Mumbai,10000
Hyosung Aquila GV250,Hyosung,5,250,13500,1,Nagpur,155000
Bajaj Pulsar NS200,Bajaj,6,200,24374,1,Mumbai,46000
KTM RC 390cc,KTM,4,390,9600,1,Noida,215000
Honda Dream Yuga 110cc,Honda,7,110,37000,1,Delhi,23000
Bajaj Avenger Cruise 220,Bajaj,3,220,7781,2,Pune,55250
Hero Passion Xpro 110cc,Hero,2,110,7758,1,Delhi,58000
Yamaha FZ S V 2.0 150cc Rear Disc,Yamaha,3,150,8000,1,Delhi,66000
Hero Karizma ZMR 223cc,Hero,7,223,32000,1,Hyderabad,55000
Royal Enfield Classic 500cc,Royal Enfield,9,500,12100,1,Mumbai,89730
Royal Enfield Classic 350cc,Royal Enfield,6,350,26811,1,Nagpur,108000
Yamaha YZF-R3 320cc ABS,Yamaha,3,320,13500,1,Hyderabad,314100
Royal Enfield Bullet 350 cc,Royal Enfield,39,350,16500,1,Hyderabad,125000
Hero HF Deluxe 100cc,Hero,8,100,10401,1,Faridabad,18800
Harley-Davidson Street 750,Harley-Davidson,5,750,13000,2,Delhi,417000
Bajaj Dominar 400 ABS,Bajaj,4,400,20500,1,Chennai,105000
Honda CB Twister 110cc,Honda,6,110,19211,1,Bangalore,20000
Royal Enfield Classic 350cc,Royal Enfield,10,350,22500,1,Chandigarh,88000
Bajaj Pulsar 125cc Disc CBS,Bajaj,2,125,14009,1,Banki,47000
Bajaj Avenger Street 220,Bajaj,2,220,11000,1,Delhi,95000
Yamaha YZF-R15 V3 150cc,Yamaha,3,150,2982,1,Pune,108000
KTM Duke 390cc,KTM,3,390,12000,1,Delhi,186100
Honda CB Shine 125cc Drum BS6,Honda,1,125,3000,1,Pali,81500
Bajaj CT 100 100cc,Bajaj,5,100,30806,1,Chhatarpur,20000
Bajaj Pulsar 150cc,Bajaj,13,150,55000,2,Mumbai,15000
Bajaj V15 150cc,Bajaj,5,150,5000,1,Ludhiana,39000
Royal Enfield Classic 350cc,Royal Enfield,5,350,29000,1,Delhi,102500
Royal Enfield Classic 350cc,Royal Enfield,7,350,15000,1,Delhi,87000
Bajaj Dominar 400 ABS,Bajaj,3,400,14500,1,Hyderabad,118000
Royal Enfield Classic 350cc,Royal Enfield,4,350,6200,1,Gurgaon,131100
Honda CB Hornet 160R STD,Honda,5,160,19000,1,Delhi,42000
Honda Dream Neo 110cc,Honda,4,110,15000,1,Katihar,45000
BMW G 310 R,BMW,3,310,2200,1,Mohali,255000
TVS Apache RTR 160 4V Disc,TVS,2,160,3710,1,Rudrapur,78700
Honda CBR 250R,Honda,7,250,38400,2,Mumbai,62800
Bajaj Pulsar AS150,Bajaj,6,150,18000,1,Delhi,35000
Bajaj V15 150cc,Bajaj,5,150,17000,1,Delhi,33800
Kawasaki Ninja 250cc,Kawasaki,11,250,21000,3,Coimbatore,125000
Royal Enfield Himalayan 410cc,Royal Enfield,5,410,4700,1,Hyderabad,146000
Benelli TNT 899,Benelli,6,899,3174,1,Jajpur,569400
Indian Chief Classic 1800cc,Indian,6,1800,1700,1,Chennai,1900000
Kawasaki Ninja 650cc,Kawasaki,1,650,230,1,Bhubaneshwar,600000
KTM RC 200cc,KTM,2,200,3000,1,Kolkata,185000
Hero Passion Pro 100cc,Hero,5,100,32000,1,Delhi,32000
Hero Super Splendor 125cc,Hero,4,125,21000,1,Delhi,38000
Bajaj V15 150cc,Bajaj,5,150,38717,1,Bangalore,35000
Hero Achiever 150cc,Hero,3,150,1999,1,Bangalore,42000
TVS Apache 150cc,TVS,13,150,39822,2,Bangalore,9350
Kawasaki ER-6n 650cc,Kawasaki,5,650,7500,1,Mumbai,330000
Hero HF Deluxe Self 100cc,Hero,7,100,23000,1,Ahmednagar,36500
Hero Splendor Plus 100cc,Hero,5,100,17376,2,Pune,38000
Royal Enfield Standard 350cc,Royal Enfield,8,350,33000,1,Faridabad,75000
Benelli TNT 300,Benelli,4,300,9500,1,Chennai,230000
TVS Apache RTR 160cc,TVS,8,160,20000,1,Delhi,31500
Royal Enfield Thunderbird 350cc,Royal Enfield,16,350,35000,1,Chennai,46000
Royal Enfield Classic 350cc,Royal Enfield,5,350,8600,1,Delhi,109900
Bajaj V15 150cc,Bajaj,5,150,18000,1,Delhi,35000
Bajaj Pulsar NS160,Bajaj,3,160,18000,1,Delhi,65000
Jawa Forty Two 295CC,Jawa,2,295,1800,1,Bangalore,175000
Royal Enfield Classic 350cc,Royal Enfield,4,350,23000,1,Bangalore,126000
Honda CB Shine 125cc,Honda,9,125,29000,1,Hyderabad,25000
Honda CB Unicorn 150cc,Honda,2,150,5000,1,Mumbai,89000
Royal Enfield Classic Gunmetal Grey 350cc ABS,Royal Enfield,2,350,7500,1,Mumbai,160000
Bajaj Pulsar RS200 ABS,Bajaj,2,200,15000,1,Mumbai,130000
Honda CB Shine 125cc,Honda,12,125,26000,2,Pune,33500
Yamaha YZF-R15 V3 150cc,Yamaha,3,150,8000,1,Bangalore,128000
Royal Enfield Classic 350cc,Royal Enfield,3,350,7000,1,Bangalore,143000
Bajaj Pulsar 135LS,Bajaj,9,135,31464,2,Bangalore,31000
Suzuki Intruder 150cc,Suzuki,3,150,7419,1,Delhi,72000
TVS Apache RTR 200 4V ABS Race Edition,TVS,2,200,10000,1,Delhi,108500
Bajaj Pulsar 220F,Bajaj,4,220,10000,1,Delhi,74500
Bajaj CT 100 B,Bajaj,4,100,6300,1,Delhi,24000
Bajaj Pulsar 220cc,Bajaj,3,220,17000,1,Delhi,80000
Bajaj Pulsar 220cc,Bajaj,3,220,22000,1,Bangalore,81000
Royal Enfield Classic 350cc,Royal Enfield,5,350,15000,2,Delhi,115000
Hero Passion Pro 110cc Drum,Hero,2,110,10000,1,Delhi,56500
Bajaj Pulsar 220cc,Bajaj,4,220,16000,1,Bangalore,75000
Yamaha YZF-R15 150cc,Yamaha,6,150,32542,1,Bangalore,72000
Suzuki Gixxer 150cc,Suzuki,4,150,7461,1,Bangalore,73000
Bajaj Pulsar NS200,Bajaj,6,200,28000,1,Delhi,69500
TVS Apache RTR 160 4V Disc,TVS,3,160,9800,1,Delhi,78500
TVS Apache RTR 160 4V DISC ABS,TVS,2,160,7000,1,Delhi,87000
TVS Apache RTR 180cc,TVS,6,180,16688,2,Delhi,40000
Mahindra Mojo 300cc,Mahindra,5,300,16000,1,Thane,145000
Royal Enfield Interceptor 650cc,Royal Enfield,2,650,12900,1,Bangalore,265000
Benelli TNT 300,Benelli,4,300,7000,1,Bangalore,235000
Harley-Davidson Street 750,Harley-Davidson,6,750,3000,1,Noida,400000
Honda CB Twister 110cc,Honda,13,110,11000,1,Pune,30000
KTM RC 200cc,KTM,5,200,14000,1,Nagpur,140000
Yamaha FZ25 250cc,Yamaha,3,250,17000,1,Bangalore,98000
Royal Enfield Thunderbird 350cc,Royal Enfield,6,350,5432,2,Delhi,74500
TVS Apache RTR 200 4V Carburetor,TVS,3,200,3419,1,Bangalore,75000
Hero Ignitor Disc 125cc,Hero,8,125,25757,1,Mysore,27500
TVS Apache 150cc,TVS,12,150,71474,1,Delhi,10200
Bajaj Avenger Street 150,Bajaj,5,150,17000,1,Bangalore,57000
TVS Apache RTR 160cc,TVS,13,160,34688,1,Delhi,21000
Bajaj Pulsar NS160,Bajaj,3,160,8100,1,Delhi,68500
KTM Duke 250cc,KTM,3,250,7900,1,Delhi,174500
Royal Enfield Classic 350cc,Royal Enfield,5,350,20000,1,Delhi,108000
Suzuki Gixxer SF 150cc SP Rear Disc,Suzuki,4,150,12000,1,Delhi,50000
Royal Enfield Continental GT 535cc,Royal Enfield,7,535,12000,1,Bangalore,118000
Hero Glamour Disc 125cc,Hero,5,125,17525,1,Delhi,33000
KTM RC 200cc,KTM,4,200,9000,1,Adoni,150000
Bajaj Pulsar 220cc,Bajaj,4,220,5000,1,Jalandhar,70000
Royal Enfield Bullet Electra Twinspark 350cc,Royal Enfield,6,350,13200,1,Bangalore,105000
Bajaj Dominar 400,Bajaj,4,400,5000,1,Chennai,135000
Bajaj Dominar 400 ABS,Bajaj,4,400,7500,1,Chennai,140000
Hero Passion Xpro 110cc,Hero,8,110,28000,1,Bikaner,26000
KTM RC 390cc,KTM,4,390,1100,1,Delhi,230000
Honda CB Shine 125cc,Honda,5,125,25000,1,Ahmednagar,53000
Bajaj Avenger Street 150,Bajaj,4,150,7500,1,Hyderabad,76000
Bajaj Dominar 400,Bajaj,4,400,7000,1,Delhi,135000
Bajaj V12 125cc Disc,Bajaj,4,125,10200,1,Gurgaon,45000
Bajaj V15 150cc,Bajaj,4,150,3500,1,Delhi,60000
Hero Splendor iSmart 110cc,Hero,4,110,15000,1,Delhi,40000
Royal Enfield Classic 350cc,Royal Enfield,4,350,8000,1,Delhi,133000
Bajaj Discover 100M,Bajaj,7,100,33000,1,Ahmedabad,25000
Suzuki Gixxer SF Fi 150cc,Suzuki,3,150,5500,1,Bangalore,99999
Honda CBR 250R ABS,Honda,8,250,14500,2,Delhi,130000
Hero HF Dawn 100cc,Hero,5,100,40688,1,Ahmedabad,25000
Bajaj Pulsar 220F,Bajaj,4,220,15000,1,Delhi,75000
Bajaj Pulsar 180cc,Bajaj,5,180,10000,1,Delhi,53000
Suzuki Slingshot Plus 125cc,Suzuki,6,125,16801,1,Delhi,25000
Bajaj Pulsar 150cc,Bajaj,5,150,21342,1,Ahmedabad,46500
Mahindra Centuro Rockstar 110cc,Mahindra,6,110,38669,3,Pune,18999
Mahindra Centuro 110cc,Mahindra,8,110,10000,1,Malout,17800
Bajaj Pulsar 180cc,Bajaj,4,180,17000,1,Delhi,52000
Honda CB Hornet 160R Special Edition STD,Honda,4,160,13500,1,Ahmedabad,70000
Yamaha YZF-R15 2.0 150cc,Yamaha,5,150,7350,1,Nadiad,85000
Royal Enfield Classic 350cc,Royal Enfield,2,350,4000,1,Delhi,150000
Royal Enfield Classic 350cc,Royal Enfield,5,350,27000,1,Jammu,115000
Honda CBR 150R 150cc,Honda,5,150,6500,1,Gurgaon,93200
KTM Duke 390cc,KTM,5,390,21250,1,Bangalore,155000
Bajaj Pulsar RS200 ABS,Bajaj,6,200,16000,1,Delhi,78000
Royal Enfield Thunderbird 350cc,Royal Enfield,7,350,12600,1,Bhubaneshwar,85000
Bajaj Pulsar 150cc,Bajaj,5,150,32000,1,Delhi,43000
TVS Apache RTR 160cc,TVS,4,160,45949,1,Ahmedabad,50390
Royal Enfield Classic Chrome 500cc,Royal Enfield,5,500,15900,2,Bangalore,128700
Harley-Davidson Street Rod XG750A ABS,Harley-Davidson,4,750,5600,1,Rajnandgaon,510000
Yamaha FZ S V 2.0 150cc,Yamaha,4,150,33000,1,Unnao,65000
Honda CBR 150R 150cc,Honda,9,150,2000,1,Jaipur,55000
Royal Enfield Bullet Electra Twinspark 350cc,Royal Enfield,4,350,6518,1,Delhi,126000
Hero Splendor Plus IBS i3S 100cc,Hero,2,100,10000,1,Delhi,53300
Bajaj Pulsar NS200,Bajaj,4,200,10000,1,Delhi,76000
Bajaj Dominar 400 ABS,Bajaj,4,400,10200,1,Mumbai,140000
Bajaj Discover 135cc,Bajaj,13,135,87267,1,Delhi,13600
TVS Apache RTR 180cc,TVS,3,180,2100,1,Rohtak,73000
Bajaj Discover 125cc,Bajaj,8,125,28130,2,Bangalore,17000
Bajaj Discover 150cc,Bajaj,6,150,39000,1,Gurgaon,29000
Suzuki Gixxer SF 150cc,Suzuki,5,150,7500,1,Delhi,49000
Harley-Davidson Street 750,Harley-Davidson,5,750,6300,2,Pune,371100
Bajaj Discover 100M,Bajaj,7,100,7334,1,Thane,30000
Bajaj Avenger Street 150,Bajaj,4,150,3400,1,Kolkata,70000
Royal Enfield Classic 350cc,Royal Enfield,4,350,9900,1,Delhi,131000
Bajaj Pulsar NS160,Bajaj,4,160,7000,1,Delhi,65000
Hero Splendor Plus IBS i3S 100cc,Hero,2,100,2600,1,Delhi,65000
Royal Enfield Bullet Electra 350cc,Royal Enfield,5,350,24000,1,Delhi,96000
Bajaj Pulsar 150cc,Bajaj,7,150,30000,1,Ahmedabad,28500
Bajaj Pulsar NS200,Bajaj,4,200,8100,1,Godhara,62400
Royal Enfield Bullet Electra 350cc,Royal Enfield,9,350,34000,1,Ghaziabad,85000
Bajaj Pulsar 150cc,Bajaj,2,150,15000,1,Delhi,66000
TVS Apache RTR 160 4V DRUM ABS,TVS,2,160,7000,1,Gurgaon,85000
Bajaj Discover 135cc,Bajaj,13,135,21832,1,Delhi,18551
TVS Apache RTR 200 4V ABS Race Edition,TVS,3,200,13890,1,Delhi,95000
Bajaj Dominar 400 ABS,Bajaj,3,400,8500,1,Delhi,130000
Royal Enfield Classic 350cc,Royal Enfield,7,350,7300,1,Gurgaon,98000
Honda Livo 110cc,Honda,3,110,1500,1,Delhi,53400
Bajaj Pulsar RS200 ABS,Bajaj,5,200,8700,1,Bangalore,120000
Honda CB Unicorn 160 CBS,Honda,5,160,44580,1,Pune,58000
Yamaha YZF-R15 2.0 150cc,Yamaha,3,150,10473,1,Ludhiana,97000
Bajaj Platina  Alloy ES-100cc,Bajaj,5,100,29451,1,Delhi,38000
Bajaj Discover 125cc,Bajaj,6,125,14324,1,Ahmedabad,24500
KTM Duke 125cc,KTM,2,125,1123,1,Delhi,129000
Bajaj Boxer BM150,Bajaj,9,150,28000,1,Gurgaon,20000
Royal Enfield Classic 350cc,Royal Enfield,4,350,900,1,Jalandhar,123000
Royal Enfield Bullet Electra 350cc,Royal Enfield,14,350,70000,1,Noida,62000
Yamaha YZF-R15 2.0 150cc,Yamaha,7,150,14180,1,Bangalore,82000
Honda CB Shine 125cc,Honda,9,125,26453,1,Ahmedabad,24500
Yamaha FZ S V 2.0 150cc Rear Disc,Yamaha,3,150,9107,1,Delhi,59300
Hero Glamour 125cc,Hero,7,125,35000,1,Bhubaneshwar,41000
Yamaha FZ S V 2.0 150cc,Yamaha,3,150,6300,1,Ludhiana,80000
Royal Enfield Classic 500cc,Royal Enfield,7,500,10100,2,Gurgaon,93500
Bajaj V15 150cc,Bajaj,4,150,6336,1,Ludhiana,43000
KTM RC 390cc,KTM,6,390,4981,1,Kanpur,150000
Bajaj Discover 100cc,Bajaj,9,100,25431,1,Ahmedabad,22500
Bajaj Avenger Street 180,Bajaj,3,180,15000,1,Delhi,69000
Bajaj Pulsar NS200,Bajaj,3,200,6500,1,Delhi,75800
TVS Star City Plus 110cc,TVS,9,110,22000,1,Delhi,30000
Benelli TNT 300,Benelli,6,300,17300,1,Kolhapur,225000
Harley-Davidson Street 750,Harley-Davidson,7,750,7400,1,Mumbai,355000
TVS Apache RTR 160cc,TVS,5,160,14000,1,Delhi,58000
Bajaj Avenger Street 150,Bajaj,5,150,10300,1,Patiala,60000
Suzuki Intruder 150cc,Suzuki,3,150,16000,1,Ranchi,75200
Royal Enfield Classic 350cc,Royal Enfield,4,350,6200,1,Bangalore,130000
Bajaj Pulsar 180cc,Bajaj,9,180,20000,1,Delhi,26900
KTM Duke 200cc,KTM,4,200,15000,1,Bangalore,145000
KTM RC 390cc,KTM,6,390,8000,1,Mumbai,154000
Harley-Davidson Street 750,Harley-Davidson,5,750,5000,1,Delhi,350000
Royal Enfield Classic 350cc,Royal Enfield,6,350,20000,1,Kanpur,105000
BMW G 310 R,BMW,3,310,8500,1,Mumbai,260000
Royal Enfield Bullet Electra 350cc,Royal Enfield,6,350,20000,1,Delhi,89900
Hero Passion Pro 100cc,Hero,7,100,16000,1,Delhi,25000
KTM Duke 390cc,KTM,3,390,12500,1,Pune,220000
KTM RC 390cc,KTM,5,390,11500,1,Mumbai,150000
Honda CBR 150R 150cc,Honda,6,150,21000,2,Mumbai,60000
Royal Enfield Thunderbird 500cc,Royal Enfield,7,500,37000,1,Noida,110000
Honda CB Trigger 150cc,Honda,8,150,25868,1,Satara,42000
Yamaha YZF-R15 150cc,Yamaha,4,150,4508,1,Mumbai,106000
Bajaj Pulsar 150cc,Bajaj,10,150,17501,1,Pune,34000
Honda CB Hornet 160R CBS,Honda,5,160,25000,1,Siwan,55000
Kawasaki Ninja 650 KRT Edition,Kawasaki,3,650,12000,1,Hyderabad,526300
Bajaj Platina 100cc ComforTec Alloy,Bajaj,4,100,15800,1,Gurgaon,41000
Benelli TNT R 1130cc,Benelli,4,1130,2900,1,Nagpur,785000
Honda CB Shine 125cc,Honda,6,125,42554,1,Delhi,22000
KTM Duke 390cc,KTM,4,390,12000,1,Pune,165147
Royal Enfield Classic 350cc,Royal Enfield,8,350,13140,1,Delhi,90000
KTM RC 200cc,KTM,5,200,9500,1,Mumbai,140000
Honda CB Unicorn Dazzler 150cc,Honda,10,150,134200,1,Gurgaon,16800
Royal Enfield Thunderbird 350cc,Royal Enfield,7,350,11000,1,Mumbai,70000
Suzuki Gixxer SF 150cc,Suzuki,6,150,29451,1,Delhi,58000
Hero Splendor Plus 100cc,Hero,8,100,21884,2,Pune,32000
Hyosung GT650R,Hyosung,8,650,16150,2,Dadra & Nagar Haveli,230000
TVS Apache RTR 160 4V DISC ABS,TVS,2,160,1050,1,Delhi,91800
Royal Enfield Classic Chrome 500cc,Royal Enfield,9,500,10544,1,Mumbai,119000
Hero Splendor Plus 100cc,Hero,7,100,30000,1,Rajkot,23000
KTM Duke 390cc,KTM,3,390,6013,1,Hyderabad,210000
Bajaj Avenger Street 150,Bajaj,5,150,17000,1,Delhi,43000
Bajaj Pulsar 220F,Bajaj,7,220,5800,1,Delhi,45000
Hero Passion Pro 100cc,Hero,5,100,6500,1,Thane,42000
Benelli TNT 600 GT,Benelli,3,600,10800,1,Ahmedabad,440000
KTM Duke 200cc,KTM,5,200,6282,1,Pune,72250
Honda CBF Stunner 125cc,Honda,9,125,40000,1,Bhiwani,18200
Hyosung GT650R,Hyosung,6,650,5000,1,Nashik,395000
Hyosung GT250R,Hyosung,7,250,2881,1,Delhi,140000
Yamaha YZF-R1 1000cc,Yamaha,13,1000,14200,1,Bangalore,700000
Hero Xtreme 200R,Hero,3,200,3490,1,Mumbai,72000
Yamaha FZ16 150cc,Yamaha,11,150,39859,1,Hyderabad,18000
Ducati Diavel 1200cc,Ducati,5,1200,4400,2,Coimbatore,1000000
Triumph Speed Triple 1050cc,Triumph,4,1050,9500,1,Koppal,750000
Honda CB Unicorn 150cc,Honda,9,150,9000,1,Noida,29000
Royal Enfield Classic 350cc,Royal Enfield,5,350,11795,1,Pune,120000
Suzuki Hayabusa 1300cc,Suzuki,4,1300,17000,1,Jaipur,1260000
Indian Scout Bobber 1130cc,Indian,3,1130,172,1,Nagpur,700000
Bajaj V15 150cc POWER UP,Bajaj,2,150,26000,1,Mumbai,35000
Royal Enfield Classic 350cc,Royal Enfield,4,350,14000,1,Delhi,115000
Hero Passion Pro 100cc,Hero,8,100,20000,1,Ghaziabad,25000
Royal Enfield Classic Gunmetal Grey 350cc,Royal Enfield,3,350,5700,1,Delhi,143500
Royal Enfield Classic 350cc,Royal Enfield,4,350,10000,1,Delhi,118000
Royal Enfield Classic 350cc,Royal Enfield,3,350,6300,1,Delhi,129500
Yamaha FZ25 ABS 250cc,Yamaha,2,250,7253,1,Bangalore,138000
Bajaj Avenger 220cc,Bajaj,4,220,19333,1,Bangalore,63000
Jawa Standard 295CC,Jawa,2,295,1255,1,Bangalore,200000
Yamaha FZs 150cc,Yamaha,3,150,45,1,Delhi,77500
Royal Enfield Classic 350cc,Royal Enfield,6,350,32158,1,Delhi,99000
Bajaj Platina 100cc,Bajaj,4,100,29858,1,Delhi,27000
Bajaj Avenger 220cc,Bajaj,6,220,27000,1,Delhi,44000
Bajaj Pulsar 150cc,Bajaj,13,150,70251,1,Bangalore,28000
Yamaha SZR 150cc,Yamaha,9,150,19000,1,Delhi,22000
Bajaj Platina 100cc,Bajaj,10,100,23420,1,Delhi,19000
KTM RC 200cc,KTM,5,200,22000,1,Bangalore,126999
TVS Star Sport 100cc,TVS,8,100,41000,1,Hyderabad,25000
Bajaj Pulsar NS200 ABS,Bajaj,3,200,12500,1,Mumbai,90000
Honda CB Hornet 160R STD,Honda,2,160,800,1,Mumbai,89000
Bajaj Pulsar 150cc,Bajaj,5,150,13935,1,Bangalore,47000
Bajaj Dominar 400 ABS,Bajaj,4,400,12000,1,Delhi,119500
Royal Enfield Classic 350cc,Royal Enfield,3,350,20000,1,Mumbai,130000
Bajaj Avenger Street 220,Bajaj,4,220,11500,1,Delhi,62000
Bajaj Avenger Street 180,Bajaj,3,180,7000,1,Delhi,70000
Bajaj Discover 100M,Bajaj,7,100,21447,1,Bangalore,31000
Bajaj CT 100 100cc,Bajaj,3,100,15000,1,Delhi,41500
Hero Splendor Plus Self Alloy 100cc,Hero,3,100,9000,1,Delhi,52500
TVS Apache RTR 160cc,TVS,6,160,2980,1,Delhi,36000
Honda CB Shine 125cc,Honda,5,125,17600,1,Nizamabad,40000
Hyosung Aquila 250 250cc,Hyosung,6,250,5000,1,Mumbai,160000
Kawasaki Z650,Kawasaki,3,650,12000,1,Mumbai,470000
TVS Apache RTR 160 4V DISC ABS,TVS,2,160,3000,1,Delhi,89000
Bajaj Pulsar 150cc,Bajaj,9,150,26840,1,Bangalore,34000
Yamaha YZF-R15 V3 150cc,Yamaha,3,150,4000,1,Ludhiana,112000
Honda CB Trigger 150cc,Honda,7,150,35000,1,Gurgaon,27000
Hero Passion Pro 100cc,Hero,8,100,28000,1,Delhi,25000
Suzuki Gixxer SF 150cc,Suzuki,6,150,16000,1,Delhi,39100
Bajaj Pulsar 220F,Bajaj,5,220,11500,2,Delhi,58500
Royal Enfield Classic 350cc,Royal Enfield,6,350,20556,1,Madurai,126000
Hero Hunk 150cc,Hero,5,150,40500,1,Chennai,45000
Bajaj V15 150cc,Bajaj,5,150,13000,1,Delhi,48000
Bajaj V15 150cc,Bajaj,5,150,30000,1,Delhi,44800
Bajaj Discover 135cc,Bajaj,14,135,39450,1,Ghaziabad,20300
Bajaj Avenger Street 150,Bajaj,5,150,18500,1,Rohtak,62000
Hero Karizma ZMR 223cc,Hero,8,223,23695,1,Wardha,45000
Bajaj V15 150cc,Bajaj,5,150,33000,1,Delhi,45000
Hero CD Dawn 100cc,Hero,9,100,50000,1,Gurgaon,16000
Honda CB Trigger 150cc,Honda,8,150,21000,1,Delhi,43300
Royal Enfield Classic 500cc,Royal Enfield,5,500,18100,1,Delhi,135000
TVS Apache RTR 200 4V Fi,TVS,5,200,9761,2,Delhi,70000
Hero Karizma ZMR 223cc,Hero,5,223,14000,1,Pune,75700
Royal Enfield Thunderbird 500cc,Royal Enfield,8,500,28500,1,Bangalore,110000
Bajaj Pulsar RS200 ABS,Bajaj,6,200,11000,1,Pune,95000
Yamaha FZ16 150cc,Yamaha,12,150,100000,1,Kota,28000
Royal Enfield Classic 350cc,Royal Enfield,5,350,13000,1,Delhi,113000
Honda CB Trigger 150cc,Honda,7,150,40600,1,Faridabad,40000
Honda Dream Yuga 110cc,Honda,7,110,52345,1,Chennai,24000
Bajaj Pulsar RS200 ABS,Bajaj,4,200,22500,1,Nadiad,101300
Hero Ignitor Disc 125cc,Hero,8,125,33000,1,Delhi,28000
Bajaj V15 150cc,Bajaj,4,150,500,1,Bhopal,57000
Bajaj Pulsar RS200,Bajaj,4,200,13800,2,Ujjain,89100
Royal Enfield Bullet Twinspark 350cc,Royal Enfield,5,350,5000,1,Delhi,108000
TVS Apache RTR 200 4V ABS,TVS,3,200,7500,1,Delhi,93000
Bajaj Avenger Street 150,Bajaj,5,150,8000,1,Delhi,54000
Royal Enfield Bullet Electra Twinspark 350cc,Royal Enfield,4,350,1403,1,Faridabad,119000
Hero Passion 100cc,Hero,16,100,30000,1,Visakhapatnam,21100
Bajaj Avenger Street 220,Bajaj,4,220,5399,1,Bangalore,75000
Bajaj Pulsar 135LS,Bajaj,13,135,40000,1,Ludhiana,22000
Bajaj Pulsar NS200,Bajaj,4,200,10922,1,Chennai,79999
Suzuki Gixxer SF Fi 150cc,Suzuki,4,150,6000,1,Thane,85000
Suzuki Gixxer 150cc,Suzuki,4,150,4500,1,Ghaziabad,52200
Bajaj V15 150cc,Bajaj,5,150,27098,1,Coimbatore,48000
Royal Enfield Classic 350cc,Royal Enfield,6,350,14164,1,Vadodara,120000
Royal Enfield Classic 350cc,Royal Enfield,4,350,16562,1,Gurgaon,120000
Hero CD Deluxe 100cc,Hero,9,100,21017,1,Kota,29500
Hero Splendor Plus Self Alloy 100cc,Hero,2,100,2800,1,Palakkad,51300
Hero Passion Pro 100cc,Hero,5,100,3000,1,Tiruvallur,35242
Bajaj Avenger 220cc,Bajaj,7,220,20000,1,Mumbai,65000
KTM RC 200cc,KTM,6,200,26000,1,Ghaziabad,110000
Bajaj Pulsar AS200,Bajaj,5,200,25000,1,Panchkula,70000
Bajaj Avenger Cruise 220,Bajaj,4,220,5800,1,Jalandhar,68000
Hero Passion Xpro 110cc,Hero,8,110,26000,1,Nanjangud,30000
TVS Sport 100cc,TVS,5,100,8000,1,Jhansi,30000
Yamaha FZ25 250cc,Yamaha,4,250,9700,1,Chennai,108000
Bajaj Dominar 400 ABS,Bajaj,4,400,3300,1,Chennai,150000
Royal Enfield Thunderbird 500cc,Royal Enfield,4,500,9200,1,Thane,174600
Honda CB Trigger 150cc,Honda,7,150,44020,1,Delhi,33000
Bajaj Pulsar RS200,Bajaj,6,200,7000,1,Delhi,91500
Bajaj Pulsar RS200,Bajaj,6,200,10000,1,Delhi,94500
Bajaj Pulsar RS200,Bajaj,6,200,17000,1,Mumbai,80000
Suzuki Intruder SP 150cc,Suzuki,3,150,12000,1,Sonipat,90000
Bajaj Discover 125ST,Bajaj,8,125,31000,1,Faridabad,26900
Royal Enfield Bullet Electra 350cc,Royal Enfield,9,350,21496,1,Faridabad,72378
Royal Enfield Bullet Twinspark 350cc,Royal Enfield,4,350,9000,1,Jalandhar,110000
Bajaj Discover 100cc,Bajaj,7,100,52018,1,Puttur,17500
Yamaha YZF-R3 320cc,Yamaha,3,320,16000,1,Delhi,308000
Bajaj Dominar 400 ABS,Bajaj,3,400,7000,1,Chennai,150800
Bajaj Pulsar 150cc,Bajaj,4,150,15558,1,Chennai,55000
Bajaj Pulsar RS200 ABS,Bajaj,6,200,5700,1,Bangalore,110000
Royal Enfield Classic 500cc,Royal Enfield,7,500,28000,1,Mumbai,120000
TVS Apache RR310,TVS,3,310,6550,1,Nagpur,199999
Yamaha YZF-R15 2.0 150cc,Yamaha,6,150,35000,2,Delhi,58000
Hero Passion Xpro 110cc,Hero,6,110,28329,1,Hoshiarpur,32000
Bajaj Discover 150cc,Bajaj,7,150,26000,1,Delhi,31500
Bajaj Discover 150cc,Bajaj,9,150,40000,1,Bangalore,21000
Hero Passion Plus 100cc,Hero,12,100,22500,1,Ludhiana,20000
Honda CB Shine 125cc,Honda,3,125,3840,1,Delhi,52000
TVS Apache RTR 200 4V ABS,TVS,3,200,2684,1,Delhi,90000
Royal Enfield Classic 350cc-Redditch Edition Dual Disc,Royal Enfield,3,350,7050,1,Bangalore,154900
Royal Enfield Thunderbird 350cc,Royal Enfield,4,350,33000,1,Bangalore,125000
Yamaha YZF-R15 V3 150cc,Yamaha,3,150,24500,1,Chennai,95000
Bajaj V15 150cc,Bajaj,4,150,25000,1,Noida,51900
TVS Apache RTR 160cc,TVS,5,160,34400,1,Delhi,40000
Bajaj Dominar 400 ABS,Bajaj,3,400,25000,1,Ahmedabad,130000
Honda CBR 150R 150cc,Honda,9,150,30000,1,Gohana,60000
Royal Enfield Classic 350cc,Royal Enfield,5,350,3000,1,Delhi,133600
Honda CB Shine 125cc,Honda,11,125,36000,1,Hyderabad,28000
Hero Splendor Plus 100cc,Hero,9,100,30000,1,Jhansi,20600
Royal Enfield Classic 350cc,Royal Enfield,6,350,25000,1,Bangalore,112000
TVS Apache RTR 160cc,TVS,6,160,20000,1,Bangalore,55000
Honda Livo 110cc,Honda,5,110,14168,1,Bikaner,40000
Hero CBZ 150cc,Hero,10,150,50000,1,Jaipur,21000
Suzuki Gixxer SF Fi 150cc,Suzuki,4,150,3200,1,Pune,84000
KTM Duke 390cc,KTM,5,390,10500,1,Thane,160000
TVS Apache RTR 160 4V Disc,TVS,2,160,20194,1,Gautam Buddha Nagar,74700
Yamaha FZS FI 150cc,Yamaha,4,150,20559,1,Ludhiana,48600
Honda CB Unicorn 160 STD,Honda,5,160,53000,1,Delhi,39300
Suzuki GS 150 R 150cc,Suzuki,9,150,53000,1,Durgapur,26900
Royal Enfield Machismo 500cc,Royal Enfield,12,500,48000,1,Mumbai,100000
Yamaha FZ25 250cc,Yamaha,4,250,13000,1,Delhi,85000
Hero CBZ Xtreme 150cc,Hero,10,150,46700,1,Bangalore,30000
Yamaha SZ RR V 2.0 150cc,Yamaha,4,150,10000,1,Noida,61000
Yamaha YZF-R15 2.0 150cc,Yamaha,4,150,28261,1,Ahmedabad,69825
Royal Enfield Bullet Electra Twinspark 350cc,Royal Enfield,6,350,23399,3,Palwal,85000
Bajaj Discover 135cc,Bajaj,11,135,38576,1,Ahmedabad,20000
Hero CBZ Xtreme 150cc,Hero,10,150,22000,1,Vadodara,23500
Suzuki Gixxer 150cc,Suzuki,6,150,40997,1,Chatrapur,60000
Yamaha YZF-R15 2.0 150cc,Yamaha,5,150,39000,1,Delhi,75000
Yamaha FZ S V 2.0 150cc-Ltd. Edition,Yamaha,4,150,16980,2,Faridabad,68900
TVS Apache RTR 200 4V Fi,TVS,5,200,35958,1,Delhi,59999
Yamaha FZ V 2.0 150cc,Yamaha,3,150,15000,1,Delhi,65000
Hyosung GT250R,Hyosung,7,250,11439,1,Mumbai,183000
TVS Apache RTR 180cc ABS,TVS,5,180,12500,1,Howrah,66400
Honda CB Shine 125cc,Honda,8,125,56423,1,Ahmedabad,31500
Royal Enfield Classic 350cc,Royal Enfield,3,350,11200,1,Delhi,130000
Bajaj Pulsar RS200 ABS,Bajaj,4,200,11760,1,Jaipur,100000
TVS Apache RTR 160cc,TVS,10,160,22000,1,Delhi,26500
Hero Honda Splendor 100cc,Hero,10,100,24121,1,Mumbai,23000
Hero Xtreme 200R,Hero,2,200,1112,1,Faridabad,66000
Yamaha YZF-R15 2.0 150cc,Yamaha,6,150,13000,1,Delhi,75000
KTM RC 200cc ABS,KTM,2,200,4600,1,Jind,170000
Bajaj Pulsar 150cc,Bajaj,6,150,22000,1,Mumbai,45000
Honda Dream Neo 110cc,Honda,3,110,9000,1,Delhi,36500
TVS Apache RTR 160cc,TVS,7,160,43000,1,Hyderabad,40200
Bajaj Discover 150cc,Bajaj,7,150,22141,1,Gurgaon,16000
Bajaj Discover 135cc,Bajaj,13,135,89748,1,Delhi,19784
Yamaha YZF-R15 V3 150cc,Yamaha,3,150,4200,1,Delhi,110900
Royal Enfield Classic 350cc,Royal Enfield,3,350,9000,1,Delhi,135000
Honda CB Hornet 160R Special Edition STD,Honda,4,160,9500,1,Chennai,72500
Bajaj Platina  Alloy ES-100cc,Bajaj,4,100,14000,1,Delhi,33000
Bajaj Pulsar RS200,Bajaj,6,200,13000,1,Delhi,94300
Bajaj Pulsar 220F,Bajaj,11,220,35000,1,Sonipat,22000
Honda CBR 150R Deluxe,Honda,4,150,23500,1,Navi Mumbai,110000
KTM RC 200cc,KTM,7,200,25000,1,Rajkot,118000
Bajaj Platina 100cc,Bajaj,11,100,39525,1,Delhi,14800
Royal Enfield Thunderbird 350cc,Royal Enfield,3,350,2000,1,Hubli,133700
Hero Ignitor 125cc,Hero,6,125,25000,2,Jhansi,23000
Bajaj Pulsar 200cc,Bajaj,10,200,20000,1,Panipat,20000
Royal Enfield Classic 350cc,Royal Enfield,6,350,25000,1,Jaipur,115000
Bajaj Discover 125ST,Bajaj,9,125,20000,1,Bharatpur,18500
Bajaj Dominar 400 ABS,Bajaj,3,400,4000,1,Bangalore,170000
Royal Enfield Classic 350cc,Royal Enfield,4,350,7500,1,Delhi,114000
Hero Splendor iSmart 110cc,Hero,5,110,9500,1,Vellore,36000
Royal Enfield Thunderbird 350cc,Royal Enfield,5,350,26000,1,Delhi,98000
Bajaj V15 150cc,Bajaj,5,150,17000,1,Ambala,50000
Royal Enfield Classic 350cc,Royal Enfield,5,350,14640,1,Ludhiana,117000
TVS Star Sport 100cc,TVS,5,100,12340,1,Ghaziabad,26000
Royal Enfield Bullet Twinspark 350cc,Royal Enfield,6,350,13000,1,Delhi,87500
Bajaj Pulsar RS200,Bajaj,5,200,17252,1,Bangalore,82000
Hero Ignitor Disc 125cc,Hero,5,125,12699,1,Kolkata,45000
Bajaj Pulsar 150cc,Bajaj,11,150,87000,1,Delhi,20400
Kawasaki Ninja 300cc,Kawasaki,4,300,1710,1,Delhi,355100
Kawasaki Ninja 300 ABS,Kawasaki,2,300,6000,1,Navi Mumbai,310000
Royal Enfield Classic 350cc,Royal Enfield,6,350,5100,1,Ahmedabad,120000
Honda CB Shine 125cc,Honda,4,125,15583,1,Ahmedabad,52000
Bajaj Pulsar 150cc Rear Disc,Bajaj,3,150,26000,1,Delhi,67000
Royal Enfield Himalayan 410cc Fi ABS,Royal Enfield,2,410,200,1,Guwahati,180000
Hero Splendor NXG 100cc,Hero,9,100,28938,1,Gurgaon,22000
Honda Dream Yuga 110cc,Honda,9,110,18438,1,Gurgaon,20000
Bajaj Dominar 400 ABS,Bajaj,2,400,6000,1,Mumbai,195000
Royal Enfield Thunderbird 350cc,Royal Enfield,5,350,18000,1,Mumbai,101900
Royal Enfield Classic 350cc,Royal Enfield,6,350,27000,1,Delhi,108000
Honda CB Unicorn 160 STD,Honda,5,160,17000,1,Delhi,45000
Royal Enfield Thunderbird 500cc,Royal Enfield,8,500,12000,1,Delhi,90000
KTM RC 390cc,KTM,6,390,21000,1,Gangtok,150000
Hero Achiever Disc 150cc,Hero,4,150,13400,1,Rajahmundry,45000
Yamaha SZ-RR 150cc,Yamaha,5,150,30000,2,Faridabad,35000
TVS Apache RTR 200 4V Carburetor Race Edition 2.0,TVS,3,200,14500,1,Delhi,78000
Bajaj Discover 125ST,Bajaj,8,125,28000,1,Jhansi,21700
Bajaj Pulsar 150cc,Bajaj,8,150,28000,1,Jhansi,21800
Honda CBR 150R 150cc,Honda,8,150,12000,1,Delhi,65500
Royal Enfield Thunderbird 350cc ABS,Royal Enfield,2,350,2382,1,Delhi,175000
KTM Duke 200cc,KTM,6,200,27800,1,Tiruchirappalli,95000
Yamaha YZF-R15 S 150cc,Yamaha,6,150,5800,1,Delhi,89025
Royal Enfield Thunderbird 500cc,Royal Enfield,5,500,5103,1,Chennai,140000
KTM Duke 125cc,KTM,2,125,2476,1,Gautam Buddha Nagar,145000
Bajaj Pulsar AS150,Bajaj,5,150,6750,1,Bangalore,63647
KTM Duke 200cc,KTM,6,200,31000,1,Belgaum,90000
Royal Enfield Thunderbird 350cc,Royal Enfield,8,350,6500,1,Surat,89000
Bajaj V15 150cc,Bajaj,4,150,2525,1,Delhi,44000
Royal Enfield Classic 500cc,Royal Enfield,9,500,37654,2,Gurgaon,82000
Harley-Davidson Street 750 ABS,Harley-Davidson,4,750,22000,1,Thane,386000
Hero CBZ Xtreme 150cc,Hero,10,150,25000,1,Delhi,19000
Bajaj V15 150cc,Bajaj,5,150,7845,1,Delhi,52000
Yamaha FZ25 250cc,Yamaha,4,250,9000,1,Nagpur,115204
KTM RC 390cc,KTM,6,390,15000,1,Jaipur,147000
Bajaj Pulsar 150cc Rear Disc ABS,Bajaj,2,150,2500,1,Balaghat,85000
Bajaj Discover 125ST,Bajaj,9,125,50000,1,Kolkata,33000
Hero Passion Pro 100cc,Hero,12,100,49660,1,Delhi,18600
Bajaj Discover 100cc,Bajaj,10,100,18000,1,Ludhiana,20000
Bajaj Pulsar NS160,Bajaj,4,160,51000,1,Jatani,48000
Royal Enfield Classic 350cc,Royal Enfield,8,350,3000,1,Gurgaon,101500
Yamaha YZF-R15 2.0 150cc,Yamaha,9,150,33000,1,Chennai,61400
Royal Enfield Classic Chrome 500cc,Royal Enfield,4,500,5200,1,Howrah,140000
Yamaha FZs 150cc,Yamaha,10,150,20000,1,Ghaziabad,27800
KTM Duke 250cc ABS,KTM,2,250,7976,1,Faridabad,175000
Royal Enfield Bullet Twinspark 350cc,Royal Enfield,5,350,17000,1,Gurgaon,110000
Harley-Davidson Street 750,Harley-Davidson,6,750,6500,1,Delhi,380000
Bajaj Pulsar 200 NS 200cc,Bajaj,7,200,28100,1,Surat,53200
Honda CBR 250R,Honda,8,250,21000,1,Asansol,65000
Bajaj Avenger Cruise 220,Bajaj,3,220,20500,1,Chennai,69600
Bajaj Pulsar 220cc,Bajaj,4,220,50000,1,Kolkata,72000
Mahindra Mojo Tourer Edition 300cc,Mahindra,3,300,8000,1,Delhi,175000
Hero Passion Pro 100cc,Hero,8,100,22000,1,Delhi,35000
TVS Star Sport 100cc,TVS,5,100,12000,1,Jhansi,22900
Yamaha Gladiator 125cc,Yamaha,14,125,48568,1,Pune,19000
KTM RC 390cc,KTM,4,390,9900,1,Delhi,213300
Royal Enfield Classic 350cc,Royal Enfield,4,350,15000,2,Delhi,115700
Hero Splendor iSmart 110cc,Hero,5,110,4894,1,Bilaspur,45000
KTM Duke 390cc,KTM,3,390,12000,1,Mumbai,200000
KTM Duke 390cc,KTM,3,390,4500,1,Mumbai,210000
Yamaha YZF-R15 2.0 150cc,Yamaha,6,150,29000,1,Thanjavur,78000
Mahindra Mojo 300cc,Mahindra,5,300,35000,1,Gurgaon,115000
Honda CBR 150R 150cc,Honda,6,150,15252,1,Vadodara,60000
Bajaj V15 150cc,Bajaj,4,150,19500,2,Kolkata,41000
Bajaj Pulsar 180cc,Bajaj,9,180,41016,1,Bangalore,35000
Bajaj Pulsar 220cc,Bajaj,5,220,15112,1,Coimbatore,65000
Bajaj Pulsar RS200,Bajaj,5,200,12300,1,Vadodara,110000
Royal Enfield Classic 350cc,Royal Enfield,6,350,46026,1,Gurgaon,110000
Hero Karizma R 223cc,Hero,14,223,101250,3,Bangalore,27000
Honda Dream Yuga 110cc,Honda,7,110,25000,1,Delhi,26000
Hero Passion Pro i3S Alloy 100cc,Hero,5,100,15823,1,Ludhiana,30100
Hero Passion Plus 100cc,Hero,15,100,49000,1,Raigarh(mh),10669
Hero Splendor Plus 100cc,Hero,13,100,26000,1,Mandi Dabwali,23500
Honda CB Shine 125cc,Honda,6,125,18110,1,Jaipur,37000
Bajaj Pulsar RS200,Bajaj,6,200,39000,1,Faridabad,90000
Royal Enfield Thunderbird X 350cc ABS,Royal Enfield,2,350,1650,1,Vadodara,155000
Bajaj Pulsar NS 200,Bajaj,7,200,49000,2,Basti,41300
TVS Apache RTR 160cc,TVS,4,160,28454,2,Delhi,43000
Hero Xtreme 150cc,Hero,8,150,17000,1,Delhi,25300
Bajaj Pulsar NS160,Bajaj,3,160,7200,1,Delhi,65000
Bajaj Pulsar RS200 ABS,Bajaj,5,200,18000,1,Bangalore,121700
Bajaj Platina 100cc,Bajaj,9,100,25000,1,Gurgaon,18000
Hero Karizma R 223cc,Hero,11,223,29000,1,Delhi,24300
Bajaj Boxer CT100,Bajaj,17,100,50000,1,Bolpur,18000
Bajaj V15 150cc,Bajaj,5,150,15327,1,Delhi,42000
Yamaha FZ25 250cc,Yamaha,2,250,10468,1,Jaipur,105000
Yamaha YZF-R15 2.0 150cc,Yamaha,7,150,37000,1,Aligarh,60000
Royal Enfield Bullet 350cc,Royal Enfield,15,350,55,2,Balrampur,99999
Hero Passion Pro 100cc,Hero,4,100,8191,1,Bilaspur,50000
Hero CBZ Xtreme 150cc,Hero,6,150,40000,1,Varanasi,40000
Bajaj Platina 100cc,Bajaj,9,100,30000,1,Vadodara,20500
Hero Splendor iSmart 110cc,Hero,5,110,16278,1,Faridabad,31000
Bajaj Pulsar 150cc,Bajaj,9,150,98581,1,Faridabad,19000
Bajaj Discover 125cc,Bajaj,9,125,16206,1,Faridabad,19000
Bajaj Pulsar NS200,Bajaj,9,200,27000,1,Delhi,45000
Bajaj Dominar 400 ABS,Bajaj,4,400,3297,1,Delhi,137000
Bajaj Dominar 400,Bajaj,4,400,12000,1,Delhi,114000
Hero Passion Pro 100cc,Hero,6,100,23000,1,Delhi,30000
Bajaj Discover 100cc,Bajaj,6,100,16954,1,Ghaziabad,25000
TVS Sport 100cc,TVS,3,100,8048,1,Delhi,34000
Yamaha YZF-R15 V3 150cc,Yamaha,3,150,1954,1,Faridabad,115000
Hero Splendor Plus 100cc,Hero,9,100,23039,1,Gurgaon,21000
Bajaj Platina  Alloy ES-100cc,Bajaj,3,100,15059,1,Faridabad,30000
Royal Enfield Classic 350cc,Royal Enfield,6,350,21000,1,Delhi,105000
Royal Enfield Standard 500cc,Royal Enfield,7,500,9700,1,Delhi,102000
Royal Enfield Classic 350cc,Royal Enfield,7,350,8000,1,Delhi,90000
Honda CB Shine 125cc,Honda,9,125,22422,1,Jaipur,30500
Honda Dream Yuga 110cc,Honda,8,110,61743,1,Jaipur,30000
Bajaj V15 150cc,Bajaj,4,150,4900,1,Surat,60000
Bajaj Pulsar RS200 ABS,Bajaj,5,200,21700,1,Ratnagiri,80000
Royal Enfield Thunderbird 500cc,Royal Enfield,5,500,15000,2,Noida,87550
Hyosung Aquila Pro GV650,Hyosung,5,650,2400,1,Pune,400000
Hero Splendor iSmart 110cc,Hero,4,110,7830,1,Delhi,35000
Bajaj Avenger Street 220,Bajaj,5,220,3500,1,Muktsar,55000
Royal Enfield Thunderbird 500cc,Royal Enfield,3,500,9500,1,Mumbai,180000
Royal Enfield Classic 500cc Dual Disc,Royal Enfield,3,500,16786,1,Mumbai,175000
Royal Enfield Thunderbird 500cc,Royal Enfield,4,500,5192,1,Mumbai,155000
Bajaj V15 150cc,Bajaj,4,150,30000,1,Bangalore,42000
Royal Enfield Bullet 350cc,Royal Enfield,5,350,39000,1,Baran,92200
Royal Enfield Thunderbird 350cc ABS,Royal Enfield,2,350,7300,1,Haldwani,148000
TVS Star City Plus 110cc,TVS,5,110,79685,1,Howrah,22918
Bajaj Pulsar 150cc,Bajaj,12,150,12800,1,Delhi,15000
Bajaj Dominar 400,Bajaj,4,400,14000,2,Delhi,110000
Royal Enfield Thunderbird X 350cc,Royal Enfield,3,350,5800,1,Hyderabad,160000
Bajaj V15 150cc,Bajaj,5,150,14500,1,Thiruvananthapuram,40000
Hero Splendor Plus 100cc,Hero,13,100,6957,1,Ahmednagar,23000
Yamaha Fazer 150cc,Yamaha,6,150,42816,1,Mumbai,33000
Bajaj Pulsar AS150,Bajaj,5,150,30000,1,Delhi,45000
Bajaj Pulsar 180cc,Bajaj,12,180,55239,1,Ghaziabad,13500
KTM Duke 200cc,KTM,9,200,16000,3,Delhi,61000
TVS Sport 100cc,TVS,5,100,10000,1,Gurgaon,24000
TVS Sport 100cc,TVS,4,100,21539,1,Gurgaon,25000
Honda CB Shine 125cc,Honda,7,125,25000,1,Jhansi,25600
Honda CBR 150R 150cc,Honda,7,150,34000,1,Indore,70000
Suzuki V-Strom 1000cc,Suzuki,7,1000,7200,1,Delhi,699000
Bajaj Avenger Street 150,Bajaj,5,150,19443,1,Pune,63000
Royal Enfield Thunderbird 350cc ABS,Royal Enfield,2,350,12000,1,Ahmedabad,155000
Bajaj Dominar 400,Bajaj,4,400,18000,1,Bangalore,123100
KTM RC 200cc,KTM,5,200,11850,1,Bangalore,120000
Yamaha YZF-R15 V3 150cc,Yamaha,3,150,16000,1,Bangalore,115600
Royal Enfield Classic 350cc,Royal Enfield,3,350,18348,1,Chandigarh,165000
Yamaha FZ16 150cc,Yamaha,8,150,14836,1,Mumbai,40000
Bajaj Dominar 400 ABS,Bajaj,3,400,17000,1,Mumbai,135000
KTM RC 125CC,KTM,1,125,100,1,Bhopal,178000
Bajaj Pulsar RS200 ABS,Bajaj,6,200,16500,1,Gurgaon,90000
Hero CBZ Xtreme 150cc,Hero,10,150,9500,1,Delhi,21000
Bajaj Boxer CT100,Bajaj,18,100,21311,1,Delhi,11000
Bajaj Pulsar RS200,Bajaj,5,200,20000,1,Hyderabad,88000
Benelli TNT 300,Benelli,5,300,27000,1,Delhi,245500
TVS Apache RTR 160cc,TVS,4,160,16056,1,Delhi,57000
Suzuki Gixxer SF 250cc ABS,Suzuki,2,250,5862,1,Delhi,155000
Harley-Davidson 1200 Custom,Harley-Davidson,4,1200,1470,1,Hyderabad,1000000
Honda Dream Yuga 110cc CBS,Honda,2,110,8351,1,Ahmedabad,55000
Bajaj Avenger Cruise 220,Bajaj,5,220,10800,1,Gurgaon,59000
Yamaha FZ16 150cc,Yamaha,9,150,28000,1,Delhi,32000
Honda CB Shine 125cc,Honda,3,125,7400,1,Delhi,46000
Yamaha FZs 150cc,Yamaha,8,150,3100,1,Delhi,35273
Hero Splendor Pro 100cc,Hero,7,100,24000,2,Jhansi,22100
Bajaj V15 150cc,Bajaj,5,150,22200,1,Jaipur,38000
Hero Passion Xpro 110cc,Hero,7,110,18377,1,Kota,37000
Suzuki Hayate 110cc,Suzuki,5,110,16257,1,Vadodara,31000
Yamaha Fazer FI V 2.0 150cc,Yamaha,4,150,24581,1,Chennai,60000
Bajaj Pulsar AS150,Bajaj,5,150,9200,1,Chennai,65800
Honda CB Hornet 160R CBS,Honda,4,160,30000,1,Agra,60000
Bajaj Pulsar NS200,Bajaj,3,200,10000,1,Delhi,85000
Bajaj Pulsar NS200,Bajaj,4,200,3400,1,Delhi,75000
Bajaj Avenger 220cc,Bajaj,3,220,14544,1,Faridabad,68000
Royal Enfield Classic 350cc-Redditch Edition,Royal Enfield,4,350,28154,1,Faridabad,86700
Yamaha FZ25 250cc,Yamaha,4,250,13000,1,Faridabad,80000
Hero HF Deluxe 100cc,Hero,4,100,13330,1,Jhansi,32600
Yamaha FZ25 250cc,Yamaha,4,250,20000,1,Chennai,100000
Royal Enfield Thunderbird 350cc,Royal Enfield,6,350,30000,1,Buxar,110000
Honda CB Unicorn 150cc,Honda,4,150,17423,1,Bangalore,60000
Hero HF Deluxe 100cc,Hero,5,100,21358,1,Delhi,30000
Honda CBR 250R,Honda,10,250,42000,1,Mumbai,57473
Bajaj Discover 135cc,Bajaj,11,135,46589,1,Gurgaon,16000
Hero Ignitor 125cc,Hero,6,125,18779,1,Vadodara,32000
Royal Enfield Classic 350cc,Royal Enfield,5,350,17047,1,Faridabad,99000
Hero CBZ Xtreme 150cc,Hero,10,150,80000,2,Pune,34500
TVS Sport 100cc,TVS,5,100,12257,1,Faridabad,22000
Bajaj V15 150cc,Bajaj,5,150,17500,2,Delhi,35500
Bajaj V12 125cc,Bajaj,4,125,15621,1,Delhi,35000
Bajaj Avenger 220cc,Bajaj,8,220,22000,2,Delhi,35000
Yamaha FZ V 2.0 150cc,Yamaha,6,150,19000,2,Delhi,35000
Hero Passion Pro 100cc,Hero,5,100,32567,1,Jaipur,42000
TVS Victor 110cc Disc,TVS,4,110,18000,1,Delhi,33000
TVS Apache RTR 160cc,TVS,5,160,33846,1,Chaksu,47000
Suzuki Gixxer 150cc,Suzuki,6,150,15478,1,Delhi,41000
Bajaj V12 125cc,Bajaj,4,125,28554,1,Gurgaon,36000
Bajaj Pulsar AS150,Bajaj,6,150,73845,1,Pune,55000
Hero HF Deluxe 100cc,Hero,4,100,23105,1,Delhi,32000
TVS Apache RTR 200 4V Carburetor Race Edition 2.0,TVS,2,200,2500,1,Bangalore,93500
Hero Ignitor 125cc,Hero,6,125,34000,1,Aurangabad,35000
Bajaj V15 150cc,Bajaj,5,150,22540,1,Delhi,38700
Yamaha YZF-R15 150cc,Yamaha,4,150,19854,1,Gurgaon,63000
TVS Apache RTR 200 4V FI,TVS,3,200,21483,1,Faridabad,67000
Royal Enfield Classic 350cc,Royal Enfield,7,350,32000,1,Hyderabad,125000
Royal Enfield Classic 350cc,Royal Enfield,5,350,12000,1,Delhi,118000
Honda CB Hornet 160R CBS,Honda,4,160,10741,1,Pune,70000
Bajaj Pulsar 220F,Bajaj,3,220,15009,1,Pune,80000
Hero Splendor iSmart 110cc,Hero,4,110,19851,1,Faridabad,29000
Bajaj Pulsar 180cc,Bajaj,5,180,30000,1,Lucknow,52000
Bajaj Avenger 220cc,Bajaj,8,220,35000,1,Delhi,33085
Honda CB Unicorn 160 CBS,Honda,5,160,27281,1,Delhi,29515
Bajaj Dominar 400,Bajaj,4,400,23000,1,Delhi,119000
Royal Enfield Classic 500cc,Royal Enfield,9,500,6000,1,Bangalore,93000
TVS Apache RTR 160cc,TVS,6,160,21205,1,Rajkot,45000
Royal Enfield Bullet Twinspark 350cc,Royal Enfield,6,350,3311,1,Delhi,104000
Yamaha FZ S V 2.0 150cc,Yamaha,6,150,30578,1,Pune,55000
KTM RC 390cc,KTM,5,390,9868,1,Haridwar,180000
Bajaj Discover 125cc,Bajaj,8,125,13550,1,Delhi,18000
Bajaj Avenger 220cc,Bajaj,10,220,30154,1,Delhi,35000
Royal Enfield Bullet Electra 350cc,Royal Enfield,11,350,22840,1,Gurgaon,65000
Honda CB ShineSP 125cc,Honda,4,125,5500,1,Bharuch,60000
Royal Enfield Classic Stealth Black 500cc,Royal Enfield,3,500,8000,1,Rewari,152000
Royal Enfield Thunderbird 500cc,Royal Enfield,5,500,8554,1,Muvattupuzha,125000
Bajaj Discover 125M,Bajaj,9,125,75000,1,Hyderabad,26000
TVS Apache RTR 200 4V Dual Channel ABS BS6,TVS,1,200,1300,1,Bangalore,130000
Bajaj Discover 100cc,Bajaj,9,100,29500,2,Bhopal,24999
Bajaj Pulsar NS200,Bajaj,3,200,12966,1,Bangalore,79000
Bajaj Pulsar 150cc,Bajaj,12,150,14500,1,Kolkata,35000
Mahindra Centuro 110cc,Mahindra,8,110,37000,1,Kolkata,35000
TVS Apache RTR 160 4V DISC ABS BS6,TVS,1,160,749,1,Jaipur,98000
Royal Enfield Bullet Electra 350cc,Royal Enfield,6,350,7921,1,Ahmedabad,99999
Bajaj Pulsar RS200,Bajaj,6,200,40000,2,Hyderabad,75000
Hero CD Deluxe 100cc,Hero,12,100,36000,2,Jhansi,15200
Bajaj Avenger 220cc,Bajaj,8,220,44400,1,Hyderabad,42000
Honda CB Shine 125cc CBS,Honda,4,125,7500,1,Patna,58000
KTM Duke 125cc,KTM,3,125,1914,1,Belgaum,108000
Bajaj Avenger Street 150,Bajaj,5,150,39500,1,Ghaziabad,37000
KTM Duke 125cc,KTM,2,125,8000,1,Noida,111300
Yamaha YZF-R15 2.0 150cc,Yamaha,4,150,16800,1,Simdega,72300
Hero Splendor Pro 100cc,Hero,10,100,16681,1,Faridabad,21000
TVS Apache RTR 200 4V Carburetor,TVS,4,200,21400,1,Pune,68000
Bajaj Avenger Cruise 220,Bajaj,5,220,35641,1,Bangalore,60000
Bajaj V12 125cc,Bajaj,5,125,46333,1,Pune,38000
Bajaj Pulsar 220cc,Bajaj,7,220,41736,1,Rajkot,38000
Bajaj Pulsar RS200 ABS,Bajaj,6,200,32000,1,Kolkata,80000
BMW G 310 R,BMW,2,310,12872,1,Pune,270000
Royal Enfield Classic 350cc,Royal Enfield,7,350,5000,1,Delhi,85700
Royal Enfield Thunderbird 500cc,Royal Enfield,6,500,48000,1,Kalyan,98000
Bajaj Pulsar NS 200,Bajaj,7,200,29324,1,Faridabad,41000
Suzuki Intruder 150cc,Suzuki,3,150,17772,1,Gorakhpur,70926
KTM Duke 200cc,KTM,2,200,2200,1,Mumbai,155000
Bajaj Discover 100M,Bajaj,7,100,26000,1,Jhansi,20300
Royal Enfield Classic 350cc,Royal Enfield,6,350,8000,1,Delhi,180000
Honda Livo Disc 110cc,Honda,2,110,3700,1,Delhi,54000
Royal Enfield Classic 350cc,Royal Enfield,9,350,20000,1,Delhi,75000
Bajaj Discover 110cc,Bajaj,3,110,7285,1,Faridabad,35000
TVS Apache RR310,TVS,2,310,4400,1,Mumbai,200000
Hero Passion Pro 100cc,Hero,10,100,38554,1,Faridabad,17500
KTM RC 200cc,KTM,2,200,10000,1,Delhi,168000
Royal Enfield Classic 350cc,Royal Enfield,3,350,17931,1,Ghaziabad,140000
Royal Enfield Classic 350cc,Royal Enfield,3,350,2719,1,Faridabad,136000
Royal Enfield Classic 350cc,Royal Enfield,3,350,14878,1,Ghaziabad,135000
Royal Enfield Classic 350cc,Royal Enfield,3,350,16500,1,Delhi,130000
Royal Enfield Classic 350cc,Royal Enfield,4,350,7850,1,Delhi,115000
Suzuki Gixxer SF 150cc ABS,Suzuki,4,150,15000,1,Delhi,60000
Royal Enfield Bullet Twinspark 350cc,Royal Enfield,3,350,4500,1,Delhi,125000
Bajaj Dominar 400 ABS,Bajaj,3,400,9500,1,Singhbhum,142000
TVS Apache RTR 180cc,TVS,4,180,40000,1,Delhi,65000
Bajaj Discover 100cc,Bajaj,10,100,12000,1,Pune,26000
Hero Splendor Pro 100cc,Hero,8,100,23500,1,Pune,38000
TVS Apache RTR 200 4V Carburetor,TVS,3,200,9772,1,Delhi,93000
TVS Apache RTR 200 4V Carburetor,TVS,3,200,5000,1,Delhi,85000
Yamaha Fazer 25 250cc,Yamaha,4,250,15000,2,Hyderabad,85000
Royal Enfield Classic 500cc,Royal Enfield,7,500,19500,1,Chennai,120000
Bajaj Pulsar RS200 ABS,Bajaj,5,200,35000,1,Hyderabad,120000
Yamaha FZs 150cc,Yamaha,5,150,21000,1,Delhi,62000
Royal Enfield Classic Gunmetal Grey 350cc ABS,Royal Enfield,2,350,1800,1,Bardhaman,150000
Harley-Davidson Street 750,Harley-Davidson,7,750,2200,1,Gurgaon,360000
Yamaha YZF-R15 2.0 150cc,Yamaha,8,150,15000,1,Pathankot,58000
Hyosung Aquila GV250,Hyosung,6,250,3000,1,Pune,170000
Yamaha FZ16 150cc,Yamaha,7,150,34169,1,Faridabad,32000
TVS Apache RTR 180cc,TVS,5,180,19877,1,Faridabad,42000
Bajaj V15 150cc,Bajaj,5,150,16920,1,Faridabad,30000
Yamaha YZF-R15 2.0 150cc,Yamaha,7,150,30000,1,Hosur,80000
Hero CD 100SS,Hero,30,100,10000,1,Kharar,25500
Royal Enfield Himalayan 410cc,Royal Enfield,5,410,15064,1,Gurgaon,119000
TVS Apache RTR 180cc,TVS,7,180,50000,1,Ghaziabad,28000
Royal Enfield Thunderbird 500cc,Royal Enfield,6,500,11976,3,Bangalore,119000
Royal Enfield Classic 350cc,Royal Enfield,3,350,1500,1,Delhi,151000
Royal Enfield Thunderbird 350cc,Royal Enfield,9,350,21000,1,Faridabad,47000
Royal Enfield Classic 350cc,Royal Enfield,6,350,26000,1,Gurgaon,115000
Hero Splendor Plus 100cc,Hero,3,100,6200,1,Delhi,44000
Hero Honda Splendor Plus 100cc,Hero,9,100,16898,1,Faridabad,23000
Hero Passion Xpro 110cc,Hero,6,110,37000,1,Jaipur,35000
Hero HF Deluxe 100cc,Hero,4,100,19000,1,Delhi,36000
Bajaj Discover 100T,Bajaj,8,100,18184,1,Pune,28000
Honda Livo 110cc,Honda,2,110,8000,1,Indore,52600
Bajaj Pulsar 180cc,Bajaj,5,180,26134,1,Ahmedabad,40100
Bajaj Pulsar 180cc,Bajaj,5,180,40772,1,Pune,56000
Royal Enfield Classic 350cc,Royal Enfield,6,350,9000,1,Bangalore,121600
Hero Hunk 150cc,Hero,13,150,24578,1,Ahmedabad,20010
Yamaha FZs 150cc,Yamaha,11,150,34000,1,Jaipur,40000
KTM Duke 390cc,KTM,5,390,38500,1,Pune,115000
Hero HF Deluxe self Alloy 100cc,Hero,3,100,16432,1,Ghaziabad,35000
Bajaj Pulsar 150cc,Bajaj,9,150,13240,1,Kolkata,36000
Royal Enfield Bullet Electra 350cc,Royal Enfield,14,350,80000,1,Pune,75700
Royal Enfield Interceptor 650cc,Royal Enfield,2,650,920,1,Silchar,250000
Hero Super Splendor 125cc,Hero,6,125,12580,1,Delhi,27000
Hero Splendor Plus 100cc,Hero,3,100,12432,1,Ahmedabad,46500
Benelli TNT 25 250cc,Benelli,5,250,11200,1,Mumbai,145200
Hero CD Deluxe 100cc,Hero,12,100,30000,1,Jhalawar,13500
Suzuki Slingshot Plus 125cc,Suzuki,10,125,67614,1,Thane,16000
Royal Enfield Thunderbird 350cc,Royal Enfield,7,350,40000,1,Hyderabad,71300
Yamaha YZF-R15 2.0 150cc,Yamaha,4,150,32000,1,Indore,90000
Bajaj Avenger Street 150,Bajaj,5,150,41932,1,Mumbai,35600
Yamaha FZ16 150cc,Yamaha,10,150,35456,1,Delhi,24000
Hero Splendor Plus 100cc,Hero,15,100,60000,1,Mumbai,15000
Royal Enfield Classic 350cc,Royal Enfield,4,350,8000,1,Rajkot,116100
TVS Apache RTR 160cc,TVS,6,160,23599,1,Delhi,35000
Royal Enfield Thunderbird 500cc,Royal Enfield,4,500,900,1,Roorkee,150000
Royal Enfield Bullet 350cc,Royal Enfield,5,350,7800,1,Ludhiana,110000
Yamaha YZF-R15 150cc,Yamaha,5,150,24263,1,Ludhiana,88000
Hero CD Deluxe 100cc,Hero,5,100,37000,1,Delhi,22500
Honda CB Shine 125cc,Honda,7,125,15500,2,Delhi,25000
Royal Enfield Bullet 350cc,Royal Enfield,17,350,16969,1,Delhi,60000
Royal Enfield Bullet Electra 350cc,Royal Enfield,17,350,11000,2,Delhi,62000
Kawasaki Ninja 300cc,Kawasaki,6,300,4000,1,Mumbai,210000
Honda CBR 150R 150cc,Honda,4,150,23500,1,Mumbai,90000
KTM RC 200cc,KTM,6,200,5000,1,Delhi,108000
Bajaj Discover 100cc,Bajaj,11,100,21037,1,Jaipur,17500
Benelli TNT 300,Benelli,5,300,6400,2,Pune,200000
Benelli TNT 25 250cc,Benelli,5,250,10300,1,Pune,146400
Royal Enfield Bullet 350cc,Royal Enfield,18,350,6600,1,Noida,130000
TVS Apache RTR 200 4V Carburetor,TVS,4,200,12500,1,Nashik,67000
Bajaj CT 100 100cc,Bajaj,16,100,107000,1,Durgapur,10600
Royal Enfield Thunderbird 350cc,Royal Enfield,4,350,24271,1,Lucknow,110000
Bajaj Pulsar AS150,Bajaj,5,150,35000,2,Patna,35000
Honda CB Unicorn 150cc,Honda,12,150,31542,1,Ahmedabad,20500
Royal Enfield Classic 350cc,Royal Enfield,5,350,11000,1,Pune,133300
TVS Apache RTR 200 4V FI,TVS,4,200,4455,1,Delhi,64000
Honda CB Shine 125cc,Honda,4,125,14751,1,Pune,48000
Hyosung GT650R,Hyosung,5,650,2500,1,Ranchi,350000
Honda Dream Yuga 110cc,Honda,3,110,16000,1,Delhi,43000
Yamaha YZF-R15 V3 150cc,Yamaha,3,150,21000,1,Ahmedabad,99700
Royal Enfield Bullet Electra 350cc,Royal Enfield,7,350,30860,1,Noida,94300
Yamaha MT-15 150cc,Yamaha,2,150,3000,1,Hyderabad,135000
Hero CBZ Xtreme 150cc,Hero,10,150,35000,3,Jhansi,14800
Royal Enfield Classic 350cc,Royal Enfield,5,350,2476,1,Hyderabad,129200
TVS Apache RTR 160cc,TVS,5,160,5100,1,Bangalore,62000
Royal Enfield Bullet Twinspark 350cc,Royal Enfield,3,350,3884,1,Ludhiana,102100
Yamaha FZS FI 150cc Rear Disc,Yamaha,3,150,13000,1,Surat,75000
Hero Splendor Plus 100cc,Hero,12,100,30000,1,Jhansi,16800
Hero Splendor 100cc,Hero,19,100,24000,2,Pune,21000
Royal Enfield Classic Desert Storm 500cc,Royal Enfield,6,500,14000,1,Ahmedabad,130000
Bajaj Pulsar 180cc,Bajaj,6,180,29000,1,Mumbai,42000
Yamaha Fazer 150cc,Yamaha,8,150,85000,1,Lucknow,22800
Hero Hunk 150cc,Hero,9,150,40000,1,Aurangabad,27000
Bajaj V15 150cc,Bajaj,5,150,18148,1,Lucknow,33000
TVS Apache RTR 160cc,TVS,4,160,1639,1,Jaipur,63000
TVS Apache RTR 200 4V Carburetor Pirelli Tyres,TVS,3,200,6200,1,Hyderabad,78000
Bajaj Pulsar 150cc,Bajaj,14,150,72300,1,Thane,11500
Hyosung GT250R,Hyosung,5,250,21000,1,Thane,185000
Yamaha YZF-R15 V3 150cc,Yamaha,3,150,3000,1,Kolkata,145000
Bajaj Avenger 220cc,Bajaj,9,220,18500,1,Saharanpur,50000
Hero HF Deluxe 100cc,Hero,4,100,1942,1,Solapur,45000
Royal Enfield Classic 350cc,Royal Enfield,5,350,30000,1,Pune,80000
Bajaj Avenger Street 150,Bajaj,5,150,4400,1,Gwalior,65000
KTM Duke 390cc,KTM,2,390,167,1,Nashik,180000
Hero Passion Pro 100cc,Hero,9,100,97401,1,Pune,22000
TVS Apache RTR 200 4V ABS Race Edition,TVS,2,200,530,1,Hyderabad,125000
Triumph Tiger 800 XRX,Triumph,6,800,10000,1,Delhi,750000
Kawasaki Ninja 650cc,Kawasaki,4,650,6500,1,Mumbai,550000
Ducati XDiavel 1262CC S,Ducati,4,1262,7000,1,Alibag,1500000
TVS Star City Plus 110cc,TVS,4,110,4069,1,Chennai,37000
Royal Enfield Thunderbird 350cc,Royal Enfield,3,350,20000,1,Mumbai,130000
TVS Suzuki Shogun 110cc,TVS,23,110,66000,1,Bangalore,100000
Honda CBF Stunner 125cc,Honda,6,125,25036,1,Faridabad,26500
Bajaj Pulsar 150cc,Bajaj,7,150,22000,1,Jalandhar,42000
KTM Duke 390cc,KTM,2,390,5000,1,Pune,210000
Yamaha FZs 150cc,Yamaha,8,150,31085,2,Gurgaon,23000
Benelli TNT 600i,Benelli,6,600,15000,1,Delhi,380000
Bajaj Discover 125cc Disc,Bajaj,2,125,9923,1,Faridabad,39000
Suzuki Intruder 150cc,Suzuki,3,150,7078,1,Faridabad,56000
Kawasaki Ninja 300 ABS,Kawasaki,2,300,2467,1,Patna,266600
Honda CB Shine 125cc,Honda,8,125,21000,1,Lucknow,35000
Hero Splendor Plus 100cc,Hero,4,100,14399,1,Ahmedabad,45000
Royal Enfield Thunderbird 350cc,Royal Enfield,3,350,12500,1,Ghaziabad,115000
Honda Dream Neo 110cc,Honda,6,110,15000,2,Delhi,23500
Bajaj Pulsar RS200 ABS,Bajaj,6,200,28000,1,Bangalore,105000
Bajaj Discover 135cc,Bajaj,14,135,53800,1,Delhi,18000
Royal Enfield Classic 350cc,Royal Enfield,6,350,23000,1,Bhubaneshwar,115000
Triumph Thunderbird Storm 1700cc,Triumph,5,1700,176,1,Guwahati,700000
Honda CB Twister 110cc,Honda,10,110,11000,1,Mumbai,21000
Royal Enfield Bullet 500cc,Royal Enfield,2,500,8000,1,Delhi,172000
Honda CBR 250R,Honda,10,250,39000,1,Pune,57100
Yamaha YZF-R15 2.0 150cc,Yamaha,4,150,2500,1,Delhi,108000
Suzuki GSX-S750,Suzuki,2,750,2800,1,Hyderabad,740000
TVS Flame 125cc,TVS,12,125,35000,2,Jammu,25000
Royal Enfield Bullet 350cc,Royal Enfield,5,350,8047,1,Ludhiana,95100
Benelli TNT 300,Benelli,5,300,21200,1,Bangalore,267600
Royal Enfield Bullet Electra 350cc,Royal Enfield,7,350,29318,1,Delhi,75000
Triumph Tiger 800 XCA,Triumph,4,800,9500,1,Ludhiana,1300000
Hero Splendor Plus 100cc,Hero,12,100,15367,1,Ghaziabad,23000
Royal Enfield Classic 350cc,Royal Enfield,5,350,20032,1,Lucknow,96000
Royal Enfield Machismo 350cc,Royal Enfield,13,350,17000,2,Mumbai,75000
TVS Victor 110cc,TVS,4,110,28673,1,Bhopal,40000
Yamaha YZF-R15 V3 150cc,Yamaha,3,150,3300,2,Jhansi,130000
Bajaj Pulsar NS200,Bajaj,6,200,26000,2,Mumbai,52000
TVS Flame 125cc,TVS,13,125,25000,1,Ghaziabad,5800
Royal Enfield Classic 350cc,Royal Enfield,6,350,21820,1,Chennai,85000
Bajaj Pulsar 150cc,Bajaj,16,150,68917,1,Ghaziabad,6890
Bajaj Discover 125cc,Bajaj,14,125,42014,1,Ghaziabad,9500
Harley-Davidson 1200 Custom,Harley-Davidson,4,1200,1470,1,Hyderabad,570350
Bajaj Avenger Street 150,Bajaj,6,150,29900,1,Bangalore,41300
Yamaha FZs 150cc,Yamaha,8,150,18000,1,Bangalore,40000
Royal Enfield Classic 350cc,Royal Enfield,6,350,14000,2,Delhi,105000
Honda CB Hornet 160R STD,Honda,5,160,38558,1,Pune,65000
Royal Enfield Classic 350cc,Royal Enfield,4,350,7000,1,Pune,140000
Bajaj Pulsar 180cc,Bajaj,3,180,7000,1,Delhi,62000
Hero Passion Pro i3S Alloy 100cc,Hero,3,100,22915,1,Pune,52000
Hero Splendor Plus 100cc,Hero,4,100,17962,1,Pune,42000
Royal Enfield Interceptor 650cc,Royal Enfield,2,650,11000,1,Delhi,265000
Hero Splendor Pro 100cc,Hero,6,100,17768,1,Faridabad,24500
Bajaj Pulsar RS200 ABS,Bajaj,4,200,2900,1,Hyderabad,139900
Bajaj Pulsar 150cc,Bajaj,2,150,6266,1,Chennai,67000
Bajaj Avenger Cruise 220,Bajaj,3,220,10653,1,Delhi,71000
Honda CBR650R,Honda,2,650,4750,1,Delhi,770000
Royal Enfield Bullet 350cc,Royal Enfield,6,350,36000,1,Delhi,105000
Bajaj Discover 100cc,Bajaj,15,100,52400,1,Pune,18000
Hero Splendor Plus Self Alloy 100cc,Hero,3,100,717,1,Delhi,45000
Yamaha FZ25 250cc,Yamaha,3,250,8000,1,Hyderabad,99000
Yamaha FZs 150cc,Yamaha,6,150,12500,1,Delhi,37000
Bajaj Pulsar 150cc,Bajaj,4,150,42000,2,Hyderabad,58000
Yamaha YZF-R15 150cc,Yamaha,7,150,3500,1,Katni,82000
Hero Splendor Pro 100cc,Hero,8,100,18000,1,Delhi,30900
Royal Enfield Standard 350cc,Royal Enfield,7,350,50000,1,Khedbrahma,75000
Jawa Forty Two 295CC,Jawa,2,295,2388,1,Chennai,175000
KTM Duke 200cc,KTM,7,200,3706,1,Pune,62240
Benelli TNT 600i ABS,Benelli,2,600,1000,1,Kolkata,650000
Hero Splendor Plus 100cc,Hero,11,100,35000,1,Jhansi,19500
Royal Enfield Himalayan 410cc,Royal Enfield,5,410,3600,1,Mumbai,157500
Royal Enfield Classic 350cc,Royal Enfield,5,350,16500,1,Delhi,110000
Royal Enfield Classic 350cc,Royal Enfield,4,350,8000,1,Delhi,115000
KTM Duke 200cc,KTM,9,200,30000,1,Mumbai,64999
TVS Apache RTR 160cc,TVS,14,160,35408,2,Mumbai,18000
Hero Karizma ZMR 223cc,Hero,7,223,34000,2,Bangalore,45000
TVS Apache RR310,TVS,3,310,4081,1,Delhi,180000
TVS Apache RTR 200 4V Carburetor,TVS,4,200,2500,1,Delhi,95000
Royal Enfield Classic Desert Storm 500cc,Royal Enfield,4,500,3400,1,Pune,175000
Hero Splendor Plus 100cc,Hero,6,100,20208,1,Chennai,30000
Honda CB Hornet 160R CBS,Honda,5,160,21000,1,Chennai,55000
Yamaha FZs 150cc,Yamaha,7,150,14500,1,Mumbai,42000
Yamaha FZ S V 2.0 150cc,Yamaha,6,150,21500,1,Mumbai,38500
Royal Enfield Thunderbird X 500cc,Royal Enfield,3,500,6300,1,Coimbatore,200000
Bajaj Pulsar 180cc,Bajaj,4,180,15000,1,Delhi,57500
Bajaj Pulsar 220cc,Bajaj,7,220,15000,1,Delhi,47500
Yamaha FZ 150cc,Yamaha,9,150,15000,1,Delhi,35500
Bajaj Pulsar 150cc,Bajaj,7,150,58464,1,Ahmedabad,35000
Hero Passion Pro i3S Alloy 100cc,Hero,3,100,8000,1,Delhi,48000
Honda Dream Yuga 110cc,Honda,9,110,54867,1,Ahmedabad,24500
Bajaj Discover 125cc,Bajaj,10,125,84644,1,Ahmedabad,25000
Bajaj Pulsar 200 NS 200cc,Bajaj,7,200,12700,1,Valsad,45900
Yamaha Fazer FI V 2.0 150cc,Yamaha,7,150,50000,1,Pune,50000
Royal Enfield Thunderbird 350cc,Royal Enfield,5,350,20000,1,Delhi,120000
Bajaj Avenger Street 150,Bajaj,5,150,18255,1,Bangalore,55000
Honda CB Unicorn 150cc,Honda,9,150,21455,1,Bangalore,32000
Bajaj Pulsar 220cc,Bajaj,4,220,26724,1,Bangalore,76000
Bajaj Dominar 400,Bajaj,4,400,29500,1,Hyderabad,115000
Bajaj Pulsar 150cc,Bajaj,12,150,26850,1,Delhi,16500
Yamaha FZ S V 2.0 150cc,Yamaha,4,150,17800,1,Pune,72000
Bajaj Avenger 220cc,Bajaj,6,220,33000,1,Pune,58000
Hero Xpulse 200cc FI,Hero,1,200,5618,1,Chennai,104000
Yamaha YZF-R15 2.0 150cc,Yamaha,4,150,14208,1,Chennai,83000
Yamaha YZF-R15 V3 150cc,Yamaha,3,150,6900,1,Chennai,115000
Bajaj Discover 100cc,Bajaj,9,100,23560,1,Delhi,23000
KTM Duke 250cc,KTM,4,250,17500,1,Mumbai,150000
Bajaj Pulsar NS200,Bajaj,8,200,28800,1,Mumbai,49000
Hero HF Deluxe i3s 100cc,Hero,3,100,13000,1,Mumbai,52000
Hero Passion Pro i3S Alloy 100cc,Hero,4,100,10700,1,Mumbai,45000
TVS Star City Plus 110cc,TVS,6,110,26000,1,Delhi,26000
Hero Passion Pro 100cc,Hero,6,100,22000,1,Delhi,28000
Bajaj Pulsar 135LS,Bajaj,5,135,11898,1,Delhi,42000
KTM Duke 250cc,KTM,2,250,5000,1,Mumbai,195000
Bajaj Discover 125ST,Bajaj,9,125,35000,1,Gurgaon,20000
Hero Splendor Plus 100cc,Hero,4,100,9550,1,Delhi,40000
Royal Enfield Bullet Twinspark 350cc,Royal Enfield,3,350,10000,1,Delhi,115000
Royal Enfield Thunderbird 350cc,Royal Enfield,6,350,25000,1,Delhi,85000
Royal Enfield Classic 350cc,Royal Enfield,6,350,21000,2,Delhi,92000
Royal Enfield Classic 350cc,Royal Enfield,4,350,14000,1,Mumbai,125000
Bajaj Pulsar NS200 ABS,Bajaj,2,200,500,1,Mumbai,105000
Hero Passion Pro 100cc,Hero,7,100,29000,1,Hyderabad,42000
Bajaj Discover 125cc,Bajaj,8,125,26000,1,Pune,30000
Honda CB Shine 125cc,Honda,4,125,13500,1,Pune,52099
Bajaj Pulsar 180cc,Bajaj,11,180,5937,1,Pune,32000
Hero Passion Pro 100cc,Hero,3,100,17300,1,Delhi,45000
Hero Splendor Plus 100cc,Hero,12,100,42000,1,Ludhiana,18000
Bajaj Avenger 220cc,Bajaj,5,220,56000,1,Bangalore,56000
KTM RC 125CC,KTM,2,125,40,1,Delhi,152000
Royal Enfield Continental GT 535cc,Royal Enfield,6,535,15000,2,Hyderabad,130000
Bajaj Pulsar 220F,Bajaj,5,220,24000,1,Bangalore,58000
TVS Apache RTR 160cc Matt Red Rear Disc,TVS,2,160,8000,1,Delhi,76000
TVS Apache RTR 180cc,TVS,3,180,2400,1,Delhi,60000
Hero Splendor Plus 100cc,Hero,17,100,60000,1,Ghaziabad,9500
KTM Duke 200cc,KTM,9,200,20000,2,Mumbai,68000
Mahindra Centuro NXT 110cc,Mahindra,4,110,1400,1,Ludhiana,35000
Rajdoot GTX 175cc,Rajdoot,41,175,500,2,Delhi,75000
Royal Enfield Classic 350cc,Royal Enfield,8,350,52000,1,Bangalore,82400
Bajaj Avenger Street 150,Bajaj,5,150,10500,1,Delhi,65000
Suzuki Intruder 150cc,Suzuki,3,150,3000,1,Gurgaon,57800
Bajaj Pulsar RS200 ABS,Bajaj,3,200,280,1,Delhi,138900
Royal Enfield Thunderbird 500cc,Royal Enfield,8,500,14000,1,Vadodara,110000
Kawasaki Ninja 300cc,Kawasaki,6,300,5000,1,Satna,204600
Royal Enfield Classic Desert Storm 500cc,Royal Enfield,6,500,12233,1,Bangalore,95000
Indian Scout Bobber 1130cc,Indian,3,1130,173,1,Coimbatore,700000
Kawasaki Ninja 650cc,Kawasaki,7,650,12000,2,Bangalore,320000
Kawasaki Ninja 650cc,Kawasaki,3,650,383,1,Patna,300000
Hero Glamour Disc 125cc,Hero,13,125,47000,1,Delhi,13100
Bajaj Pulsar 180cc,Bajaj,6,180,21000,1,Hooghly,36500
Honda CB Trigger 150cc,Honda,7,150,71188,1,Delhi,30000
Yamaha FZs 150cc,Yamaha,8,150,22500,2,Faridabad,30500
Bajaj Avenger Cruise 220,Bajaj,3,220,4000,1,Bhopal,72000
Royal Enfield Thunderbird 500cc,Royal Enfield,9,500,12000,1,Delhi,82000
Royal Enfield Classic 350cc,Royal Enfield,10,350,27000,1,Noida,82000
Hero Splendor Pro 100cc,Hero,6,100,37000,1,Gurdaspur,37000
Yamaha Fazer 25 250cc,Yamaha,4,250,9463,1,Pune,110000
Yamaha FZs 150cc,Yamaha,3,150,10000,1,Mumbai,75500
Yamaha SZ-RR 150cc,Yamaha,9,150,30100,1,Delhi,23600
Royal Enfield Bullet Electra Twinspark 350cc,Royal Enfield,3,350,6800,1,Mumbai,142000
Royal Enfield Thunderbird 350cc,Royal Enfield,9,350,33000,1,Mohali,75000
Bajaj Discover 125cc,Bajaj,16,125,48021,1,Amritsar,13500
Honda CB Hornet 160R CBS,Honda,4,160,4300,1,Chennai,85000
Hero HF Deluxe 100cc,Hero,4,100,15689,1,Delhi,35000
Honda CB Trigger 150cc,Honda,7,150,10000,1,Mumbai,49000
Hero Xtreme 200R ABS,Hero,2,200,9700,1,Guwahati,97400
Bajaj Pulsar RS200 ABS,Bajaj,6,200,10500,1,Delhi,80000
Bajaj Discover 100cc,Bajaj,8,100,34500,1,Jaipur,25000
Royal Enfield Classic 500cc,Royal Enfield,6,500,2109,1,Mumbai,105000
Bajaj V15 150cc,Bajaj,5,150,18000,1,Karnal,42000
Hyosung GT650R,Hyosung,4,650,7500,1,Ahmedabad,493500
KTM Duke 390cc,KTM,7,390,16000,1,Mumbai,113000
Bajaj Discover 135cc,Bajaj,14,135,17000,1,Delhi,18000
Royal Enfield Thunderbird 350cc,Royal Enfield,11,350,9000,1,Dadri,51600
TVS Apache RTR 200 4V Carburetor,TVS,4,200,4500,1,Delhi,91400
Honda CB Shine 125cc,Honda,9,125,30000,1,Tiruvallur,22000
Royal Enfield Standard 350cc,Royal Enfield,7,350,14000,2,Delhi,90000
Royal Enfield Classic 350cc,Royal Enfield,5,350,10000,1,Bangalore,134100
KTM RC 200cc,KTM,5,200,4000,1,Delhi,150000
Bajaj Discover 125cc,Bajaj,15,125,65365,1,Ahmedabad,25500
Bajaj Discover 135cc,Bajaj,12,135,21500,1,Delhi,18500
Bajaj Pulsar RS200,Bajaj,6,200,22000,1,Bangalore,98900
Honda CB Trigger 150cc,Honda,8,150,37000,1,Mumbai,45600
Hero Karizma R 223cc,Hero,11,223,22000,1,Vadodara,25600
Royal Enfield Thunderbird 500cc,Royal Enfield,6,500,17000,1,Mumbai,140000
KTM Duke 390cc,KTM,4,390,7500,1,Mumbai,222800
Royal Enfield Bullet Electra 350cc,Royal Enfield,9,350,24000,1,Delhi,84200
Yamaha FZ16 150cc,Yamaha,8,150,96000,1,Delhi,30000
Bajaj Avenger Street 150,Bajaj,5,150,14500,1,Delhi,60000
Bajaj Avenger Street 150,Bajaj,5,150,23000,1,Hyderabad,70600
Honda Livo Disc 110cc,Honda,5,110,29000,1,Delhi,39900
Royal Enfield Bullet Electra Twinspark 350cc,Royal Enfield,6,350,18500,1,Bangalore,100000
Bajaj Dominar 400 ABS,Bajaj,4,400,6900,1,Delhi,140000
KTM RC 390cc,KTM,6,390,12000,1,Mumbai,150000
Bajaj Avenger Street 220,Bajaj,4,220,14900,1,Delhi,69600
Bajaj Avenger 220cc,Bajaj,4,220,8000,1,Bangalore,85000
Hero Passion Pro 100cc,Hero,7,100,19980,1,Jaipur,35000
Bajaj Pulsar AS150,Bajaj,6,150,31000,1,Delhi,42990
Royal Enfield Classic 350cc,Royal Enfield,6,350,18000,1,Pune,115000
Royal Enfield Classic 350cc,Royal Enfield,9,350,40000,1,Mumbai,89600
Harley-Davidson Street 750,Harley-Davidson,6,750,9000,1,Gurgaon,428600
Royal Enfield Classic 350cc-Redditch Edition,Royal Enfield,3,350,9500,1,Chennai,142000
Bajaj Pulsar RS200,Bajaj,4,200,13000,1,Bangalore,122200
KTM RC 200cc,KTM,6,200,22000,1,Amravati,138000
Royal Enfield Thunderbird 350cc,Royal Enfield,6,350,35000,1,Tiruvallur,103000
Bajaj Pulsar 135LS,Bajaj,8,135,40000,1,Durg,25000
Royal Enfield Bullet Electra 350cc,Royal Enfield,9,350,9500,1,Mumbai,80000
Royal Enfield Classic 350cc,Royal Enfield,4,350,6151,1,Mehsana,135000
Honda Livo Disc 110cc,Honda,6,110,46000,1,Delhi,32600
TVS Apache RTR 200 4V Carburetor,TVS,4,200,5300,1,Ghaziabad,92600
Hero Passion Plus 100cc,Hero,17,100,37250,1,Gurgaon,17200
Royal Enfield Classic 350cc,Royal Enfield,4,350,8000,1,Faridabad,127100
Royal Enfield Classic 350cc,Royal Enfield,6,350,20783,1,Rajkot,120000
Hero Passion Plus 100cc,Hero,12,100,22000,1,Bharuch,21000
Royal Enfield Thunderbird 350cc,Royal Enfield,7,350,45000,1,Vadodara,86700
Bajaj Avenger 220cc,Bajaj,6,220,7600,1,Bangalore,60000
Bajaj Avenger Street 150,Bajaj,4,150,9000,1,Lansdowne,70000
Bajaj Pulsar RS200 ABS,Bajaj,6,200,9000,1,Cuttack,99000
Bajaj Pulsar AS150,Bajaj,6,150,5500,1,Thane,56800
Hyosung GT250R,Hyosung,5,250,4400,1,Pune,260000
Bajaj V15 150cc,Bajaj,4,150,15000,1,Delhi,44000
Hero Passion Pro 100cc,Hero,10,100,30000,2,Jaisalmer,23000
Hero Karizma ZMR 223cc,Hero,8,223,72000,1,Kolhapur,60000
Yamaha FZ S V 2.0 150cc,Yamaha,5,150,8500,1,Delhi,65000
Harley-Davidson Street 750,Harley-Davidson,5,750,6000,1,Hanumangarh,450000
Honda CBR 150R 150cc,Honda,5,150,15000,1,Chennai,100000
Royal Enfield Thunderbird 500cc,Royal Enfield,6,500,9800,2,Pune,135000
Hero Passion Pro i3S Alloy 100cc,Hero,4,100,12388,1,Delhi,36000
Bajaj Pulsar 220F,Bajaj,7,220,23500,1,Pune,51100
Yamaha YZF-R15 2.0 150cc,Yamaha,4,150,5000,1,Dungarpur,85000
Honda CB Unicorn 160,Honda,6,160,70000,1,Kolkata,52000
Honda CBR 250R ABS,Honda,10,250,39028,1,Mumbai,68000
Bajaj Avenger Street 180,Bajaj,3,180,7456,1,Sri Ganganagar,80000
Hero Passion Pro 100cc,Hero,5,100,20000,1,Delhi,31200
Bajaj Pulsar 220F,Bajaj,4,220,15000,1,Kottayam,67700
Royal Enfield Classic 350cc,Royal Enfield,3,350,7000,1,Jalandhar,135000
Bajaj V15 150cc,Bajaj,4,150,21000,1,Bangalore,44600
Royal Enfield Bullet Electra Twinspark 350cc,Royal Enfield,7,350,39000,1,Navi Mumbai,95000
Honda CB Hornet 160R Special Edition-CBS,Honda,4,160,4730,1,Noida,77600
Bajaj V15 150cc,Bajaj,4,150,440,1,Delhi,42700
Mahindra Centuro 110cc,Mahindra,8,110,20000,2,Delhi,20000
Royal Enfield Thunderbird 500cc,Royal Enfield,8,500,28655,1,Bangalore,105000
Royal Enfield Bullet Electra 350cc,Royal Enfield,11,350,48500,1,Karnal,70000
Bajaj Avenger 220cc,Bajaj,8,220,20500,1,Ghaziabad,32000
KTM Duke 200cc,KTM,3,200,6700,2,Noida,127000
TVS Apache RTR 200 4V Fi,TVS,5,200,1000,1,Navi Mumbai,80000
KTM RC 390cc,KTM,4,390,9000,2,Jalandhar,150000
Royal Enfield Classic 350cc,Royal Enfield,4,350,29299,1,Delhi,111500
Yamaha YZF-R15 2.0 150cc,Yamaha,4,150,17000,1,Bangalore,105900
Royal Enfield Bullet Electra 350cc,Royal Enfield,8,350,39000,1,Delhi,85000
TVS Apache RR310,TVS,4,310,10550,1,Margao,200000
Yamaha YZF-R15 150cc,Yamaha,5,150,10500,1,Chennai,100000
Royal Enfield Classic 350cc,Royal Enfield,8,350,44000,1,Chinsurah,81000
Royal Enfield Bullet Electra 350cc,Royal Enfield,9,350,8561,1,Delhi,79300
Bajaj Avenger 220cc,Bajaj,10,220,6000,1,Bhatinda,66000
Hero Passion Pro 100cc,Hero,5,100,31385,1,Delhi,32000
Hero Passion Pro 100cc,Hero,8,100,29538,1,Delhi,25000
Suzuki Gixxer SF Fi 150cc SP ABS,Suzuki,2,150,5300,1,Pune,95000
Yamaha FZ25 250cc,Yamaha,3,250,15465,1,Delhi,86000
Hero Splendor Plus 100cc,Hero,12,100,35000,1,Jhansi,16400
TVS Apache RTR 200 4V Carburetor Pirelli Tyres Race Edition 2.0,TVS,2,200,3100,1,Chennai,122000
KTM RC 200cc,KTM,5,200,19696,1,Delhi,106200
Royal Enfield Bullet Electra 350cc,Royal Enfield,5,350,9600,1,Gurgaon,110000
Royal Enfield Thunderbird X 350cc ABS,Royal Enfield,2,350,3800,1,Sibsagar,135000
KTM RC 200cc,KTM,7,200,27000,1,Chennai,110000
Royal Enfield Classic 350cc,Royal Enfield,4,350,5600,1,Delhi,133000
KTM RC 200cc,KTM,6,200,8000,1,Mumbai,110000
Royal Enfield Thunderbird 350cc,Royal Enfield,12,350,14783,1,Panchkula,90000
KTM RC 390cc,KTM,5,390,14000,1,Mumbai,130000
Bajaj Discover 100cc,Bajaj,8,100,39500,1,Thane,20000
Hero Splendor plus 100cc,Hero,10,100,14000,1,Ludhiana,23000
Bajaj Pulsar NS160,Bajaj,4,160,6348,1,Gurgaon,65000
TVS Apache RTR 180cc ABS,TVS,5,180,20000,2,Delhi,48000
Honda CBR 250R ABS,Honda,3,250,6000,1,Bangalore,190000
Yamaha FZ25 ABS 250cc,Yamaha,2,250,1143,2,Mumbai,130000
Yamaha FZ S V 2.0 150cc,Yamaha,3,150,19000,1,Delhi,74000
Bajaj Pulsar 150cc,Bajaj,9,150,23000,1,Pune,38000
Hero Passion Xpro 110cc,Hero,9,110,46000,1,Mumbai,25000
Bajaj Pulsar NS200,Bajaj,4,200,8700,1,Siliguri,95000
Suzuki Gixxer 150cc,Suzuki,5,150,18500,2,Coimbatore,55000
Royal Enfield Classic 500cc,Royal Enfield,11,500,37000,1,Pune,125000
Yamaha YZF-R15 2.0 150cc,Yamaha,5,150,9964,1,Kolkata,80000
Yamaha YZF-R15 2.0 150cc,Yamaha,8,150,32000,1,Mumbai,56600
Hyosung Aquila GV250,Hyosung,6,250,5000,1,Mumbai,160000
TVS Apache RTR 160cc,TVS,4,160,8121,1,Gurgaon,60000
Hero Passion Pro i3S Alloy 100cc,Hero,3,100,14500,1,Khalilabad,39799
Bajaj CT 100 100cc,Bajaj,4,100,19525,1,Delhi,23484
Royal Enfield Standard 350cc,Royal Enfield,9,350,18000,2,Ambala,88000
KTM Duke 200cc,KTM,7,200,35000,1,Delhi,75000
KTM Duke 200cc,KTM,7,200,30000,1,Mumbai,83000
Harley-Davidson Iron 883,Harley-Davidson,9,883,19000,1,Delhi,400000
Honda CB Shine 125cc,Honda,11,125,30544,1,Ahmedabad,30000
Bajaj Avenger Cruise 220,Bajaj,6,220,44000,1,Lucknow,46200
Bajaj Pulsar NS200,Bajaj,4,200,8200,1,Bangalore,90000
TVS Apache RR310 Slipper Clutch,TVS,2,310,3900,1,Vadodara,224000
Bajaj Avenger Street 150,Bajaj,4,150,19300,1,Delhi,56500
Hero Splendor Plus 100cc,Hero,13,100,15939,1,Faridabad,15800
Honda CBR 250R,Honda,10,250,32802,2,Delhi,57000
Royal Enfield Thunderbird 350cc ABS,Royal Enfield,2,350,770,1,Kharar,144700
Bajaj Pulsar NS200,Bajaj,8,200,32262,1,Gurgaon,37000
Bajaj CT 100 100cc,Bajaj,6,100,22500,1,Vadodara,22500
Bajaj Avenger 220cc,Bajaj,7,220,21000,1,Dehradun,48000
Mahindra Mojo UT300,Mahindra,3,300,6000,1,Jaipur,105000
Royal Enfield Thunderbird 500cc,Royal Enfield,8,500,15500,1,Bangalore,100000
Honda CB Twister 110cc,Honda,9,110,74000,1,Ahmedabad,20000
Hero Splendor Plus 100cc,Hero,5,100,20000,1,Pune,24600
Yamaha YZF-R15 V3 150cc,Yamaha,3,150,1300,1,Guwahati,100000
KTM RC 200cc,KTM,7,200,29301,1,Mumbai,89000
Yamaha YZF-R15 S 150cc,Yamaha,3,150,3086,1,Mumbai,71400
Royal Enfield Thunderbird 500cc,Royal Enfield,7,500,29436,1,Delhi,90000
Bajaj Pulsar 150cc,Bajaj,6,150,27000,1,Delhi,33000
Bajaj Pulsar 150cc,Bajaj,3,150,5100,1,Faridabad,58000
Bajaj CT 100 100cc,Bajaj,6,100,23043,1,Faridabad,22000
Hero HF Deluxe 100cc,Hero,12,100,17604,1,Faridabad,14500
Hero Passion Pro 100cc,Hero,5,100,26434,1,Delhi,42000
Harley-Davidson Street 750,Harley-Davidson,4,750,1450,1,Delhi,480000
KTM RC 200cc,KTM,4,200,4000,1,Delhi,127800
Honda CB Shine 125cc CBS,Honda,5,125,27000,1,Kanpur,39000
Honda CB Unicorn 150cc,Honda,7,150,39428,1,Mumbai,47000
Royal Enfield Classic Gunmetal Grey 350cc,Royal Enfield,3,350,5000,1,Mumbai,160000
Bajaj Pulsar NS200,Bajaj,6,200,40000,2,Mumbai,42000
Hero CBZ Xtreme 150cc,Hero,10,150,34000,1,Anand,21000
Hero CD Deluxe 100cc,Hero,10,100,20000,1,Vadodara,27000
TVS Apache RTR 200 4V Carburetor Pirelli Tyres Race Edition 2.0,TVS,2,200,2800,1,Delhi,98500
TVS Star City Plus Dual Tone 110cc,TVS,4,110,7580,1,Delhi,36000
KTM RC 200cc,KTM,5,200,8197,1,Gurgaon,111100
Bajaj V15 150cc,Bajaj,5,150,16000,1,Jhansi,37300
Royal Enfield Classic 350cc,Royal Enfield,5,350,16689,1,Delhi,110000
Hero Passion Xpro 110cc,Hero,8,110,29000,1,Jhansi,27100
Bajaj Pulsar NS200,Bajaj,2,200,8000,1,Delhi,120000
Hero Super Splendor 125cc,Hero,3,125,8000,1,Delhi,60000
Royal Enfield Bullet Twinspark Kickstart 350cc,Royal Enfield,2,350,5000,1,Delhi,145000
TVS Star City Plus 110cc,TVS,5,110,8000,1,Delhi,35000
Yamaha FZs 150cc,Yamaha,8,150,18000,1,Delhi,40000
Royal Enfield Bullet Twinspark 350cc,Royal Enfield,3,350,8000,1,Delhi,125000
Hero Passion Pro 100cc,Hero,7,100,32800,1,Jhansi,25100
Royal Enfield Continental GT 535cc,Royal Enfield,4,535,2954,2,Gorakhpur,133100
Kawasaki Ninja 650cc,Kawasaki,5,650,10800,1,Bangalore,480300
Royal Enfield Thunderbird 500cc,Royal Enfield,8,500,950,1,Mumbai,110000
Yamaha FZ S V 2.0 150cc,Yamaha,4,150,24000,1,Delhi,55000
Bajaj Pulsar 150cc,Bajaj,11,150,18412,1,Pune,26000
Bajaj Pulsar  180cc,Bajaj,6,180,78000,1,Sambalpur,38000
Royal Enfield Thunderbird X 350cc ABS,Royal Enfield,2,350,3800,1,Delhi,172000
Honda CB Trigger 150cc,Honda,8,150,57000,1,Dadri,36600
TVS Apache RTR 160 4V DISC ABS,TVS,2,160,2800,1,Delhi,89135
Honda CB Hornet 160R STD,Honda,3,160,1307,1,Ahmedabad,75000
Honda CB Hornet 160R Special Edition-CBS,Honda,4,160,21719,1,Ghaziabad,60000
KTM Duke 200cc,KTM,8,200,46000,1,Rajkot,71000
TVS Apache RTR 160cc,TVS,8,160,33000,1,Chennai,35000
Yamaha FZ S V 2.0 150cc,Yamaha,6,150,12332,2,Mumbai,60000
Yamaha FZs 150cc,Yamaha,4,150,23000,1,Delhi,57000
Yamaha FZS FI 150cc,Yamaha,5,150,3600,1,Delhi,55000
Yamaha FZs 150cc,Yamaha,6,150,18227,1,Jaipur,47000
Bajaj Discover 110cc,Bajaj,3,110,25000,1,Delhi,43000
Bajaj Avenger Street 150,Bajaj,5,150,30000,1,Vadodara,42000
Hero Passion Pro 100cc,Hero,5,100,18000,1,Vadodara,35000
Bajaj Pulsar 150cc,Bajaj,10,150,86283,3,Pune,25000
Bajaj Discover 100cc,Bajaj,11,100,23564,1,Pune,25000
Hero Passion Pro 100cc,Hero,11,100,69758,2,Gurgaon,18000
Bajaj Pulsar 135LS,Bajaj,4,135,10850,1,Chennai,38000
Yamaha YZF-R15 2.0 150cc,Yamaha,2,150,6506,1,Pune,128000
Yamaha YZF-R15 2.0 150cc,Yamaha,4,150,16000,1,Delhi,90000
Yamaha FZ S V 2.0 150cc-Ltd. Edition,Yamaha,3,150,8000,1,Delhi,79000
Hero Passion Plus 100cc,Hero,9,100,11892,1,Delhi,25000
Royal Enfield Thunderbird 350cc,Royal Enfield,10,350,29500,1,Hyderabad,70000
Bajaj Avenger Street 150,Bajaj,6,150,19137,1,Bangalore,62000
Royal Enfield Classic 350cc,Royal Enfield,7,350,59000,1,Mumbai,100000
Hero Karizma ZMR 223cc,Hero,10,223,45000,2,Pune,29500
Bajaj V15 150cc,Bajaj,5,150,5000,1,Mumbai,55000
Hero Splendor Plus 100cc,Hero,3,100,9900,1,Delhi,42630
Bajaj Boxer BM150,Bajaj,9,150,87383,1,Delhi,22345
Bajaj Pulsar 135LS,Bajaj,4,135,7125,1,Delhi,45000
Harley-Davidson Street 750,Harley-Davidson,5,750,2607,1,Gurgaon,460000
Bajaj Pulsar 150cc,Bajaj,9,150,19262,1,Gautam Buddha Nagar,22000
Honda CB Shine 125cc,Honda,6,125,19999,1,Gurgaon,30500
Honda CD 110 Dream,Honda,4,110,11314,1,Gurgaon,35600
Bajaj Discover 135cc,Bajaj,13,135,25398,3,Mumbai,14000
Royal Enfield Bullet Electra 350cc,Royal Enfield,6,350,25000,1,Delhi,85000
Royal Enfield Himalayan 410cc Fi ABS,Royal Enfield,2,410,250,1,Guwahati,166000
TVS Sport 100cc,TVS,5,100,19744,1,Faridabad,24000
Hero Ignitor Disc 125cc,Hero,8,125,16500,1,Delhi,27000
Bajaj Pulsar 220cc,Bajaj,4,220,10386,1,Delhi,68000
Honda X-Blade 160cc,Honda,3,160,6000,1,Delhi,81000
Royal Enfield Bullet Twinspark 500cc,Royal Enfield,6,500,12300,1,Delhi,90000
TVS Apache RTR 180cc,TVS,2,180,900,1,Gurgaon,88000
TVS Apache RTR 160 4V Disc,TVS,3,160,5112,1,Delhi,78000
Royal Enfield Classic 350cc,Royal Enfield,3,350,13800,1,Delhi,125000
Royal Enfield Bullet Electra 350cc,Royal Enfield,5,350,16000,1,Mumbai,110000
Hero Passion Pro 100cc,Hero,12,100,23371,1,Pune,28000
Bajaj V15 150cc,Bajaj,4,150,1700,1,Ludhiana,61000
Hero Xtreme Sports Rear Disc 150cc,Hero,4,150,7021,1,Chennai,53000
Bajaj CT 100 100cc,Bajaj,5,100,12000,1,Delhi,26000
Suzuki Gixxer SF Fi 150cc ABS,Suzuki,3,150,4800,1,Delhi,74000
Honda CB Shine 125cc,Honda,3,125,22819,1,Chaksu,42000
Hero Passion Pro 100cc,Hero,10,100,58000,1,Delhi,21000
Bajaj Discover 100cc,Bajaj,10,100,23000,1,Jhansi,14800
TVS Star City Plus 110cc,TVS,4,110,28725,1,Chaksu,31500
Hero Xtreme 200R,Hero,3,200,12000,1,Delhi,80000
TVS Apache RTR 160cc,TVS,5,160,55326,1,Delhi,47000
Suzuki Intruder 150cc,Suzuki,3,150,1408,1,Delhi,95000
Bajaj CT 100 ES Alloy,Bajaj,2,100,2564,1,Faridabad,39000
Bajaj Platina  Alloy ES-100cc,Bajaj,2,100,12193,1,Faridabad,39000
Honda CB Unicorn 150cc,Honda,10,150,30000,1,Pune,35000
Bajaj Discover 100cc,Bajaj,9,100,26000,1,Jhansi,15300
Hero CD Deluxe 100cc,Hero,5,100,18000,1,Delhi,29000
Hero CD Deluxe 100cc,Hero,6,100,20904,1,Kota,37500
KTM Duke 250cc,KTM,2,250,2800,1,24 Pargana,170000
TVS Apache RTR 200 4V Carburetor,TVS,4,200,8000,1,Delhi,65000
Hero Splendor Plus 100cc,Hero,12,100,35000,1,Jhansi,16600
Hero Splendor Plus 100cc,Hero,13,100,26000,2,Jhansi,13700
Yamaha YZF-R15 2.0 150cc,Yamaha,5,150,25205,1,Delhi,65000
Yamaha MT-15 150cc,Yamaha,2,150,7000,1,Ankleshwar,125100
Honda CBF Stunner 125cc,Honda,11,125,24801,1,Pune,26000
Bajaj Avenger Street 220,Bajaj,5,220,27000,2,Delhi,59999
Bajaj  Pulsar 180cc,Bajaj,13,180,51516,1,Pune,22000
Honda CB Trigger 150cc,Honda,6,150,83000,1,Pune,47000
Hero Splendor Pro 100cc,Hero,10,100,23936,1,Pune,32000
KTM Duke 390cc,KTM,6,390,11000,1,Pune,140000
Bajaj Discover 150F,Bajaj,6,150,45000,1,Purnia,43000
Bajaj Pulsar RS200 ABS,Bajaj,6,200,27500,1,Hyderabad,90000
Royal Enfield Bullet Electra 350cc,Royal Enfield,9,350,24000,1,Mumbai,90000
TVS Apache RTR 160 4V Disc,TVS,3,160,10000,2,Delhi,65000
TVS Apache RTR 200 4V Carburetor,TVS,4,200,21200,1,Kalyan,64600
Bajaj Avenger 220cc,Bajaj,7,220,42000,2,Pune,47000
Hyosung GT 650N,Hyosung,4,650,2500,1,Delhi,340000
Triumph Street Twin 900cc,Triumph,3,900,2500,1,Delhi,790000
Hero Passion Pro 100cc,Hero,10,100,45000,1,Delhi,22000
Yamaha FZs 150cc,Yamaha,10,150,33000,2,Delhi,22000
Suzuki Gixxer SF 150cc Special MOTOGP Edition Rear Disc,Suzuki,4,150,18000,1,Delhi,63700
Hero Splendor Plus 100cc,Hero,11,100,22608,1,Pune,28000
Honda Dream Yuga 110cc,Honda,8,110,105500,1,Bangalore,30000
Honda CB Shine 125cc,Honda,5,125,23199,1,Delhi,30000
Bajaj Dominar 400 ABS,Bajaj,3,400,800,1,Jalandhar,140000
Hero Splendor Plus 100cc,Hero,12,100,40000,1,Pune,25000
Bajaj V15 150cc,Bajaj,5,150,27192,1,Pune,48000
Bajaj Pulsar RS200,Bajaj,4,200,6700,1,Thane,90000
Bajaj Dominar 400 ABS,Bajaj,3,400,3084,1,Tiruverkadu,96750
Bajaj CT 100 100cc,Bajaj,3,100,19808,1,Faridabad,32000
Bajaj V15 150cc,Bajaj,5,150,27451,1,Faridabad,31000
Bajaj Platina 100cc,Bajaj,4,100,16884,1,Faridabad,30000
Bajaj CT 100 Alloy,Bajaj,4,100,11131,1,Faridabad,30000
Bajaj Discover 100M,Bajaj,7,100,23697,1,Pune,30000
Bajaj Platina  Alloy ES-100cc,Bajaj,2,100,12692,1,Faridabad,38000
Bajaj Platina  Alloy ES-100cc,Bajaj,3,100,11047,1,Faridabad,38000
Hero Splendor Plus 100cc,Hero,11,100,15000,1,Ludhiana,23000
Mahindra Centuro 110cc,Mahindra,6,110,29451,2,Delhi,35000
Hero HF Deluxe self Alloy 100cc,Hero,3,100,7788,1,Faridabad,40000
Royal Enfield Classic 350cc,Royal Enfield,6,350,25600,1,Delhi,109000
Royal Enfield Classic 350cc,Royal Enfield,5,350,7299,1,Delhi,108000
Royal Enfield Bullet Twinspark 350cc,Royal Enfield,4,350,12822,1,Faridabad,105000
Royal Enfield Classic 500cc,Royal Enfield,8,500,8765,1,Delhi,90000
Bajaj Discover 125cc,Bajaj,9,125,36451,1,Ahmedabad,24500
Bajaj Platina 100cc,Bajaj,9,100,37473,1,Faridabad,20000
Hero CD Deluxe 100cc,Hero,8,100,22845,1,Jaipur,31500
TVS Apache RTR 180cc,TVS,3,180,26421,1,Chaksu,66000
TVS Apache RTR 160cc,TVS,4,160,13200,1,Delhi,62000
TVS Apache RTR 160cc,TVS,3,160,23226,1,Faridabad,62000
KTM Duke 390cc,KTM,4,390,19000,1,Mumbai,177300
Royal Enfield Classic Chrome 500cc,Royal Enfield,4,500,17346,1,Pune,159700
Royal Enfield Classic 350cc,Royal Enfield,4,350,11400,1,Bahadurgarh,115400
Bajaj Avenger 220cc,Bajaj,7,220,17028,1,Thane,42000
Royal Enfield Classic Stealth Black 500cc,Royal Enfield,3,500,3600,1,Aurangabad,190000
TVS Apache RTR 180cc,TVS,8,180,40000,1,Coimbatore,39000
Honda CB Shine 125cc,Honda,10,125,20473,1,Pune,28000
Honda CB Unicorn 150cc,Honda,10,150,22000,1,Pune,42000
Harley-Davidson Street 750,Harley-Davidson,6,750,9000,1,Delhi,428600
Honda CB Trigger 150cc,Honda,8,150,17300,2,Noida,30000
Honda CBR 150R 150cc,Honda,7,150,16664,1,Vadodara,65000
Triumph Street Triple 765,Triumph,3,765,2100,1,Udaipur,860000
Benelli TNT 300,Benelli,4,300,7000,1,Delhi,315000
TVS Apache RTR 160 4V Disc,TVS,3,160,32644,1,Delhi,68000
Royal Enfield Interceptor 650cc,Royal Enfield,2,650,6500,1,Ahmedabad,270000
Bajaj Pulsar 150cc,Bajaj,12,150,48000,1,Ahmedabad,14000
Bajaj Avenger Street 150,Bajaj,5,150,8000,1,Hyderabad,70000
Royal Enfield Thunderbird 350cc,Royal Enfield,6,350,40000,2,Coimbatore,128000
KTM RC 390cc,KTM,7,390,20000,1,Bangalore,130000
Harley-Davidson Street 750,Harley-Davidson,7,750,6000,1,Hyderabad,380700
Bajaj Pulsar RS200 ABS,Bajaj,4,200,11760,1,Jaipur,90000
Yamaha FZs 150cc,Yamaha,9,150,11217,1,Delhi,60000
Royal Enfield Bullet Twinspark 350cc,Royal Enfield,4,350,6200,1,Jalandhar,109000
Royal Enfield Thunderbird X 350cc,Royal Enfield,3,350,3000,1,Jalandhar,148000
Hero Splendor Plus Self Alloy 100cc,Hero,3,100,3400,1,Jodhpur,50000
Royal Enfield Classic Chrome 500cc,Royal Enfield,5,500,3198,1,Faridabad,102850
Honda CB Trigger 150cc,Honda,7,150,38527,1,Mumbai,34850
Bajaj Avenger Cruise 220,Bajaj,3,220,16000,1,Bangalore,90000
Hero Xtreme 200R ABS,Hero,2,200,6600,1,Sheikhpura,88000
KTM Duke 390cc,KTM,4,390,6700,1,Kolhapur,220000
Hero Splendor iSmart 110cc,Hero,4,110,65718,1,Jalandhar,50000
Yamaha FZ V 2.0 150cc,Yamaha,4,150,8418,1,Delhi,70000
Bajaj Pulsar RS200 ABS,Bajaj,4,200,3300,1,Asansol,140000
Bajaj Avenger 220cc,Bajaj,10,220,32994,1,Delhi,35000
Bajaj Pulsar 150cc,Bajaj,3,150,14000,1,Delhi,65000
Royal Enfield Thunderbird 350cc,Royal Enfield,4,350,20000,1,Bangalore,130000
Hyosung GT250R,Hyosung,7,250,5100,1,Delhi,180500
Honda CBF Stunner 125cc,Honda,9,125,28000,1,Lucknow,18000
Royal Enfield Bullet 500cc,Royal Enfield,2,500,8000,1,Delhi,164100
TVS Apache RTR 160 4V Drum,TVS,3,160,15929,1,Vadodara,85000
Yamaha SZ RR V 2.0 150cc Limited Edition,Yamaha,4,150,5600,1,Ludhiana,54000
Bajaj Platina 100cc,Bajaj,5,100,7758,1,Delhi,28000
Yamaha FZs 150cc,Yamaha,7,150,35000,2,Delhi,28300
Bajaj Pulsar 135LS,Bajaj,7,135,18000,1,Delhi,23500
Yamaha Fazer 150cc,Yamaha,8,150,13250,2,Delhi,30000
Royal Enfield Machismo 500cc,Royal Enfield,13,500,43500,1,Bangalore,94200
Bajaj Dominar 400 ABS,Bajaj,4,400,13000,1,Delhi,110000
TVS Apache RTR 200 4V Carburetor,TVS,4,200,7400,1,Gurgaon,83000
Yamaha FZs 150cc,Yamaha,11,150,12580,2,Delhi,23300
Royal Enfield Standard 350cc,Royal Enfield,27,350,1400,2,Chennai,250000
Yamaha YZF-R15 V3 150cc,Yamaha,3,150,27300,1,Lucknow,100000
Hero Honda Splendor 100cc,Hero,10,100,20000,1,Bangalore,15600
Royal Enfield Bullet 350cc,Royal Enfield,6,350,12447,1,Mumbai,92000
Royal Enfield Bullet Twinspark 500cc,Royal Enfield,6,500,41036,1,Delhi,70440
Hero HF Deluxe self Alloy 100cc,Hero,3,100,12000,1,Delhi,50000
KTM Duke 250cc,KTM,3,250,6218,1,Mumbai,160000
KTM Duke 250cc,KTM,4,250,15000,1,Mumbai,140000
Yamaha YZF-R15 2.0 150cc,Yamaha,4,150,8600,1,Pune,108600
Royal Enfield Thunderbird 500cc,Royal Enfield,8,500,33500,1,Surat,110000
Hero Ignitor Disc 125cc,Hero,8,125,55000,1,Bangalore,27000
Bajaj V15 150cc,Bajaj,3,150,1210,1,Mumbai,52000
Hero Passion Pro 100cc,Hero,7,100,28658,1,Delhi,26000
Royal Enfield Classic 350cc,Royal Enfield,4,350,8000,1,Jalandhar,123000
Royal Enfield Classic 350cc,Royal Enfield,4,350,3300,1,Jalandhar,135000
KTM Duke 390cc,KTM,3,390,8500,1,Delhi,228800
Royal Enfield Bullet Twinspark 350cc,Royal Enfield,5,350,7000,1,Delhi,100000
Honda CBR 250R ABS,Honda,7,250,34000,1,Guwahati,90000
Bajaj Pulsar 220cc,Bajaj,5,220,31000,1,Bangalore,70000
Royal Enfield Classic 350cc,Royal Enfield,9,350,32000,1,Gurgaon,71299
Royal Enfield Classic 350cc,Royal Enfield,5,350,9855,1,Kolkata,98000
Royal Enfield Thunderbird 350cc,Royal Enfield,10,350,19400,1,Hyderabad,50000
Honda CBR 150R 150cc,Honda,5,150,12728,1,Mumbai,58000
Honda CBR 150R Deluxe,Honda,5,150,22500,1,Pondicherry,75000
TVS Apache RTR 200 4V Carburetor,TVS,4,200,17000,1,Delhi,65000
Bajaj Pulsar 150cc,Bajaj,9,150,77000,1,Bangalore,32000
Bajaj Pulsar 150cc,Bajaj,4,150,5000,1,Bangalore,72500
TVS Apache RTR 200 4V Carburetor,TVS,3,200,5600,1,Sirsa,85000
Honda CB Hornet 160R CBS,Honda,5,160,6500,1,Gurgaon,46500
TVS Sport 100cc,TVS,6,100,21570,1,Ghaziabad,20000
Yamaha YZF-R1M 1000cc,Yamaha,5,1000,183,1,Surat,600000
Royal Enfield Bullet 350cc,Royal Enfield,4,350,9100,1,Ludhiana,115000
Royal Enfield Bullet 500cc,Royal Enfield,5,500,21000,1,Mumbai,102600
Royal Enfield Classic 350cc,Royal Enfield,7,350,16000,2,Ghaziabad,63618
Royal Enfield Thunderbird X 350cc,Royal Enfield,3,350,4200,1,Hyderabad,160000
KTM RC 390cc,KTM,4,390,10000,1,Bangalore,230000
Royal Enfield Classic 350cc,Royal Enfield,5,350,20200,1,Amritsar,136000
Bajaj  Pulsar 180cc,Bajaj,13,180,36500,1,Ludhiana,16000
Royal Enfield Classic 350cc,Royal Enfield,3,350,13000,1,Patna,130000
Royal Enfield Thunderbird 500cc,Royal Enfield,5,500,50000,1,Bangalore,130000
KTM Duke 390cc,KTM,4,390,6000,1,Chennai,215000
Bajaj Pulsar 220F,Bajaj,8,220,42000,1,Bangalore,40000
Hero CBZ Xtreme 150cc,Hero,12,150,25000,1,Rajkot,16088
Bajaj Avenger Street 150,Bajaj,5,150,21000,1,Lucknow,44400
Yamaha YZF-R15 2.0 150cc,Yamaha,4,150,27000,1,Delhi,56950
Bajaj Avenger Street 220,Bajaj,5,220,18700,1,Delhi,60000
Royal Enfield Classic 500cc,Royal Enfield,8,500,12800,1,Bangalore,101000
KTM RC 200cc,KTM,4,200,13000,1,Patna,160000
Bajaj Discover 125cc,Bajaj,13,125,52342,1,Ahmedabad,21000
Bajaj Dominar 400 ABS,Bajaj,4,400,36000,1,Hyderabad,110000
Hero Passion Pro 100cc,Hero,11,100,27116,1,Gurgaon,25000
Hero Achiever Disc 150cc,Hero,4,150,9500,1,Kolkata,45000
Bajaj Pulsar 220F,Bajaj,4,220,31767,1,Pune,70000
TVS Apache RR310,TVS,3,310,2845,1,Jaipur,185000
Bajaj Pulsar NS160,Bajaj,3,160,13982,1,Delhi,58416
Suzuki Gixxer SF 150cc,Suzuki,5,150,49000,1,Chennai,47000
Bajaj CT 100 100cc,Bajaj,5,100,21000,1,Bhopal,25000
Royal Enfield Classic 500cc,Royal Enfield,2,500,5000,1,Baripara,181200
Harley-Davidson Street 750 ABS,Harley-Davidson,2,750,2592,1,Ahmedabad,560000
Yamaha YZF-R15 2.0 150cc,Yamaha,7,150,75000,1,Chennai,54800
Hero Karizma R 223cc,Hero,14,223,8000,1,Delhi,20400
KTM RC 390cc,KTM,2,390,5100,1,Surat,210000
Royal Enfield Classic 500cc,Royal Enfield,4,500,2100,1,Patna,158400
Hero Splendor Plus 100cc,Hero,7,100,38790,1,Gurgaon,23000
Hero HF Deluxe 100cc,Hero,5,100,4130,1,Gurgaon,23000
Hero HF Deluxe 100cc,Hero,10,100,30000,1,Gurgaon,18000
Bajaj Pulsar RS200 ABS,Bajaj,6,200,26000,1,Patna,83000
Royal Enfield Classic Desert Storm 500cc,Royal Enfield,3,500,16800,1,Godavari,140000
Bajaj Pulsar 220cc,Bajaj,5,220,15000,2,Delhi,49500
Hero Splendor iSmart 110cc,Hero,4,110,14000,1,Delhi,38000
Royal Enfield Thunderbird 350cc,Royal Enfield,6,350,18000,1,Delhi,115000
KTM RC 200cc,KTM,6,200,12000,1,Pune,120000
Royal Enfield‎ Bullet 350cc,Royal Enfield,9,350,26000,2,Delhi,95000
Hero Glamour i3s 125cc,Hero,4,125,12000,1,Delhi,37000
Harley-Davidson Roadster XL 1200CX,Harley-Davidson,3,1200,11000,1,Delhi,865000
Royal Enfield Classic Gunmetal Grey 350cc,Royal Enfield,3,350,3000,1,Jalandhar,145000
Royal Enfield Classic Gunmetal Grey 350cc,Royal Enfield,3,350,4000,1,Jalandhar,148000
Royal Enfield Classic Gunmetal Grey 350cc,Royal Enfield,3,350,4900,1,Jalandhar,145000
Harley-Davidson Iron 883,Harley-Davidson,5,883,1210,1,Ajmer,670000
Harley-Davidson Iron 883,Harley-Davidson,8,883,3500,1,Mumbai,453700
Harley-Davidson Iron 883,Harley-Davidson,5,883,800,1,Moradabad,599999
Yamaha Fazer FI V 2.0 150cc,Yamaha,5,150,9500,1,Bangalore,70000
Yamaha FZ S V 2.0 150cc,Yamaha,6,150,28700,2,Noida,46000
Bajaj Platina  Alloy ES-100cc,Bajaj,3,100,13170,1,Faridabad,38000
Suzuki Gixxer 150cc,Suzuki,6,150,45000,1,Bangalore,45000
Yamaha FZ 150cc,Yamaha,12,150,26000,2,Navi Mumbai,25000
TVS Apache RR310,TVS,3,310,14800,1,Delhi,187000
TVS Apache RR310,TVS,3,310,14870,1,Pune,185000
Hero Passion Pro 100cc,Hero,8,100,33172,1,Pune,35000
Honda Dream Yuga 110cc,Honda,2,110,6518,1,Pune,57000
Bajaj Pulsar RS200 ABS,Bajaj,3,200,5319,1,Pune,123000
Bajaj Platina 100cc,Bajaj,8,100,26000,1,Jhansi,20400
Bajaj Discover 100cc,Bajaj,8,100,32000,1,Delhi,23000
Yamaha FZ S V 2.0 150cc,Yamaha,7,150,25000,1,Delhi,37000
Royal Enfield Classic 350cc,Royal Enfield,10,350,11000,2,Delhi,71000
TVS Apache RTR 180cc,TVS,3,180,7000,2,Delhi,70000
Bajaj Pulsar 180cc,Bajaj,10,180,30042,1,Pune,32000
Honda CBR 250R ABS,Honda,9,250,5678,3,Mumbai,62700
Royal Enfield‎ Bullet 350cc,Royal Enfield,37,350,19000,4,Raipur,85990
Hero CBZ Xtreme 150cc,Hero,10,150,39000,2,Pune,46000
Royal Enfield Classic Desert Storm 500cc,Royal Enfield,7,500,19926,2,Gurgaon,135000
Honda CB Shine 125cc,Honda,15,125,26835,1,Mumbai,16500
Honda CB Hornet 160R CBS,Honda,4,160,15000,1,Mumbai,65000
Hero Passion Xpro 110cc,Hero,3,110,9600,1,Navsari,55555
Triumph Tiger 800 XR,Triumph,5,800,31500,1,Pune,1170000
Royal Enfield Classic Chrome 500cc,Royal Enfield,9,500,15000,1,Herbertpur,150000
KTM Duke 200cc ABS,KTM,2,200,7000,1,Kolkata,152200
Royal Enfield Himalayan 410cc,Royal Enfield,5,410,15000,1,Faridabad,124999
TVS Apache RR310,TVS,3,310,2200,1,Jamshedpur,180500
Honda CB Shine 125cc,Honda,7,125,20675,1,Pune,42000
Harley-Davidson Iron 883,Harley-Davidson,3,883,5700,1,Bangalore,939200
Hero CD Deluxe 100cc,Hero,9,100,33018,1,Jodhpur,19000
Royal Enfield Classic 350cc,Royal Enfield,6,350,9800,1,Chennai,96100
Yamaha FZs 150cc,Yamaha,7,150,31003,1,Chennai,40000
Royal Enfield Classic 350cc,Royal Enfield,5,350,15000,1,Kanpur,120000
Bajaj Pulsar AS200,Bajaj,6,200,32000,2,Ramanagar,46300
Honda CBR1000RR Fireblade,Honda,11,1000,16000,1,Gurgaon,799999
Bajaj Platina 100cc,Bajaj,2,100,8491,1,Faridabad,39000
Honda SP125 Disc BS6,Honda,2,125,25000,1,Mumbai,73200
Bajaj Pulsar 180cc,Bajaj,5,180,49073,1,Pune,39000
Bajaj Pulsar 220F,Bajaj,4,220,2164,1,Thane,65000
Bajaj V15 150cc,Bajaj,5,150,12315,1,Faridabad,31000
KTM RC 200cc,KTM,6,200,15500,1,Mumbai,98600
Bajaj Discover 100cc,Bajaj,10,100,37734,1,Ahmedabad,20000
Yamaha YZF-R15 150cc,Yamaha,9,150,30600,2,Ahmedabad,46500
Mahindra Centuro 110cc,Mahindra,6,110,15200,1,Chandigarh,27000
KTM Duke 250cc,KTM,3,250,7840,1,Chennai,135000
Bajaj Platina 110 H Gear Disc,Bajaj,2,110,18346,1,Jaipur,43500
KTM Duke 390cc,KTM,7,390,25754,1,Delhi,75000
KTM Duke 390cc,KTM,7,390,30000,1,Mumbai,90000
Hero Splendor Plus 100cc,Hero,4,100,53000,1,Jalandhar,35000
Royal Enfield Thunderbird 350cc,Royal Enfield,10,350,45000,1,Delhi,67000
Kawasaki Z900,Kawasaki,3,900,14500,1,Berhampur,710000
Bajaj Pulsar 220F,Bajaj,7,220,29000,1,Kolkata,55000
Honda CBR 150R 150cc,Honda,5,150,6500,1,Solapur,100000
Honda CB Shine 125cc,Honda,4,125,12356,1,Ernakulam,32702
Hero Karizma R 223cc,Hero,9,223,11565,1,Delhi,23000
Bajaj Avenger Street 220,Bajaj,6,220,15000,1,Thane,60000
Benelli TNT 600i,Benelli,5,600,13000,1,Mumbai,450000
Royal Enfield Himalayan 410cc,Royal Enfield,5,410,21407,2,Mumbai,92500
TVS Apache RTR 160cc,TVS,9,160,54500,1,Bangalore,30000
Hero Honda Splendor 100cc,Hero,10,100,61145,2,Ghaziabad,10000
Royal Enfield Continental GT 535cc,Royal Enfield,6,535,17750,1,Gurgaon,99000
Honda CB Hornet 160R CBS,Honda,5,160,12050,1,Kolkata,61000
Royal Enfield Thunderbird 350cc,Royal Enfield,5,350,32000,1,Vadodara,120000
Hero Super Splendor 125cc,Hero,11,125,38385,1,Surat,30000
KTM Duke 200cc,KTM,9,200,7000,1,Delhi,73000
Honda Dream Yuga 110cc,Honda,5,110,20812,1,Mumbai,34000
Hero Passion Pro 100cc,Hero,11,100,50000,1,Durg,23000
Honda CB Hornet 160R CBS,Honda,3,160,4500,1,Hyderabad,80000
Hero Passion Plus 100cc,Hero,16,100,90000,1,Udaipur,15000
Hero Passion Pro 100cc,Hero,7,100,44000,1,Chennai,30000
Bajaj Avenger Street 150,Bajaj,4,150,15600,1,Chennai,70500
Hero Splendor Plus 100 cc,Hero,16,100,10000,1,Thane,15000
KTM RC 200cc,KTM,4,200,15000,1,Thane,120000
Bajaj Pulsar NS200,Bajaj,3,200,600,1,Vijayawada,89000
Bajaj Pulsar 150cc,Bajaj,14,150,34710,3,Ahmedabad,15000
KTM RC 390cc,KTM,4,390,13400,1,Delhi,160000
KTM Duke 200cc,KTM,6,200,8200,2,Delhi,95000
Hero CBZ Xtreme 150cc,Hero,11,150,79305,1,Ghaziabad,14000
Royal Enfield Himalayan 410cc,Royal Enfield,4,410,10312,1,Pune,125000
TVS Apache RTR 200 4V ABS Race Edition,TVS,3,200,11068,1,Delhi,58742
Royal Enfield Standard 350cc,Royal Enfield,6,350,16771,1,Ludhiana,102500
Royal Enfield Interceptor 650cc,Royal Enfield,2,650,5000,1,Mumbai,280000
Hyosung GT 650N,Hyosung,8,650,7800,1,Delhi,230000
Bajaj Pulsar NS160,Bajaj,4,160,3500,1,Mumbai,82000
Bajaj V15 150cc,Bajaj,5,150,7840,1,Chennai,46000
Honda CBR 250R Repsol,Honda,4,250,8970,1,Gurgaon,90600
Royal Enfield Classic 350cc,Royal Enfield,7,350,21000,1,Faridabad,81100
Hero Splendor Plus 100cc,Hero,11,100,19976,1,Pune,30000
Bajaj Discover 100cc,Bajaj,7,100,25000,1,Mumbai,29500
TVS Apache RR310,TVS,3,310,17000,1,Chennai,185000
Bajaj Pulsar 135LS,Bajaj,8,135,25341,1,Mumbai,34500
Triumph Bonneville T100 865cc,Triumph,7,865,25536,1,Bangalore,550000
Honda CB Hornet 160R STD,Honda,4,160,17100,1,Pune,62000
Royal Enfield Classic Chrome 500cc,Royal Enfield,7,500,26100,1,Hyderabad,90950
Honda CBR 150R 150cc,Honda,8,150,26000,1,Godhara,70000
Royal Enfield Classic 500cc,Royal Enfield,5,500,14900,1,Mumbai,115000
Hero Splendor Pro 100cc,Hero,5,100,10658,1,Chennai,36500
Honda CB Shine 125cc,Honda,3,125,9396,1,Faridabad,42000
Royal Enfield Himalayan 410cc,Royal Enfield,5,410,20000,1,Bangalore,120000
Hero Splendor Plus 100cc,Hero,9,100,20925,1,Pune,32000
TVS Star City Plus 110cc,TVS,5,110,23244,1,Gurgaon,24000
Hero Glamour 125cc,Hero,6,125,46411,1,Gurgaon,25000
Kawasaki Z650,Kawasaki,2,650,8000,1,Mumbai,499000
Yamaha YZF-R1M 1000cc,Yamaha,5,1000,152,1,Faridabad,600000
Yamaha RX135 135cc 4-Speed,Yamaha,24,135,300,3,Mumbai,85000
Benelli 302R,Benelli,4,302,12000,1,Jalandhar,250000
Kawasaki Z900,Kawasaki,3,900,182,1,Coimbatore,500000
TVS Apache RTR 180cc,TVS,5,180,16000,1,Ahmedabad,35999
Bajaj Dominar 400 ABS,Bajaj,4,400,15000,1,Bangalore,130000
Hero Splendor iSmart 100cc,Hero,5,100,15000,1,Satara,25000
Honda CB Shine 125cc,Honda,4,125,7658,1,Surat,54000
Harley-Davidson Street 750,Harley-Davidson,4,750,2500,2,Mumbai,395000
TVS Apache RTR 160cc,TVS,8,160,14400,1,Delhi,35000
Yamaha YZF-R15 2.0 150cc,Yamaha,3,150,6500,1,Jaipur,82800
Bajaj Avenger 220cc,Bajaj,10,220,26452,1,Ahmedabad,28500
Royal Enfield Thunderbird X 350cc ABS,Royal Enfield,2,350,14000,1,Sonipat,151300
Royal Enfield Himalayan 410cc,Royal Enfield,4,410,8700,1,Murad Nagar,131000
Yamaha FZ16 150cc,Yamaha,12,150,50000,1,Pune,40000
Mahindra Mojo UT300,Mahindra,3,300,22000,1,Bangalore,126000
Royal Enfield Classic 350cc,Royal Enfield,5,350,33500,1,Ahmedabad,100000
Royal Enfield Thunderbird 350cc,Royal Enfield,5,350,22000,1,Mumbai,120000
Bajaj Discover 125cc,Bajaj,6,125,28000,2,Jhansi,20300
Royal Enfield Classic 350cc Dual Disc,Royal Enfield,2,350,6517,1,Pune,156000
Honda CB 1000R,Honda,6,1000,300,1,Varanasi,800000
Hero CBZ 150cc,Hero,13,150,61000,2,Patna,28000
Honda CBR 600RR,Honda,14,600,8000,2,Solapur,500000
Bajaj V15 150cc,Bajaj,4,150,20127,1,Gurgaon,29156
Ducati Panigale 959,Ducati,5,959,4400,2,Pune,1220000
Bajaj Avenger 220cc,Bajaj,6,220,42500,1,Ahmednagar,56000
Yamaha FZ S V 2.0 150cc,Yamaha,5,150,17000,1,Bangalore,68000
Ducati Monster 797,Ducati,4,797,3000,1,Delhi,625000
Ducati Monster 1200,Ducati,10,1200,16000,1,Ahmedabad,680000
Hero Splendor Plus 100cc,Hero,11,100,15500,1,Ludhiana,24000
Suzuki GSX-R 1000cc,Suzuki,3,1000,183,1,Aurangabad,700000
KTM Duke 390cc,KTM,4,390,32000,1,Bagalkot,180800
Honda CB Shine 125cc,Honda,10,125,24936,1,Pune,30000
Honda CB Shine 125cc,Honda,11,125,6231,1,Pune,28000
Hero Passion Pro 100cc,Hero,12,100,66000,1,Chennai,20100
Hero CD 100SS,Hero,24,100,646000,1,Chennai,10000
Suzuki Hayabusa 1300cc,Suzuki,8,1300,312,1,Mumbai,950000
Suzuki Hayabusa 1300cc,Suzuki,7,1300,3800,1,Chandrapur,1250000
TVS Apache RTR 160cc,TVS,9,160,56592,1,Jaipur,19542
Honda CB Twister 110cc,Honda,8,110,19800,1,Delhi,22800
Royal Enfield Thunderbird 350cc,Royal Enfield,6,350,14000,1,Delhi,101100
Hero Splendor iSmart 110cc,Hero,4,110,19000,1,Gurgaon,32000
Hero CD Deluxe 100cc,Hero,4,100,26000,1,Gurgaon,30000
Yamaha Fazer 150cc,Yamaha,10,150,76000,1,Hyderabad,27500
Honda CB Unicorn 160 STD,Honda,6,160,9000,2,Mumbai,35000
Yamaha MT-15 150cc,Yamaha,2,150,1500,1,Delhi,125000
Royal Enfield Classic 500cc,Royal Enfield,10,500,3400,1,Delhi,66200
Bajaj Avenger Street 220,Bajaj,5,220,38800,1,Kolkata,50900
Hyosung GT250R,Hyosung,4,250,3700,1,Bangalore,335000
Benelli TNT 899,Benelli,4,899,6000,1,Delhi,575000
Royal Enfield Classic Gunmetal Grey 350cc,Royal Enfield,3,350,14171,1,Bangalore,135000
Hero Splendor Pro 100cc,Hero,5,100,20700,1,Jaipur,39000
Hero Passion Pro 100cc,Hero,5,100,22518,1,Jaipur,33000
TVS Apache RTR 180cc ABS,TVS,4,180,38311,2,Mumbai,47500
TVS Apache RTR 200 4V ABS,TVS,2,200,4500,1,Mumbai,92000
KTM Duke 200cc,KTM,8,200,15000,1,Hyderabad,84300
Royal Enfield Thunderbird 350cc,Royal Enfield,6,350,10000,1,Gurgaon,85000
Royal Enfield Himalayan 410cc,Royal Enfield,5,410,15000,1,Hyderabad,120000
Bajaj Avenger Cruise 220,Bajaj,5,220,25000,1,Mumbai,53900
Yamaha FZ 150cc,Yamaha,12,150,28000,2,Bangalore,18000
Royal Enfield Continental GT 535cc,Royal Enfield,5,535,8000,1,Jamtara,94836
Royal Enfield Interceptor 650cc,Royal Enfield,2,650,8500,1,Delhi,265000
Bajaj Avenger Cruise 220,Bajaj,5,220,17000,1,Noida,70000
Ducati Monster 796 Corse Stripe,Ducati,9,796,30000,1,Chennai,380000
Honda CBR 150R 150cc,Honda,9,150,62000,1,Bangalore,69000
Yamaha FZ 150cc,Yamaha,11,150,14000,1,Delhi,24000
TVS Apache RTR 200 4V Fi,TVS,5,200,14497,1,Bangalore,68000
Royal Enfield Classic 350cc,Royal Enfield,3,350,12000,1,Mumbai,145000
Hero Passion Pro 100cc,Hero,9,100,25683,1,Delhi,24000
Honda CB Twister 110cc,Honda,11,110,22000,1,Delhi,21000
Hero Passion Pro 100cc,Hero,4,100,17225,1,Delhi,36000
Honda CD 110 Dream,Honda,2,110,7119,1,Chennai,48000
Royal Enfield Bullet Electra 350cc,Royal Enfield,9,350,17400,1,Pune,92000
Royal Enfield Classic 350cc,Royal Enfield,5,350,19033,1,Chennai,98000
Hero Passion Pro 100cc,Hero,11,100,45000,1,Ludhiana,19500
Bajaj Discover 100cc,Bajaj,9,100,45000,1,Ludhiana,17000
Yamaha FZ 150cc,Yamaha,7,150,28000,1,Bangalore,50000
Bajaj Pulsar 150cc,Bajaj,10,150,36000,1,Ahmedabad,20000
TVS Apache RR310,TVS,3,310,14000,1,Delhi,205000
Royal Enfield Thunderbird 350cc,Royal Enfield,7,350,23000,1,Pune,95000
Yamaha YZF-R15 150cc,Yamaha,11,150,32011,1,Pune,55000
TVS Apache RTR 180cc ABS,TVS,3,180,6000,1,Delhi,86000
TVS Victor 110cc Disc SBT,TVS,2,110,6000,1,Delhi,54000
Royal Enfield Classic 350cc,Royal Enfield,4,350,9648,1,Pune,132000
Bajaj Avenger Street 150,Bajaj,4,150,16128,1,Pune,62000
Bajaj Avenger Cruise 220,Bajaj,5,220,13157,3,Pune,55000
TVS Apache RTR 160cc,TVS,9,160,19411,1,Pune,35000
Royal Enfield Bullet 350 cc,Royal Enfield,20,350,40000,2,Gurgaon,45000
Yamaha FZ 150cc,Yamaha,9,150,8000,1,Delhi,23500
Bajaj Pulsar 220F,Bajaj,6,220,20000,1,Delhi,41000
Honda CB Trigger 150cc,Honda,8,150,28524,3,Bangalore,30000
Bajaj Pulsar 180cc,Bajaj,3,180,13000,1,Pune,72000
Yamaha FZ S V 2.0 150cc,Yamaha,6,150,37246,1,Pune,50000
Bajaj Pulsar RS200,Bajaj,5,200,2500,1,Ludhiana,107300
Hero CD Deluxe 100cc,Hero,10,100,20108,1,Pune,28000
Hero Glamour 125cc,Hero,11,125,22728,1,Pune,25000
Harley-Davidson Iron 883,Harley-Davidson,4,883,27000,1,Mumbai,540000
KTM Duke 250cc,KTM,4,250,10536,2,Chennai,120000
Bajaj Dominar 400 ABS,Bajaj,4,400,2412,1,Delhi,160000
Honda CB ShineSP 125cc CBS Disc,Honda,2,125,2750,1,Bangalore,65000
Kawasaki Z250,Kawasaki,6,250,10800,2,Delhi,145000
Kawasaki Ninja 300cc,Kawasaki,4,300,180,1,Uppidamangalam,180000
Honda CB ShineSP 125cc,Honda,5,125,25000,1,Delhi,33000
Bajaj Pulsar RS200 ABS,Bajaj,6,200,11000,1,Noida,106100
Bajaj Avenger 220cc,Bajaj,9,220,43000,1,Bangalore,35000
Royal Enfield Classic Squadron Blue 500cc,Royal Enfield,4,500,7000,1,Noida,175000
Royal Enfield Classic Squadron Blue 500cc,Royal Enfield,5,500,18000,1,Thrissur,165073
Honda CB Unicorn 150cc,Honda,16,150,75000,1,Palakkad,13700
TVS Apache RTR 160 4V DISC ABS,TVS,2,160,11496,1,Delhi,85000
Bajaj Avenger Street 220,Bajaj,5,220,5000,1,Nalagarh,54000
Bajaj Avenger Street 220,Bajaj,4,220,9799,1,Delhi,70000
Bajaj Pulsar 180cc,Bajaj,14,180,48785,1,Nagpur,25000
Bajaj CT 100 100cc,Bajaj,15,100,42945,1,Una,9000
Bajaj Avenger Street 150,Bajaj,4,150,32987,1,Bangalore,56000
Hero Glamour 125cc,Hero,14,125,45466,2,Ahmedabad,13000
Bajaj Pulsar RS200 ABS,Bajaj,6,200,45380,1,Bangalore,80000
Royal Enfield Bullet Electra 350cc,Royal Enfield,12,350,30000,2,Rohtak,82000
Royal Enfield Classic 500cc,Royal Enfield,4,500,4800,1,Mysore,190000
Bajaj Avenger 220cc,Bajaj,6,220,3500,1,Thane,60000
Royal Enfield Thunderbird 350cc,Royal Enfield,5,350,13500,1,Chennai,118000
Bajaj Discover 125M,Bajaj,6,125,16000,1,Delhi,32500
Bajaj Avenger 220cc,Bajaj,6,220,7200,1,Hyderabad,60600
Bajaj Pulsar RS200 ABS,Bajaj,6,200,12000,1,Bangalore,112400
Bajaj Pulsar RS200,Bajaj,6,200,20500,1,Bangalore,99999
Royal Enfield Standard 500cc,Royal Enfield,5,500,4200,1,Bangalore,141500
Royal Enfield Thunderbird 350cc,Royal Enfield,4,350,8300,1,Rajkot,140000
Hero Splendor plus 100cc,Hero,4,100,14892,1,Rajkot,50000
Bajaj Avenger 220cc,Bajaj,5,220,10000,1,Rajkot,75000
Bajaj V15 150cc,Bajaj,5,150,15000,1,Delhi,50000
Honda CBR 150R 150cc,Honda,8,150,41000,1,Gandhidham,69000
Bajaj Discover 150cc,Bajaj,6,150,18300,1,Delhi,33400
Honda CBF Stunner 125cc,Honda,6,125,36000,1,Ghaziabad,34400
Royal Enfield Thunderbird 500cc,Royal Enfield,7,500,4600,1,Mumbai,124000
Royal Enfield Classic 350cc,Royal Enfield,7,350,29100,1,Delhi,104000
Hero Splendor iSmart 110cc,Hero,5,110,10000,1,Delhi,47000
Hero Passion Xpro 110cc,Hero,8,110,36850,1,Mumbai,39000
Royal Enfield Thunderbird 350cc,Royal Enfield,7,350,46000,1,Delhi,100000
Bajaj Pulsar 150cc,Bajaj,9,150,28000,1,Gurgaon,38000
Bajaj Pulsar 150cc,Bajaj,4,150,2400,1,Chakan,80000
Honda CB Shine 125cc,Honda,7,125,35000,1,Gurdaspur,32000
TVS Apache RTR 180cc ABS,TVS,5,180,15000,1,Ghaziabad,65000
Royal Enfield Thunderbird 350cc,Royal Enfield,9,350,62000,1,Ahmedabad,73500
Yamaha Fazer 150cc,Yamaha,7,150,20000,1,Delhi,43100
Royal Enfield Classic 350cc,Royal Enfield,7,350,14500,1,Delhi,106700
Royal Enfield Thunderbird 350cc,Royal Enfield,6,350,27000,1,Bangalore,105800
Hero Passion Pro 100cc,Hero,7,100,23430,1,Jaipur,35000
Royal Enfield Classic 500cc,Royal Enfield,7,500,27000,1,Idukki,125000
Bajaj Pulsar 150cc,Bajaj,7,150,26000,1,Pune,65000
Royal Enfield Thunderbird 350cc,Royal Enfield,7,350,18300,1,Bangalore,120000
Suzuki Gixxer 150cc Dual Tone Rear Disc,Suzuki,3,150,610,1,Bangalore,90000
Royal Enfield Thunderbird 500cc,Royal Enfield,9,500,16000,1,Pune,107300
Hero Glamour 125cc,Hero,4,125,7000,1,Shivpuri,57000
Hero Karizma 223cc,Hero,15,223,28300,1,Delhi,19900
Bajaj Pulsar RS200 ABS,Bajaj,4,200,640,1,Ghaziabad,140000
Bajaj Pulsar AS150,Bajaj,5,150,20222,1,Arkalgud,58000
Honda Dream Yuga 110cc,Honda,9,110,54105,1,Ahmedabad,21000
Royal Enfield Classic 350cc,Royal Enfield,4,350,10300,1,Pune,125000
Honda CB Hornet 160R CBS,Honda,5,160,89000,1,Kolkata,55000
Royal Enfield Thunderbird 500cc,Royal Enfield,3,500,10000,1,Ernakulam,140000
Royal Enfield Standard 350cc,Royal Enfield,6,350,20600,1,Gurgaon,101700
TVS Apache RTR 200 4V,TVS,4,200,5000,1,Bangalore,90000
Yamaha FZs 150cc,Yamaha,10,150,14526,1,Ghaziabad,40000
Bajaj Avenger Street 150,Bajaj,5,150,39037,1,Mumbai,50000
Yamaha FZ25 250cc,Yamaha,3,250,11149,1,Thane,110000
Royal Enfield Classic 350cc,Royal Enfield,6,350,17200,1,Bangalore,110000
Yamaha FZ16 150cc,Yamaha,12,150,42500,1,Bangalore,32500
Royal Enfield Thunderbird 350cc,Royal Enfield,6,350,22400,1,Bidar,110000
Bajaj V15 150cc,Bajaj,4,150,11000,1,Rupnagar,35000
Bajaj Discover 125cc,Bajaj,3,125,9500,1,Indore,46400
Royal Enfield Thunderbird 350cc,Royal Enfield,7,350,21000,1,Delhi,84200
Royal Enfield Bullet 500cc,Royal Enfield,3,500,35595,1,Hyderabad,150000
Bajaj Discover 135cc,Bajaj,12,135,46000,1,Delhi,18800
Hero Splendor Plus IBS i3S 100cc,Hero,2,100,4664,1,Delhi,47167
KTM RC 200cc,KTM,6,200,10500,1,Mumbai,120000
Royal Enfield Bullet 350cc,Royal Enfield,5,350,14000,1,Karnal,110000
Bajaj Pulsar RS200 ABS,Bajaj,6,200,15334,1,Bangalore,87000
Bajaj Avenger 220cc,Bajaj,9,220,11500,2,Kolhapur,31100
TVS Victor 110cc Disc,TVS,5,110,7500,1,Chennai,40000
Yamaha FZ16 150cc,Yamaha,9,150,26500,1,Bangalore,40000
Royal Enfield Classic Desert Storm 500cc,Royal Enfield,5,500,29000,1,Chennai,132100
TVS Apache RR310,TVS,3,310,3594,1,Pune,200000
TVS Apache RR310,TVS,3,310,4136,1,Pune,190000
Bajaj Dominar 400,Bajaj,4,400,25000,1,Bhubaneshwar,110000
Yamaha FZs 150cc,Yamaha,8,150,22000,1,Delhi,35000
Honda Livo 110cc,Honda,4,110,5080,1,Gurgaon,40000
Bajaj Avenger Cruise 220,Bajaj,5,220,16296,1,Pune,80000
TVS Star City Plus 110cc,TVS,4,110,35552,1,Ahmedabad,27800
TVS Sport 100cc,TVS,3,100,15000,1,Bangalore,39900
Hero Glamour i3s 125cc,Hero,4,125,17729,1,Gautam Buddha Nagar,55500
Honda CBR 250R,Honda,7,250,14000,1,Ghaziabad,90000
Honda Livo Disc 110cc CBS,Honda,2,110,2780,1,Ghaziabad,65000
Honda CBR 150R 150cc,Honda,8,150,25000,3,Jodhpur,55000
Royal Enfield Classic 500cc,Royal Enfield,5,500,21057,2,Gautam Buddha Nagar,125000
Honda CB Trigger 150cc,Honda,8,150,14000,1,Patiala,38000
Bajaj Discover 100M,Bajaj,9,100,41781,1,Delhi,20000
Bajaj Pulsar 220cc,Bajaj,5,220,18083,1,Delhi,59000
Hero Passion Plus 100cc,Hero,13,100,78000,1,Ahmedabad,15000
Suzuki Gixxer 150cc,Suzuki,7,150,35500,1,Delhi,38700
Yamaha YZF-R15 2.0 150cc,Yamaha,4,150,9000,1,Deoghar,105000
Honda CBF Stunner 125cc,Honda,5,125,17000,1,Chennai,42400
Yamaha FZs 150cc,Yamaha,8,150,53500,1,Delhi,37000
Bajaj Avenger 220cc,Bajaj,10,220,15200,1,Delhi,35000
Bajaj Discover 125ST,Bajaj,8,125,49500,1,Delhi,20000
Yamaha SZR 150cc,Yamaha,10,150,25000,1,Kanchipuram,21200
Bajaj Discover 100T,Bajaj,7,100,32000,1,Amritsar,25000
Yamaha YZF-R15 2.0 150cc,Yamaha,8,150,22000,1,Mumbai,65000
Honda CBF Stunner 125cc,Honda,8,125,16000,1,Delhi,24000
Hero Xtreme 150cc,Hero,5,150,6000,1,Chandigarh,52000
TVS Star City Plus 110cc,TVS,5,110,36000,1,Bhopal,38000
KTM RC 390cc,KTM,6,390,7965,1,Delhi,160000
Royal Enfield Thunderbird 350cc,Royal Enfield,7,350,16250,1,Faridabad,95000
Hero HF Dawn 100cc,Hero,5,100,12045,1,Delhi,32500
Royal Enfield Bullet Electra Twinspark 350cc,Royal Enfield,6,350,22550,1,Delhi,109400
Royal Enfield Classic Desert Storm 500cc,Royal Enfield,7,500,22000,1,Chennai,100000
Yamaha Fazer 150cc,Yamaha,9,150,39000,1,Jaipur,34000
KTM Duke 390cc,KTM,2,390,1500,1,Vapi,260000
Royal Enfield Classic 350cc,Royal Enfield,6,350,26125,1,Guwahati,103700
KTM Duke 200cc,KTM,5,200,24072,1,Navsari,90000
Hero CD Deluxe 100cc,Hero,8,100,13452,1,Ghaziabad,30000
Harley-Davidson Iron 883,Harley-Davidson,6,883,11455,1,Gautam Buddha Nagar,550000
Honda CB Unicorn Dazzler 150cc,Honda,11,150,49000,1,Bangalore,30000
Royal Enfield Continental GT 535cc,Royal Enfield,6,535,7247,2,Thane,115000
Yamaha FZ S V 2.0 150cc,Yamaha,4,150,24000,1,Medak,51000
Honda CBR 250R,Honda,7,250,11004,1,Delhi,80000
Royal Enfield Thunderbird 350cc,Royal Enfield,5,350,26000,1,Chennai,105000
Royal Enfield Thunderbird X 350cc,Royal Enfield,3,350,6500,1,Kasargode,138000
Royal Enfield Classic Gunmetal Grey 350cc,Royal Enfield,3,350,16000,1,Dhanbad,136424
KTM RC 390cc,KTM,6,390,50926,1,Howrah,172000
Bajaj Pulsar RS200,Bajaj,5,200,9100,1,Delhi,107000
Royal Enfield Thunderbird 500cc,Royal Enfield,5,500,24500,1,Guwahati,110000
Royal Enfield Classic Chrome 500cc,Royal Enfield,9,500,21651,1,Ahmedabad,115000
Hero CD Deluxe 100cc,Hero,8,100,35984,1,Delhi,32000
Royal Enfield Standard 500cc,Royal Enfield,4,500,23444,1,Delhi,140000
Royal Enfield Bullet Electra 350cc,Royal Enfield,15,350,36000,1,Pune,81865
Royal Enfield Classic Chrome 500cc,Royal Enfield,5,500,28969,1,Thane,135000
Bajaj V15 150cc,Bajaj,5,150,9718,1,Delhi,50000
Bajaj Avenger 220cc,Bajaj,11,220,37248,1,Ghaziabad,26800
Royal Enfield Thunderbird 500cc,Royal Enfield,5,500,8600,1,Vadodara,153400
Benelli TNT 300,Benelli,4,300,10000,1,Dakshina Kannada,220500
Royal Enfield Thunderbird 350cc,Royal Enfield,8,350,30591,2,Delhi,60000
Hero Splendor NXG 100cc,Hero,9,100,30000,1,Ganaur,18500
Bajaj Avenger Cruise 220,Bajaj,5,220,32276,2,Delhi,50000
Bajaj Avenger 220cc,Bajaj,7,220,60000,1,Kanchipuram,35000
Royal Enfield Classic Squadron Blue 500cc,Royal Enfield,4,500,11191,1,Faridabad,130000
Bajaj V15 150cc,Bajaj,5,150,9177,1,Gurgaon,36000
Bajaj Avenger Cruise 220,Bajaj,5,220,18096,1,Ahmedabad,75000
Bajaj Discover 135cc,Bajaj,13,135,47204,1,Ahmedabad,17000
Royal Enfield Thunderbird 350cc,Royal Enfield,4,350,2600,1,Jamalpur,123800
Royal Enfield Bullet 350cc,Royal Enfield,4,350,27235,1,Chennai,99650
Royal Enfield Bullet Twinspark 500cc,Royal Enfield,6,500,13779,1,Mumbai,94000
TVS Apache RTR 160cc Rear Disc,TVS,4,160,16575,1,Bangalore,70000
Bajaj Avenger Cruise 220,Bajaj,4,220,17547,1,Bangalore,62000
Bajaj Pulsar 180cc,Bajaj,8,180,58706,1,Gurgaon,22000
Yamaha FZ S V 3.0 150cc,Yamaha,2,150,1800,1,Kanchipuram,105000
Bajaj Avenger Street 150,Bajaj,5,150,16873,1,Gurgaon,47000
Bajaj V15 150cc,Bajaj,5,150,40976,1,Ghaziabad,34000
Bajaj Avenger Cruise 220,Bajaj,4,220,610,1,Bangalore,88000
Honda CBF Stunner 125cc,Honda,13,125,37000,1,Delhi,13200
Royal Enfield Thunderbird 350cc,Royal Enfield,5,350,25555,2,Bangalore,100000
Royal Enfield Bullet Twinspark 350cc,Royal Enfield,6,350,39645,1,Bangalore,100000
Yamaha SZR 150cc,Yamaha,10,150,61841,1,Delhi,15500
Royal Enfield Classic Gunmetal Grey 350cc,Royal Enfield,3,350,15559,1,Delhi,135000
Bajaj Discover 125ST,Bajaj,8,125,25000,1,Amraoti,21000
Bajaj Pulsar 220F,Bajaj,7,220,25600,2,Kanchipuram,39000
Bajaj Pulsar 150cc,Bajaj,11,150,44496,1,Gautam Buddha Nagar,22000
Bajaj Pulsar RS200,Bajaj,5,200,16000,2,Pune,110000
Bajaj Avenger Street 220,Bajaj,5,220,42585,1,Delhi,55000
TVS Apache RTR 160cc,TVS,4,160,23185,1,Delhi,62000
Honda Dream Yuga 110cc,Honda,6,110,23188,1,Delhi,26000
Royal Enfield Thunderbird 350cc,Royal Enfield,4,350,3208,1,Hyderabad,150000
Honda Livo Disc 110cc,Honda,3,110,11047,1,Delhi,50000
Bajaj Discover 125cc,Bajaj,15,125,51805,1,Bangalore,11000
Yamaha FZ V 2.0 150cc,Yamaha,6,150,26000,1,Mangalore,40300
Bajaj Avenger Street 150,Bajaj,5,150,5233,1,Gautam Buddha Nagar,48000
KTM RC 390cc,KTM,5,390,1400,1,Delhi,185000
Bajaj Discover 100cc,Bajaj,10,100,70142,1,Ahmedabad,13000
Bajaj Avenger 220cc,Bajaj,8,220,14000,1,Deolali,35000
TVS Apache RTR 180cc,TVS,6,180,20000,2,Delhi,49999
Suzuki Intruder 150cc,Suzuki,3,150,31500,1,Bangalore,82500
Bajaj Avenger 220cc,Bajaj,6,220,29890,1,Surat,40000
Yamaha FZs 150cc,Yamaha,9,150,19000,1,Faridabad,35000
Honda CB Trigger 150cc,Honda,8,150,98971,1,Delhi,25000
Bajaj Dominar 400 ABS,Bajaj,4,400,6832,1,Pune,111200
Suzuki Gixxer SF 150cc ABS,Suzuki,3,150,14802,1,Delhi,71000
Royal Enfield Thunderbird 350cc,Royal Enfield,5,350,25000,2,Gandhinagar,92000
Hero HF Deluxe 100cc,Hero,4,100,12000,1,Jhansi,36900
Honda CB Shine 125cc,Honda,10,125,35000,3,Jhansi,17000
Hero HF Deluxe Self 100cc,Hero,4,100,13000,2,Jhansi,37300
Bajaj Pulsar 135LS,Bajaj,10,135,42107,2,Gurgaon,16000
Honda CBR 150R 150cc,Honda,7,150,9700,1,Thane,78000
Honda CBR 250R,Honda,10,250,20700,1,Delhi,97200
Honda CBF Stunner 125cc,Honda,8,125,35710,1,Delhi,21000
Harley-Davidson Street 750,Harley-Davidson,5,750,1500,1,Jaipur,445600
Bajaj Pulsar RS200,Bajaj,5,200,4300,1,Thane,95000
Honda CBF Stunner 125cc,Honda,8,125,40000,1,Delhi,25000
Bajaj Dominar 400 ABS,Bajaj,4,400,9200,1,Chitradurga,170000
Honda CBR 150R 150cc,Honda,5,150,15618,1,Chinchwad,100000
Mahindra Mojo UT300,Mahindra,2,300,2350,1,Delhi,118000
Kawasaki Z650,Kawasaki,4,650,6000,1,Mumbai,525000
Kawasaki Ninja 650cc,Kawasaki,3,650,8000,1,Bangalore,550000
Hero HF Deluxe 100cc,Hero,6,100,21775,1,Jaipur,34000
Suzuki Gixxer 150cc SP Rear Disc,Suzuki,4,150,19334,1,Mumbai,54000
Suzuki Gixxer SF 150cc ABS,Suzuki,4,150,4200,1,Ranchi,82000
Royal Enfield Classic 350cc,Royal Enfield,5,350,9816,2,Delhi,98000
Royal Enfield Bullet 350cc,Royal Enfield,6,350,20069,2,Chandigarh,95000
BMW G 310 GS,BMW,2,310,14482,1,Mumbai,350000
Bajaj Discover 125cc,Bajaj,6,125,22793,1,Jaipur,25500
Honda Livo 110cc,Honda,6,110,31282,1,Jaipur,31000
KTM Duke 390cc,KTM,3,390,3400,1,Chennai,237200
Royal Enfield Classic 350cc,Royal Enfield,7,350,16400,1,Bangalore,120000
Royal Enfield Classic 350cc,Royal Enfield,6,350,16000,1,Indore,127000
Bajaj Pulsar 180cc,Bajaj,7,180,57000,1,Kanchipuram,35000
Hero Karizma R 223cc,Hero,12,223,50788,1,Bangalore,42500
Hero Ignitor 125cc,Hero,9,125,53301,1,Delhi,30000
Honda CB Unicorn 150cc,Honda,8,150,50000,1,Lucknow,30000
Bajaj Platina 100cc,Bajaj,6,100,48101,1,Gurgaon,19500
Royal Enfield Thunderbird 350cc,Royal Enfield,4,350,20000,1,Bhubaneshwar,105200
Yamaha Fazer 150cc,Yamaha,11,150,100000,2,Noida,17000
Royal Enfield Classic 350cc Signals Edition,Royal Enfield,2,350,10000,1,Bangalore,160000
Royal Enfield Classic 350cc,Royal Enfield,5,350,13260,2,Ratnagiri,80000
Yamaha YZF-R15 150cc,Yamaha,10,150,57000,3,Jhajjar,33000
Bajaj Pulsar 150cc,Bajaj,11,150,55000,2,Chennai,16400
Bajaj Avenger 220cc,Bajaj,6,220,1656,1,Delhi,46000
Royal Enfield Classic 350cc,Royal Enfield,3,350,3841,1,Gurgaon,125000
Hero Splendor iSmart Plus IBS 110cc,Hero,2,110,11584,1,Delhi,50000
Royal Enfield Classic 500cc,Royal Enfield,5,500,31216,1,Delhi,114000
Mahindra Centuro 110cc,Mahindra,8,110,26460,1,Ghaziabad,25000
Bajaj Dominar 400 ABS,Bajaj,4,400,9324,1,Mumbai,135000
Hero Glamour 125cc,Hero,4,125,3607,1,Hyderabad,55000
Royal Enfield Classic 350cc,Royal Enfield,9,350,48602,1,Hyderabad,89000
Hero Passion Plus 100cc,Hero,12,100,23588,1,Delhi,19000
Bajaj Avenger 220cc,Bajaj,6,220,31782,1,Delhi,52000
Hero Glamour 125cc,Hero,5,125,32041,1,Ghaziabad,28000
Suzuki Gixxer SF 150cc,Suzuki,4,150,6000,1,Hyderabad,89900
Royal Enfield Bullet Electra Twinspark 350cc Double Disc,Royal Enfield,3,350,2200,1,Howrah,135000
Harley-Davidson Street 750,Harley-Davidson,5,750,10000,1,Delhi,421000
Royal Enfield Standard 350cc,Royal Enfield,5,350,15400,1,Gurgaon,102200
Royal Enfield Bullet Electra 350cc,Royal Enfield,16,350,9000,1,Durgapur,96000
Bajaj Pulsar RS200 ABS,Bajaj,6,200,18470,1,Gurgaon,91100
Royal Enfield Classic 350cc,Royal Enfield,6,350,40000,1,Noida,100000
Bajaj Pulsar 150cc,Bajaj,14,150,32148,2,Delhi,12000
Bajaj Pulsar 150cc,Bajaj,12,150,30000,1,Delhi,17500
Bajaj Pulsar RS200,Bajaj,6,200,2700,1,Jagdalpur,85000
Suzuki Gixxer 150cc,Suzuki,5,150,28000,1,Hyderabad,52000
TVS Apache RTR 200 4V Carburetor Race Edition 2.0,TVS,3,200,8811,1,Delhi,85000
Bajaj Avenger Street 150,Bajaj,4,150,14600,1,Pune,70000
Bajaj Avenger 220cc,Bajaj,7,220,15091,2,Jaipur,45000
Hero Passion Pro i3S Alloy 100cc,Hero,2,100,1877,1,Ghaziabad,60000
Royal Enfield Thunderbird 500cc,Royal Enfield,8,500,50697,1,Pune,110000
Bajaj Avenger Street 220,Bajaj,5,220,15097,2,Noida,60000
Bajaj Pulsar RS200,Bajaj,5,200,16000,1,Ankleshwar,81700
Bajaj Discover 125cc,Bajaj,10,125,135000,1,Ranoli,13000
Suzuki Intruder 150cc,Suzuki,3,150,13059,1,Delhi,74000
Royal Enfield Thunderbird 500cc,Royal Enfield,5,500,17000,1,Chennai,122400
Yamaha YZF-R15 2.0 150cc,Yamaha,5,150,48000,1,Cuttack,65000
Hero Hunk 150cc,Hero,13,150,60000,1,Raiwala,12000
Honda CB Hornet 160R 160cc STD,Honda,5,160,4100,1,Kolkata,75000
TVS Apache RTR 160cc,TVS,8,160,38140,1,Faridabad,31000
Royal Enfield Machismo 500cc,Royal Enfield,14,500,50143,1,Delhi,85000
Bajaj Pulsar RS200,Bajaj,6,200,34640,1,Pune,75000
Bajaj Pulsar NS160,Bajaj,3,160,2500,1,Delhi,85000
Bajaj  Pulsar 180cc,Bajaj,11,180,53999,1,Guntur,27999
Royal Enfield Classic 350cc,Royal Enfield,4,350,5000,1,Pune,146000
Honda CBR 150R 150cc,Honda,7,150,45945,1,Bangalore,80000
Bajaj Avenger 220cc,Bajaj,8,220,26070,2,Bangalore,40000
Royal Enfield Thunderbird 350cc,Royal Enfield,5,350,4376,1,Mumbai,115000
Kawasaki Ninja 650cc,Kawasaki,6,650,5000,1,Gwalior,420000
Bajaj V12 125cc,Bajaj,4,125,11000,1,Badarpur,36700
Bajaj Pulsar NS200,Bajaj,8,200,12000,1,Rudrapur,43000
Bajaj Pulsar RS200 ABS,Bajaj,5,200,21306,1,Mumbai,100000
Bajaj Pulsar NS200,Bajaj,4,200,9556,1,Delhi,79000
Royal Enfield Bullet Twinspark 500cc,Royal Enfield,7,500,75956,1,Bangalore,110000
Honda CB Trigger 150cc,Honda,6,150,29800,1,Adalaj,40000
Bajaj V12 125cc,Bajaj,4,125,17288,1,Delhi,37000
Bajaj Pulsar 180cc,Bajaj,11,180,70000,1,Durg,17000
Royal Enfield Thunderbird 350cc,Royal Enfield,8,350,34276,1,Bangalore,90000
Bajaj Avenger 220cc,Bajaj,8,220,7600,1,Gurgaon,40000
Bajaj Pulsar AS200,Bajaj,5,200,12000,1,Pune,75000
Bajaj Avenger 220cc,Bajaj,6,220,25102,1,Pune,51000
Honda CB Unicorn 150cc,Honda,11,150,30000,1,Delhi,25000
Hero Passion Plus 100cc,Hero,14,100,39000,1,Ghaziabad,20050
Bajaj Discover 125cc,Bajaj,17,125,99999,1,Alipore,13900
Yamaha YZF-R15 2.0 150cc,Yamaha,10,150,20500,1,Kolkata,60000
Royal Enfield‎ Bullet 350cc,Royal Enfield,7,350,32000,1,Surat,94049
Royal Enfield Thunderbird 350cc,Royal Enfield,8,350,15500,1,Anand,63000
Mahindra Mojo 300cc,Mahindra,5,300,7000,1,Mumbai,145000
Royal Enfield Thunderbird 350cc,Royal Enfield,5,350,12300,1,Bangalore,120000
Royal Enfield Thunderbird 350cc,Royal Enfield,6,350,14448,1,Delhi,80000
Hero CD Deluxe 100cc,Hero,4,100,28000,1,Delhi,33680
Hero Passion Plus 100cc,Hero,13,100,70756,1,Jaipur,14000
Bajaj Pulsar 150cc,Bajaj,9,150,35000,1,Bhawani Mandi,30000
Bajaj Pulsar 135LS,Bajaj,6,135,61000,1,Pune,27000
Yamaha YZF-R15 2.0 150cc,Yamaha,8,150,48000,1,Delhi,75000
Hero Achiever Disc 150cc,Hero,4,150,12510,1,Delhi,45400
Hero Splendor Plus 100cc,Hero,6,100,15450,1,Ghaziabad,40000
Honda CB Shine 125cc,Honda,3,125,13443,1,Ghaziabad,55000
KTM RC 390cc,KTM,5,390,14200,1,Jammu,175000
Royal Enfield Bullet Electra Twinspark 350cc,Royal Enfield,6,350,35123,1,Hyderabad,90000
TVS Apache RTR 180cc,TVS,6,180,19500,1,Chennai,40000
Royal Enfield Classic 350cc,Royal Enfield,6,350,16000,1,Mumbai,140000
Hero Passion 100cc,Hero,18,100,22113,1,Mughalsarai,25000
Harley-Davidson Street 750 ABS,Harley-Davidson,4,750,21913,1,Bangalore,450000
Harley-Davidson Street 750,Harley-Davidson,5,750,4899,2,Mumbai,370000
TVS Victor 110cc,TVS,3,110,12530,1,Chennai,40000
TVS Apache RTR 200 4V Carburetor,TVS,4,200,28000,1,Ahmedabad,65000
Royal Enfield Electra 350cc,Royal Enfield,4,350,23397,1,Pune,105000
Hero Passion Pro 100cc,Hero,11,100,17500,1,Pune,33000
TVS Apache RTR 200 4V Carburetor,TVS,4,200,14271,1,Ghaziabad,75000
Bajaj Pulsar 150cc,Bajaj,17,150,23000,1,Delhi,15000
Royal Enfield Thunderbird 350cc,Royal Enfield,5,350,10600,1,Vadodara,110400
Royal Enfield Classic 350cc,Royal Enfield,4,350,35000,1,Purnia,109000
Royal Enfield Thunderbird 350cc,Royal Enfield,7,350,26081,1,Mumbai,74500
Royal Enfield Classic 350cc,Royal Enfield,7,350,16694,1,Delhi,84000
Bajaj Avenger Street 220,Bajaj,5,220,6777,1,Mumbai,57000
Royal Enfield Classic 350cc,Royal Enfield,4,350,750,1,Hyderabad,146300
Royal Enfield Thunderbird 500cc,Royal Enfield,4,500,18552,1,Bangalore,128000
Royal Enfield Thunderbird 350cc,Royal Enfield,5,350,56273,1,Pune,108000
Hero Passion Plus 100cc,Hero,17,100,39252,1,Ghaziabad,10500
Royal Enfield Classic 350cc,Royal Enfield,6,350,14576,2,Delhi,100000
Bajaj V15 150cc,Bajaj,5,150,2792,2,Delhi,53000
Royal Enfield Bullet Electra 350cc,Royal Enfield,13,350,15306,2,Delhi,66000
Honda CBF Stunner 125cc,Honda,11,125,30124,1,Faridabad,17000
Bajaj V12 125cc,Bajaj,3,125,17281,1,Delhi,45000
Suzuki Intruder 150cc FI,Suzuki,3,150,14495,1,Kollam,98000
Bajaj Pulsar 150cc,Bajaj,10,150,55534,1,Faridabad,17000
Harley-Davidson Iron 883,Harley-Davidson,4,883,13782,1,Bangalore,900000
Royal Enfield Classic Gunmetal Grey 350cc ABS,Royal Enfield,2,350,2500,1,Farukhabad,167000
Bajaj Pulsar NS200,Bajaj,3,200,5848,1,Delhi,85000
Yamaha FZS FI 150cc,Yamaha,5,150,23000,1,24 Pargana,65000
Kawasaki Ninja 650cc,Kawasaki,5,650,8500,1,Kanchipuram,415000
Honda CB Hornet 160R STD,Honda,3,160,7500,2,Thiruvallur,62000
Royal Enfield Thunderbird 350cc,Royal Enfield,4,350,200,1,Bangalore,147000
Royal Enfield Classic 350cc,Royal Enfield,5,350,5800,1,Delhi,136000
Hero Super Splendor 125cc,Hero,4,125,29030,1,Delhi,38000
Yamaha FZs 150cc,Yamaha,10,150,25000,1,Udaipurwati,32600
Royal Enfield Thunderbird 350cc,Royal Enfield,10,350,31571,2,Mumbai,64000
Yamaha FZ16 150cc,Yamaha,5,150,40169,1,Delhi,40000
Bajaj Pulsar RS200 ABS,Bajaj,5,200,10200,1,Mumbai,108000
Royal Enfield Bullet Electra 350cc,Royal Enfield,9,350,17500,2,Delhi,80162
Hyosung GT250R,Hyosung,6,250,7390,1,Delhi,192000
TVS Apache RTR 180cc ABS,TVS,6,180,14061,1,Bhopal,55000
Royal Enfield Thunderbird 500cc,Royal Enfield,8,500,20000,1,Hyderabad,111300
Royal Enfield Thunderbird 350cc,Royal Enfield,6,350,20000,2,Gurgaon,84800
Royal Enfield Bullet Electra Twinspark 350cc,Royal Enfield,4,350,11937,1,Delhi,100000
Bajaj Pulsar RS200,Bajaj,4,200,10500,1,Delhi,105000
Hero Splendor Plus 100cc,Hero,11,100,52928,1,Ludhiana,18000
Hero Hunk 150cc,Hero,11,150,58000,1,Rasra,14000
Bajaj Pulsar 220cc,Bajaj,9,220,37000,2,Latur,32000
Bajaj Pulsar AS200,Bajaj,5,200,12000,1,Bangalore,70700
Bajaj Pulsar 180cc,Bajaj,5,180,33000,1,Chennai,40400
Royal Enfield Thunderbird 350cc,Royal Enfield,5,350,100670,1,Mumbai,110000
Bajaj Pulsar 150cc,Bajaj,8,150,56482,1,Ahmedabad,32500
Suzuki Gixxer SF 150cc Special MOTOGP Edition Rear Disc,Suzuki,4,150,29331,1,Delhi,55000
TVS Apache RTR 180cc,TVS,8,180,67363,1,Noida,35000
Yamaha SZR 150cc,Yamaha,10,150,55000,1,Hyderabad,25000
Royal Enfield Thunderbird 350cc,Royal Enfield,6,350,31530,1,Delhi,77616
Hero Passion Plus 100cc,Hero,10,100,51000,1,Gautam Buddha Nagar,20000
Royal Enfield Electra 350cc,Royal Enfield,7,350,15000,1,Kanchipuram,86000
Bajaj Avenger 220cc,Bajaj,7,220,13000,1,Faridabad,50000
TVS Apache RTR 200 4V Fi,TVS,5,200,21458,1,Bangalore,72000
Yamaha FZ S V 2.0 150cc,Yamaha,6,150,33000,1,Krishna,50000
Honda Dream Yuga 110cc,Honda,7,110,33755,1,Delhi,25000
Bajaj Pulsar 180cc,Bajaj,4,180,35409,1,Delhi,67000
Honda CB Shine 125cc,Honda,4,125,8000,1,Rajkot,58000
Bajaj Pulsar 180cc,Bajaj,6,180,20000,1,Gangaikondan,50000
Honda CB Unicorn 160 CBS,Honda,5,160,3310,1,Mumbai,64400
Hero Splendor Plus 100cc,Hero,13,100,58000,1,Madurai,16000
KTM Duke 390cc,KTM,8,390,33300,1,Gurgaon,95000
Bajaj Pulsar RS200 ABS,Bajaj,6,200,15000,1,Warangal,100000
Royal Enfield Classic Chrome 500cc,Royal Enfield,8,500,18000,1,Mumbai,95000
Suzuki Gixxer 150cc,Suzuki,4,150,29000,1,Uluberia,52200
Bajaj Discover 125cc,Bajaj,8,125,20000,2,Palwal,17000
Yamaha FZ16 150cc,Yamaha,12,150,14615,1,Jodhpur,36000
Bajaj Platina 110 CBS,Bajaj,2,110,2860,1,Gurgaon,47000
Hero Xtreme Sports 150cc,Hero,6,150,24065,1,Pondicherry,51100
Yamaha FZs 150cc,Yamaha,11,150,9614,1,Delhi,24000
Bajaj Pulsar 150cc,Bajaj,14,150,30000,2,Gurgaon,12200
Bajaj Pulsar NS160,Bajaj,4,160,7034,1,Delhi,55000
Royal Enfield Thunderbird 350cc,Royal Enfield,4,350,21000,1,Chennai,110000
Royal Enfield Classic 350cc,Royal Enfield,10,350,19225,1,Gurgaon,79400
Honda CB Twister 110cc,Honda,10,110,68000,1,Ajmer,19000
Yamaha YZF-R15 2.0 150cc,Yamaha,6,150,29500,1,Poonamallee,83000
Mahindra Centuro 110cc,Mahindra,8,110,20000,1,Delhi,22500
Bajaj Pulsar 220F,Bajaj,7,220,32000,1,Mumbai,51500
Honda CB Shine 125cc,Honda,7,125,30000,1,Karnal,30000
Bajaj V15 150cc,Bajaj,4,150,20468,1,Ghaziabad,46900
Yamaha YZF-R15 2.0 150cc,Yamaha,7,150,45000,1,Ahmedabad,50000
Royal Enfield Thunderbird 500cc,Royal Enfield,8,500,30000,3,Ahmedabad,95000
Hero HF Deluxe 100cc,Hero,6,100,30000,1,Faridabad,26000
Bajaj Pulsar NS200,Bajaj,8,200,39309,2,Mumbai,55000
Bajaj V15 150cc,Bajaj,5,150,9600,1,Patna,48999
Yamaha YZF-R15 2.0 150cc,Yamaha,7,150,14854,1,Hyderabad,70000
Bajaj Avenger Street 220,Bajaj,5,220,12000,1,Delhi,55000
Bajaj Avenger Street 150,Bajaj,5,150,35596,1,Bangalore,46000
Yamaha FZ25 250cc,Yamaha,4,250,45686,1,Delhi,63000
Royal Enfield Classic 350cc,Royal Enfield,6,350,24516,1,Faridabad,89000
Bajaj V15 150cc,Bajaj,5,150,14000,1,Delhi,50000
Bajaj V15 150cc,Bajaj,4,150,96611,1,Vadodara,39000
Bajaj Avenger 220cc,Bajaj,7,220,38500,1,Bangalore,45000
Hero Super Splendor 125cc,Hero,3,125,12000,1,Pali,43000
Bajaj Avenger Cruise 220,Bajaj,4,220,25000,1,Navi Mumbai,65000
Yamaha YZF-R15 2.0 150cc,Yamaha,7,150,32000,1,Pune,85000
Yamaha YZF-R15 2.0 150cc,Yamaha,8,150,52667,1,Pune,60000
Royal Enfield Classic Desert Storm 500cc,Royal Enfield,9,500,30000,1,Chennai,110000
KTM Duke 390cc,KTM,5,390,18500,1,Palakkad,173000
Royal Enfield Bullet Twinspark 350cc,Royal Enfield,5,350,20783,1,Hyderabad,98000
Yamaha YZF-R15 2.0 150cc,Yamaha,5,150,47489,1,Pune,75000
Harley-Davidson Street 750 ABS,Harley-Davidson,3,750,1174,2,Delhi,450000
Royal Enfield Bullet Electra 350cc,Royal Enfield,8,350,34000,1,Bangalore,80000
KTM Duke 390cc,KTM,4,390,9500,1,Delhi,190000
Hero Ignitor 125cc,Hero,5,125,15000,1,Udaipur,42000
TVS Apache RTR 160cc,TVS,6,160,18934,1,Ghaziabad,55000
Bajaj Avenger Street 220,Bajaj,5,220,8500,1,Bangalore,62000
Bajaj Discover 125cc,Bajaj,16,125,72901,1,Gautam Buddha Nagar,12000
Bajaj Avenger 220cc,Bajaj,7,220,45217,2,Gautam Buddha Nagar,35590
Bajaj Avenger Street 150,Bajaj,6,150,30000,1,Gautam Buddha Nagar,45000
Suzuki Intruder 150cc,Suzuki,3,150,481,1,Gautam Buddha Nagar,76000
Bajaj Avenger 220cc,Bajaj,7,220,16000,1,Gautam Buddha Nagar,50700
Bajaj Pulsar NS200,Bajaj,8,200,50000,2,Bangalore,43999
Bajaj Avenger 220cc,Bajaj,6,220,6193,1,Ahmedabad,60000
Royal Enfield Thunderbird 500cc,Royal Enfield,7,500,30000,1,Pune,101400
Royal Enfield Thunderbird 500cc,Royal Enfield,6,500,5921,1,Pune,110000
Royal Enfield Thunderbird 350cc,Royal Enfield,3,350,15000,1,Nagaon,105000
Bajaj Pulsar 220cc,Bajaj,9,220,20000,1,Bhubaneshwar,55000
Yamaha FZ S V 2.0 150cc-Ltd. Edition,Yamaha,4,150,9355,1,Delhi,70000
Royal Enfield Electra 350cc,Royal Enfield,4,350,5645,1,Delhi,85500
Royal Enfield Bullet Electra Twinspark 350cc,Royal Enfield,6,350,16439,2,Delhi,85000
Royal Enfield Classic Chrome 500cc,Royal Enfield,5,500,15888,1,Delhi,125000
Bajaj Avenger 220cc,Bajaj,5,220,5000,1,Nagpur,73000
Bajaj Avenger Cruise 220 ABS,Bajaj,2,220,1958,1,Delhi,99000
Yamaha YZF-R15 2.0 150cc,Yamaha,8,150,50000,1,Hissar,54500
Bajaj Pulsar 220cc,Bajaj,10,220,25651,1,Gurgaon,35000
Bajaj CT 100 100cc,Bajaj,5,100,7004,1,Bhopal,30000
Bajaj Avenger 220cc,Bajaj,6,220,16000,1,Gurgaon,48700
Bajaj Pulsar 150cc,Bajaj,13,150,35000,1,Kanpur,19000
KTM RC 200cc,KTM,6,200,3800,1,Patna,154800
Honda CB Hornet 160R 160cc STD SP,Honda,5,160,11500,1,Gurgaon,66000
Royal Enfield Classic 350cc,Royal Enfield,5,350,27623,1,Mumbai,104000
Bajaj Avenger Cruise 220,Bajaj,6,220,20919,1,Bangalore,66000
Royal Enfield Classic 350cc,Royal Enfield,7,350,11600,1,Jalandhar,105000
Bajaj Avenger 220cc,Bajaj,6,220,25000,1,Hyderabad,60000
Bajaj Pulsar 150cc,Bajaj,10,150,45000,1,Jaipur,25000
Honda CBR 150R 150cc,Honda,6,150,8740,1,Jaipur,90000
Bajaj V15 150cc,Bajaj,3,150,16000,1,Hyderabad,50000
TVS Apache RTR 160cc,TVS,11,160,33000,1,Kanyakumari,22500
Royal Enfield Bullet 350cc,Royal Enfield,4,350,60000,1,Morbi,100000
Honda CB Unicorn 160 STD,Honda,6,160,17400,1,Chennai,45000
Royal Enfield Thunderbird 350cc,Royal Enfield,7,350,22000,1,Delhi,90000
Bajaj Pulsar 150cc,Bajaj,12,150,50000,1,Ahmedabad,14000
Royal Enfield Classic 500cc,Royal Enfield,4,500,12827,1,Gurgaon,124000
Royal Enfield Classic 350cc,Royal Enfield,3,350,15256,1,Gurgaon,118000
Bajaj  Pulsar 180cc,Bajaj,12,180,60000,2,Delhi,20000
Bajaj Pulsar 150cc,Bajaj,18,150,27000,1,Agra,15000
Bajaj Pulsar 135LS,Bajaj,7,135,34378,1,Bangalore,32000
Bajaj Discover 125M,Bajaj,8,125,47543,1,Delhi,17000
Bajaj Pulsar 150cc,Bajaj,10,150,41012,1,Delhi,16500
Kawasaki Versys 650cc,Kawasaki,5,650,11000,1,Pune,550000
Royal Enfield Bullet Electra Twinspark 350cc,Royal Enfield,4,350,15148,1,Delhi,120000
Yamaha Fazer 150cc,Yamaha,11,150,48500,1,Lucknow,37000
Yamaha Fazer 150cc,Yamaha,11,150,41004,1,Lucknow,25000
Yamaha YZF-R15 150cc,Yamaha,10,150,17505,2,Lucknow,48000
Hyosung Aquila GV250,Hyosung,6,250,10500,1,Delhi,190000
Yamaha YZF-R15 2.0 150cc,Yamaha,4,150,2500,1,Pune,110000
KTM RC 390cc,KTM,4,390,1900,1,Delhi,230000
Bajaj Pulsar 150cc,Bajaj,11,150,39858,1,Gurgaon,19000
Honda CBF Stunner 125cc,Honda,7,125,32489,1,Gurgaon,26000
KTM Duke 390cc,KTM,7,390,27240,2,Noida,110000
Honda CB Shine 125cc,Honda,8,125,17644,1,Gurgaon,22500
TVS Apache RTR 160cc Rear Disc,TVS,3,160,12917,1,Delhi,65000
TVS Star City Plus 110cc,TVS,5,110,23244,1,Gurgaon,23000
Hero Splendor Plus 100cc,Hero,8,100,17853,1,Gurgaon,23000
Bajaj CT 100 100cc,Bajaj,5,100,24510,1,Gurgaon,25000
Bajaj Discover 125cc,Bajaj,14,125,21000,1,Mumbai,20000
Suzuki Intruder 150cc,Suzuki,3,150,73281,1,Gurgaon,65000
Hero Splendor Plus 100cc,Hero,10,100,26886,1,Gurgaon,17000
Bajaj Discover 125cc,Bajaj,10,125,32042,1,Gurgaon,13000
Honda CBR 150R 150cc,Honda,5,150,15671,1,Pune,70000
Hero HF Deluxe 100cc,Hero,8,100,14364,1,Gurgaon,23000
Royal Enfield Classic 500cc,Royal Enfield,4,500,2701,1,Noida,120000
Honda CB Shine 125cc,Honda,5,125,10489,1,Gurgaon,40500
Royal Enfield Classic 350cc,Royal Enfield,4,350,2503,1,Delhi,130000
Suzuki Gixxer SF 150cc,Suzuki,5,150,16600,1,Pune,66700
Suzuki Gixxer SF 150cc,Suzuki,4,150,29000,1,Pune,55000
Hero Passion Pro 100cc,Hero,6,100,36000,1,Mumbai,36000
Bajaj Pulsar 150cc,Bajaj,8,150,19000,1,Jaipur,35000
Royal Enfield Thunderbird 350cc,Royal Enfield,4,350,10400,1,Bangalore,110000
Hero HF Deluxe Self 100cc,Hero,8,100,25000,1,Vadodara,30000
Hero CD Deluxe 100cc,Hero,9,100,25000,1,Vadodara,27500
Ducati Multistrada 1200 Enduro,Ducati,4,1200,3174,1,Gurgaon,1400000
Honda CB Unicorn 160 CBS,Honda,5,160,35866,1,Mumbai,45000
Hero Splendor Plus 100cc,Hero,7,100,27110,1,Ludhiana,27167
Yamaha YZF-R15 V3 150cc,Yamaha,2,150,19274,2,Mumbai,109000
KTM Duke 390cc,KTM,4,390,14500,1,Bankura,170000
Bajaj Discover 135cc,Bajaj,13,135,52902,1,Ahmedabad,14000
Bajaj Discover 150F,Bajaj,5,150,17000,3,Kolkata,31000
KTM Duke 390cc,KTM,3,390,4500,1,Virar,215000
Royal Enfield Classic 350cc,Royal Enfield,7,350,22000,1,Bangalore,111600
Bajaj Avenger 220cc,Bajaj,11,220,25388,1,Pune,25000
Royal Enfield Bullet Electra 350cc,Royal Enfield,6,350,17500,2,Delhi,85000
Royal Enfield Bullet Twinspark 350cc,Royal Enfield,3,350,10111,1,Faridabad,110000
Royal Enfield Bullet Twinspark 350cc,Royal Enfield,4,350,8901,1,Faridabad,95000
Royal Enfield Bullet Twinspark 350cc,Royal Enfield,4,350,9053,1,Faridabad,110000
Hero CD Deluxe 100cc,Hero,11,100,26276,1,Gurgaon,16000
Bajaj Pulsar NS200,Bajaj,4,200,6625,1,Bangalore,75000
Hero CD Deluxe 100cc,Hero,6,100,12000,1,Delhi,32000
Yamaha FZs 150cc,Yamaha,9,150,28000,1,Delhi,35000
Bajaj Discover 150cc,Bajaj,7,150,39000,1,Delhi,27000
Royal Enfield Standard 350cc,Royal Enfield,8,350,45000,1,Ludhiana,97000
Royal Enfield Bullet Twinspark 350cc,Royal Enfield,5,350,15000,1,Mohali,95000
Bajaj Pulsar 180cc,Bajaj,10,180,23000,1,Mumbai,22000
Honda CB Shine 125cc,Honda,7,125,23905,1,Mumbai,35000
Royal Enfield Himalayan 410cc Fi ABS,Royal Enfield,2,410,1380,1,Bardhaman,184000
Bajaj CT 100 100cc,Bajaj,5,100,26533,1,Gurgaon,25000
Honda CB Unicorn 160 STD,Honda,4,160,13141,1,Delhi,50000
Bajaj Pulsar 150cc,Bajaj,11,150,43596,1,Ahmedabad,12000
Honda CB Trigger 150cc,Honda,7,150,37000,1,Mumbai,35000
Royal Enfield Classic Desert Storm 500cc,Royal Enfield,7,500,2539,1,Gurgaon,90000
Royal Enfield Classic 500cc,Royal Enfield,4,500,12827,1,Gurgaon,120000
Royal Enfield Standard 350cc,Royal Enfield,6,350,16000,1,Mumbai,95000
Bajaj Platina 100cc,Bajaj,9,100,30000,1,Vadodara,21500
Honda CBF Stunner 125cc,Honda,12,125,24657,1,Delhi,18000
Bajaj Discover 100cc,Bajaj,8,100,102892,1,Delhi,27000
Bajaj CT 100 100cc,Bajaj,5,100,14459,1,Gurgaon,22000
Bajaj Pulsar RS200 ABS,Bajaj,6,200,41292,1,Bangalore,82000
Bajaj CT 100 100cc,Bajaj,16,100,27000,1,Ahmedabad,10000
Royal Enfield Thunderbird 350cc,Royal Enfield,8,350,14159,1,Gurgaon,61000
Honda CB Shine 125cc,Honda,7,125,24310,1,Gurgaon,28000
Bajaj CT 100 100cc,Bajaj,5,100,22398,1,Gurgaon,21500
Bajaj Pulsar 150cc,Bajaj,10,150,65000,1,Gurgaon,20000
Suzuki Gixxer 150cc,Suzuki,4,150,19300,2,Chennai,38000
Jawa Forty Two 295CC,Jawa,2,295,2000,1,Mumbai,190000
KTM Duke 390cc,KTM,3,390,16000,1,Mumbai,200000
Royal Enfield Classic 350cc,Royal Enfield,4,350,36000,1,Mumbai,125000
Yamaha FZ S V 2.0 150cc,Yamaha,7,150,40718,1,Delhi,45000
Hero Passion Pro i3S Alloy 100cc IBS,Hero,2,100,1800,1,Mumbai,62000
Suzuki Gixxer SF 150cc,Suzuki,4,150,17000,1,Hyderabad,76000
Yamaha YZF-R15 V3 150cc,Yamaha,3,150,10000,1,Noida,106400
Suzuki Intruder 150cc FI,Suzuki,3,150,7444,1,Ghaziabad,85000
BMW G 310 R,BMW,3,310,7093,1,Bangalore,360000
Bajaj Platina 100cc ComforTec Alloy,Bajaj,3,100,14616,1,Gurgaon,35599
TVS Apache RTR 160cc,TVS,3,160,838,1,Faridabad,60000
Bajaj Discover 125cc,Bajaj,5,125,13500,1,Hyderabad,43000
TVS Apache RTR 180cc,TVS,4,180,24000,2,Faridabad,47000
Royal Enfield Standard 350cc,Royal Enfield,5,350,27000,1,Delhi,110000
Yamaha YZF-R15 2.0 150cc,Yamaha,5,150,13175,2,Gurgaon,73000
Bajaj Pulsar RS200,Bajaj,5,200,18500,1,Gurgaon,86300
Bajaj Pulsar 200 NS 200cc,Bajaj,7,200,27700,1,Gurgaon,45000
Honda X-Blade 160cc,Honda,3,160,8331,1,Chennai,81300
Bajaj Pulsar 180cc,Bajaj,3,180,2055,1,Delhi,73000
KTM Duke 125cc,KTM,2,125,4549,1,Patna,135000
TVS Apache RTR 180cc,TVS,4,180,20363,1,Gurgaon,55000
TVS Apache RTR 180cc,TVS,6,180,35688,1,Gurgaon,36000
Bajaj Pulsar AS150,Bajaj,5,150,5095,1,Gurgaon,41000
KTM RC 125CC,KTM,2,125,6000,1,Mumbai,140000
Suzuki Gixxer SF 150cc,Suzuki,5,150,27700,1,Mumbai,65000
Hero CD Deluxe 100cc,Hero,14,100,10000,1,Jaipur,19500
Bajaj Avenger 220cc,Bajaj,6,220,40000,1,Mumbai,38000
Bajaj Pulsar 180cc,Bajaj,8,180,59944,1,Mumbai,24000
Bajaj Discover 125cc,Bajaj,17,125,99890,1,Alipore,14900
Bajaj Pulsar 135LS,Bajaj,10,135,38000,1,Gurgaon,22000
Royal Enfield‎ Bullet 350cc,Royal Enfield,43,350,50000,3,Bangalore,95000
Royal Enfield Classic Gunmetal Grey 350cc,Royal Enfield,3,350,6100,1,Tikamgarh,132000
Royal Enfield‎ Bullet 350cc,Royal Enfield,43,350,85000,1,Hyderabad,135000
Honda CB Hornet 160R CBS,Honda,5,160,55268,1,Mumbai,45297
Royal Enfield Classic 350cc-Redditch Edition,Royal Enfield,2,350,8400,1,Sultanpur,137000
Bajaj CT 100 100cc,Bajaj,17,100,48000,1,Jaipur,15000
Hero Splendor Pro 100cc,Hero,10,100,19420,1,Faridabad,20000
Bajaj  Pulsar 180cc,Bajaj,10,180,46555,1,Faridabad,18800
Yamaha SZR 150cc,Yamaha,9,150,22617,1,Faridabad,19000
Bajaj Platina  Alloy ES-100cc,Bajaj,4,100,10181,1,Jaipur,35000
KTM RC 200cc,KTM,4,200,10000,1,Bangalore,165000
Hero Karizma ZMR 223cc,Hero,8,223,23564,1,Mumbai,51000
Royal Enfield Classic 500cc,Royal Enfield,9,500,10000,2,Howrah,85000
Hero CD Deluxe 100cc,Hero,9,100,15099,1,Delhi,26000
Hero Passion Pro 100cc,Hero,9,100,11237,1,Delhi,27000
Suzuki Gixxer SF 150cc SP Rear Disc,Suzuki,4,150,24487,1,Delhi,52500
Honda CB Unicorn 150cc,Honda,13,150,32641,1,Gurgaon,13000
KTM Duke 200cc,KTM,4,200,7500,1,Tirunelveli,155000
Royal Enfield Machismo 350cc,Royal Enfield,16,350,47000,1,Delhi,56000
Hero Xtreme Sports 149cc,Hero,5,149,4500,1,Pune,65000
Harley-Davidson Iron 883,Harley-Davidson,6,883,7500,1,Lucknow,482000
Royal Enfield Thunderbird 350cc,Royal Enfield,6,350,9392,4,Delhi,95000
Hero Super Splendor 125cc,Hero,4,125,12669,1,Faridabad,35000
TVS Apache RTR 160 4V Carburetor,TVS,3,160,7421,1,Faridabad,65000
Hero Splendor iSmart 100cc,Hero,5,100,32914,1,Ahmedabad,28000
Hero Passion Pro 100cc,Hero,7,100,62433,2,Ahmedabad,23000
Hero Passion Pro 100cc,Hero,9,100,16286,1,Faridabad,23000
Bajaj Pulsar 135LS,Bajaj,4,135,29189,1,Faridabad,29000
Bajaj Discover 125cc,Bajaj,10,125,50732,1,Ahmedabad,18000
Triumph Thruxton R 1200cc,Triumph,4,1200,1500,1,Delhi,1000000
Bajaj Avenger Street 150,Bajaj,4,150,42149,1,Lucknow,50000
Royal Enfield Himalayan 410cc,Royal Enfield,5,410,14290,1,Jaipur,120000
TVS Apache RTR 180cc,TVS,7,180,26500,2,Bangalore,45000
Yamaha YZF-R15 150cc,Yamaha,12,150,38000,1,Meerut,50000
Yamaha FZs 150cc,Yamaha,7,150,34500,2,Noida,30000
Honda CD 110 Dream DX,Honda,3,110,16106,1,Ahmedabad,45000
Hero Splendor Plus 100cc,Hero,6,100,17942,1,Faridabad,28000
Royal Enfield Electra 350cc,Royal Enfield,4,350,2000,1,Bihar Shariff,90000
BMW S 1000 XR Pro,BMW,4,1000,18000,1,Delhi,1500000
Yamaha YZF-R15 2.0 150cc,Yamaha,9,150,25000,1,Lucknow,69000
Bajaj Platina 100cc,Bajaj,9,100,20386,1,Gurgaon,21000
Bajaj Avenger Cruise 220,Bajaj,6,220,18791,1,Pune,51000
Honda CB ShineSP 125cc Disc,Honda,3,125,17261,1,Delhi,51000
TVS Apache RTR 180cc,TVS,6,180,39125,1,Gurgaon,40500
Hero Karizma R 223cc,Hero,13,223,30000,2,Delhi,16900
KTM Duke 200cc,KTM,8,200,60000,1,Chennai,79990
Hero Karizma R 223cc,Hero,13,223,67000,1,Raipur,23000
Bajaj CT 100 100cc,Bajaj,3,100,23000,1,Ludhiana,27000
Bajaj Pulsar RS200 ABS,Bajaj,6,200,32000,1,Bhubaneshwar,79000
Bajaj Discover 125cc,Bajaj,10,125,29000,1,Delhi,26200
Honda CBF Stunner 125cc,Honda,10,125,19687,1,Chandigarh,18000
Hero HF Deluxe Eco 100cc,Hero,2,100,2309,1,Gurgaon,55000
KTM RC 200cc,KTM,5,200,11300,1,Hyderabad,128700
Bajaj V15 150cc,Bajaj,3,150,7500,1,Bangalore,50000
Bajaj XCD 125,Bajaj,13,125,44000,1,Goa-panaji,13000
Yamaha FZs 150cc,Yamaha,9,150,27454,1,Ghaziabad,26000
Royal Enfield Classic 350cc,Royal Enfield,4,350,13000,1,Bangalore,130000
Honda CB Unicorn 150cc,Honda,9,150,37000,1,Chennai,35000
TVS Apache RTR 180cc ABS,TVS,6,180,36000,1,Delhi,44000
TVS Star City 110cc,TVS,13,110,28757,1,Ghaziabad,15000
Hero Karizma R 223cc,Hero,13,223,46007,1,Ghaziabad,20000
Bajaj Avenger 220cc,Bajaj,11,220,11278,1,Hyderabad,32000
Bajaj Discover 125cc,Bajaj,7,125,18085,1,Ghaziabad,24000
Bajaj Discover 100M,Bajaj,9,100,47057,1,Ghaziabad,20500
Bajaj Platina 100cc,Bajaj,11,100,74594,1,Ghaziabad,19000
Bajaj Avenger 220cc,Bajaj,8,220,33075,2,Mumbai,33969
Bajaj Discover 125M,Bajaj,7,125,6500,2,Mumbai,25000
Bajaj Dominar 400 ABS,Bajaj,4,400,4633,1,Mumbai,106080
Royal Enfield Classic Chrome 500cc,Royal Enfield,8,500,48000,2,Bangalore,120000
Hero Passion Xpro 110cc,Hero,3,110,12457,1,Faridabad,39000
Bajaj CT 100 Alloy,Bajaj,4,100,13290,1,Faridabad,28000
Royal Enfield Thunderbird 350cc,Royal Enfield,5,350,14201,1,Bangalore,110000
Yamaha FZ25 250cc,Yamaha,3,250,8800,1,Lucknow,90000
Honda Livo 110cc,Honda,5,110,10005,1,Meerut,32000
Royal Enfield Classic 350cc,Royal Enfield,3,350,11000,1,Faridabad,120000
Royal Enfield Himalayan 410cc,Royal Enfield,5,410,33360,1,Bangalore,120000
TVS Apache RTR 160cc,TVS,4,160,18454,1,Ghaziabad,54000
Hero Passion Plus 100cc,Hero,13,100,49826,1,Gurgaon,19000
Bajaj Platina  Alloy ES-100cc,Bajaj,4,100,33907,1,Ghaziabad,30000
Yamaha FZ25 250cc,Yamaha,4,250,23000,1,Mumbai,80000
Hero CBZ Xtreme 150cc,Hero,12,150,45000,1,Ahmedabad,12000
Honda CB Twister 110cc,Honda,11,110,65585,1,Bangalore,22000
Yamaha FZs 150cc,Yamaha,9,150,30378,1,Delhi,22000
Bajaj Pulsar 150cc,Bajaj,8,150,31634,1,Noida,25000
Honda CBR 250R,Honda,5,250,28000,1,Hyderabad,100000
Yamaha YZF-R15 150cc,Yamaha,9,150,12643,2,Delhi,47000
TVS Apache RTR 160cc,TVS,9,160,21905,1,Bangalore,36000
Royal Enfield Bullet Twinspark 500cc,Royal Enfield,7,500,24000,1,Bangalore,110000
TVS Apache RTR 160 4V DISC ABS,TVS,2,160,893,1,Ahmedabad,94000
Suzuki Hayabusa 1300cc,Suzuki,12,1300,13223,1,Delhi,850000
Hero Honda Splendor Plus 100cc,Hero,9,100,20000,1,Gurgaon,21000
KTM Duke 200cc,KTM,3,200,24451,1,Noida,125000
Honda CB Unicorn 150cc,Honda,7,150,38195,1,Ghaziabad,35000
Mahindra Centuro 110cc,Mahindra,7,110,34409,1,Gurgaon,18700
Honda CB ShineSP 125cc CBS,Honda,3,125,68,1,Bhatinda,60000
Hero Passion Pro 100cc,Hero,5,100,18080,1,Faridabad,32000
Hero Super Splendor 125cc,Hero,9,125,68717,1,Gurgaon,25000
Bajaj Platina 100cc,Bajaj,5,100,44002,1,Gurgaon,23000
Hero Splendor iSmart 110cc,Hero,4,110,27877,1,Gurgaon,35000
Bajaj Avenger 220cc,Bajaj,6,220,12500,1,Pune,55000
Bajaj Pulsar 135LS,Bajaj,8,135,17272,1,Delhi,19000
Royal Enfield Bullet 500cc,Royal Enfield,2,500,8015,1,Delhi,170000
Hero Splendor Plus 100cc,Hero,13,100,67569,1,Gurgaon,12000
Hero Ignitor 125cc,Hero,5,125,32145,1,Gurgaon,26000
Hero Ignitor 125cc,Hero,8,125,38755,1,Gurgaon,22000
Bajaj Pulsar 180cc,Bajaj,6,180,29330,1,Gurgaon,39000
Royal Enfield Classic Desert Storm 500cc Dual Disc,Royal Enfield,2,500,1264,1,Mumbai,239000
Bajaj Discover 125cc,Bajaj,4,125,38327,1,Gurgaon,32000
Bajaj CT 100 100cc,Bajaj,4,100,12696,1,Gurgaon,30000
Honda CB Shine 125cc,Honda,5,125,20683,1,Mumbai,51000
Royal Enfield Bullet Electra Twinspark 350cc,Royal Enfield,3,350,23000,1,Indore,135000
Bajaj Pulsar 135LS,Bajaj,9,135,19510,1,Jaipur,32000
Triumph Street Triple ABS 675cc,Triumph,4,675,16000,1,Mumbai,650000
KTM RC 200cc ABS,KTM,2,200,2500,1,Mumbai,190000
Royal Enfield Continental GT 535cc,Royal Enfield,5,535,17000,1,Pune,161300
KTM Duke 250cc ABS,KTM,2,250,2600,1,Delhi,190000
Hero HF Deluxe 100cc,Hero,9,100,13290,1,Faridabad,18000
Bajaj Pulsar 150cc,Bajaj,6,150,23553,2,Delhi,32000
Bajaj CT110 ES Alloy,Bajaj,2,110,1850,1,Bangalore,48000
Bajaj  Pulsar 180cc,Bajaj,10,180,90393,1,Faridabad,25000
Hero Glamour 125cc,Hero,13,125,13551,1,Faridabad,16000
Bajaj Discover 100cc,Bajaj,11,100,32997,1,Faridabad,17000
Yamaha YZF-R15 150cc,Yamaha,7,150,28000,1,Tiruvallur,57000
Bajaj CT 100 100cc,Bajaj,3,100,12992,1,Faridabad,33000
TVS Star City 110cc,TVS,15,110,72302,1,Delhi,9000
Bajaj V15 150cc,Bajaj,4,150,6652,1,Bangalore,36000
Yamaha YZF-R15 2.0 150cc,Yamaha,8,150,13191,2,Delhi,51715
Royal Enfield Classic 350cc,Royal Enfield,6,350,39000,1,Gandhinagar,120000
Bajaj Avenger 220cc,Bajaj,4,220,8600,1,Bangalore,75000
Bajaj Avenger 220cc,Bajaj,5,220,15000,1,Bangalore,70000
Royal Enfield Himalayan 410cc,Royal Enfield,5,410,14000,1,Sibsagar,107000
Honda CB Trigger 150cc,Honda,6,150,59589,1,Ahmedabad,42000
Honda CBF Stunner 125cc,Honda,10,125,50000,1,Gwalior,18000
Hero CD Deluxe 100cc,Hero,9,100,14978,1,Faridabad,22000
Hero Passion Pro 100cc,Hero,8,100,19000,1,Vadodara,29500
TVS Apache RTR 160 4V FI,TVS,3,160,12131,1,Delhi,90000
Bajaj Platina  Alloy ES-100cc,Bajaj,3,100,34859,1,Faridabad,32000
Bajaj CT 100 ES Alloy,Bajaj,2,100,12000,1,Faridabad,32000
Bajaj V15 150cc,Bajaj,5,150,26701,1,Delhi,30000
KTM RC 390cc,KTM,2,390,167,1,Surat,200000
Triumph Bonneville T100 900cc,Triumph,4,900,7500,2,Delhi,640000
Suzuki Gixxer 150cc,Suzuki,7,150,43900,1,Bangalore,50000
Hero Super Splendor 125cc,Hero,4,125,12500,1,Delhi,38000
Bajaj Avenger 220cc,Bajaj,5,220,11226,1,Ghaziabad,52000
Hero Passion Pro 100cc,Hero,7,100,18067,1,Bangalore,37000
Bajaj Pulsar 150cc,Bajaj,14,150,30000,1,Pune,20000
Royal Enfield Bullet Twinspark 500cc,Royal Enfield,6,500,23500,1,Bangalore,120000
Hero Passion Xpro 110cc,Hero,9,110,18300,1,Jaipur,24000
Bajaj Pulsar 150cc,Bajaj,7,150,30000,2,Ahmedabad,31000
Bajaj V15 150cc,Bajaj,4,150,27836,1,Delhi,33000
Bajaj Pulsar 220cc,Bajaj,10,220,80353,2,Bangalore,31500
Bajaj Platina 100cc,Bajaj,9,100,48754,1,Ghaziabad,19000
Bajaj V15 150cc,Bajaj,4,150,15071,1,Ghaziabad,35000
Honda CB Hornet 160R Special Edition STD,Honda,4,160,38000,1,Bangalore,70000
Honda CBF Stunner 125cc,Honda,12,125,7900,1,Ghaziabad,15000
Bajaj Avenger Street 150,Bajaj,5,150,9430,1,Faridabad,43000
Yamaha YZF-R15 2.0 150cc,Yamaha,7,150,15910,1,Gurgaon,45000
KTM RC 390cc,KTM,5,390,8000,1,Durgapur,170000
Bajaj Avenger 220cc,Bajaj,10,220,35000,1,Bangalore,32000
Bajaj Avenger Street 220,Bajaj,5,220,39000,1,Bangalore,45000
Bajaj Avenger 220cc,Bajaj,7,220,23000,1,Bangalore,42400
Suzuki Gixxer SF Fi 150cc ABS,Suzuki,3,150,9000,1,Noida,70000
Bajaj Pulsar AS200,Bajaj,5,200,5000,1,Noida,66700
Royal Enfield Thunderbird X 350cc ABS,Royal Enfield,2,350,1189,1,Delhi,160000
KTM RC 390cc,KTM,7,390,23085,1,Bangalore,145000
Bajaj Discover 150cc,Bajaj,10,150,39000,1,Mumbai,24000
Royal Enfield Bullet Electra 350cc,Royal Enfield,19,350,100000,1,Mumbai,100000
KTM Duke 390cc,KTM,8,390,26400,1,Pune,120000
Suzuki Gixxer SF Fi 150cc ABS,Suzuki,2,150,5493,1,Mumbai,95000
Suzuki Intruder 150cc,Suzuki,3,150,17545,1,Ghaziabad,66000
Bajaj Avenger 220cc,Bajaj,5,220,16000,1,Faridabad,47000
TVS Apache RTR 160cc,TVS,9,160,51875,1,Ghaziabad,26000
Bajaj Avenger Street 160 ABS,Bajaj,2,160,7000,1,Mumbai,85000
Hero Glamour 125cc,Hero,11,125,79000,1,Delhi,18000
Bajaj Pulsar NS200,Bajaj,9,200,34000,1,Faridabad,35000
TVS Apache RTR 160cc White Race Edition Rear Disc,TVS,2,160,52198,1,Bangalore,82000
KTM RC 390cc,KTM,4,390,14500,1,Durgapur,170000
Honda CB Unicorn 150cc,Honda,11,150,27200,1,Nashik,55000
Bajaj CT 100 100cc,Bajaj,5,100,50000,1,Dhanbad,19400
Royal Enfield Bullet 350cc,Royal Enfield,8,350,11766,1,Bangalore,82000
Bajaj Pulsar 220cc,Bajaj,7,220,9500,1,Mumbai,50000
Honda CB Unicorn 160 CBS,Honda,5,160,18374,2,Mumbai,57000
Hero Passion Pro 100cc,Hero,7,100,19000,1,Ludhiana,34000
Yamaha YZF-R15 150cc,Yamaha,5,150,10784,2,Bangalore,100000
Bajaj Discover 125ST,Bajaj,8,125,51000,1,Ghaziabad,23000
Honda CB Shine 125cc,Honda,11,125,22310,1,Jaipur,23000
Royal Enfield Classic Desert Storm 500cc,Royal Enfield,6,500,16000,1,Bangalore,130000
Royal Enfield Classic Desert Storm 500cc,Royal Enfield,4,500,10000,1,Bangalore,200000
Ducati Monster 797,Ducati,2,797,1550,1,Gurgaon,750000
Bajaj Pulsar 180cc,Bajaj,15,180,52000,1,Meerut,15000
Bajaj Pulsar 180cc,Bajaj,9,180,27391,1,Delhi,18000
Bajaj Pulsar 150cc,Bajaj,15,150,18002,1,Chennai,16000
Bajaj Pulsar 180cc,Bajaj,7,180,22047,1,Ghaziabad,28000
Royal Enfield Classic 350cc,Royal Enfield,9,350,6465,1,Delhi,90000
KTM Duke 390cc,KTM,5,390,15184,1,Mumbai,115100
KTM Duke 390cc,KTM,5,390,13193,1,Mumbai,110147
KTM Duke 390cc,KTM,6,390,27000,1,Mumbai,130000
Bajaj Pulsar RS200 ABS,Bajaj,6,200,3500,1,Chennai,95000
Hero Splendor 100cc,Hero,15,100,52000,1,Gurgaon,23300
Honda CB Unicorn 150cc,Honda,9,150,2872,1,Gurgaon,19000
Hero Splendor iSmart 110cc,Hero,5,110,15000,1,Jhansi,35100
Honda CBR 250R ABS,Honda,3,250,10956,1,Gurgaon,150000
Hero Glamour 125cc,Hero,6,125,17874,1,Faridabad,24500
Bajaj Discover 150F,Bajaj,6,150,31634,1,Gurgaon,28000
Bajaj Discover 150F,Bajaj,6,150,22000,1,Mumbai,30000
Bajaj Discover 150F Disc,Bajaj,5,150,6042,1,Mumbai,27000
Bajaj Discover 150F,Bajaj,6,150,17000,1,Gurgaon,26200
Royal Enfield Thunderbird 350cc,Royal Enfield,6,350,25212,1,Ghaziabad,75500
Bajaj Pulsar RS200 ABS,Bajaj,3,200,4831,1,Hyderabad,110000
TVS Star City Plus 110cc,TVS,5,110,21171,1,Ghaziabad,28000
Hero Splendor Plus 100cc,Hero,4,100,12737,1,Ghaziabad,42000
TVS Apache RTR 160cc,TVS,9,160,13219,1,Ghaziabad,34500
Bajaj Discover 135cc,Bajaj,14,135,23719,1,Ghaziabad,17900
Hero Splendor iSmart 100cc,Hero,7,100,13820,1,Ghaziabad,34000
Yamaha FZ S V 2.0 150cc Rear Disc,Yamaha,3,150,10000,1,Pune,90000
Yamaha FZs 150cc,Yamaha,9,150,33000,1,Chennai,45000
Benelli 302R 300CC,Benelli,3,302,8000,1,Pune,320000
Royal Enfield Bullet Electra 350cc,Royal Enfield,12,350,24000,1,Bangalore,80000
Royal Enfield Himalayan 410cc Sleet Edition,Royal Enfield,3,410,8094,1,Bangalore,200000
Bajaj Pulsar 150cc,Bajaj,3,150,6150,1,Mumbai,50000
Bajaj Pulsar RS200 ABS,Bajaj,5,200,17187,1,Chennai,70000
Royal Enfield Bullet 350cc,Royal Enfield,5,350,39301,1,Ahmedabad,84000
Royal Enfield Classic Gunmetal Grey 350cc,Royal Enfield,3,350,7300,1,Kanchipuram,140000
Hero Hunk 150cc,Hero,5,150,67987,2,Lucknow,29000
Hero HF Deluxe 100cc,Hero,7,100,14244,1,Faridabad,23000
KTM RC 390cc,KTM,7,390,25000,1,Mumbai,96000
Hero Honda Splendor Plus 100cc,Hero,9,100,20000,1,Gurgaon,24000
Bajaj Pulsar 180cc,Bajaj,5,180,9200,1,Thane,51000
Bajaj Avenger Cruise 220,Bajaj,4,220,918,1,Kolkata,89700
KTM RC 125CC,KTM,2,125,5000,1,Mumbai,135000
Hero Passion Pro 100cc,Hero,11,100,38499,2,Mumbai,23000
Bajaj Pulsar 180cc,Bajaj,15,180,38000,1,Bangalore,12000
Bajaj Discover 100cc,Bajaj,8,100,19000,1,Delhi,25500
Royal Enfield Thunderbird 500cc,Royal Enfield,7,500,9000,1,Ganganagar,110000
Bajaj Pulsar 220cc,Bajaj,9,220,30000,1,Ahmedabad,65000
Yamaha YZF-R15 150cc,Yamaha,7,150,11000,1,Kolar,73000
Bajaj Pulsar RS200,Bajaj,6,200,16000,2,Jalandhar,90000
Royal Enfield Classic Chrome 500cc,Royal Enfield,6,500,19500,1,Coimbatore,165000
Bajaj V15 150cc,Bajaj,4,150,4000,1,Delhi,60000
Hero Splendor+ 100cc,Hero,7,100,25000,1,Bahadurpur,20000
Bajaj Avenger Street 150,Bajaj,5,150,30000,1,Delhi,67000
Yamaha FZ25 250cc,Yamaha,4,250,3195,1,Batala,115000
Hero CD Deluxe 100cc,Hero,9,100,18000,2,Budhlada,19000
Royal Enfield Classic 350cc,Royal Enfield,7,350,9767,1,Delhi,107900
Royal Enfield Thunderbird 350cc,Royal Enfield,8,350,9100,1,Bangalore,115000
Bajaj Avenger 220cc,Bajaj,9,220,55000,1,Hyderabad,41245
Royal Enfield Classic 350cc,Royal Enfield,8,350,15000,1,Delhi,97100
Bajaj Pulsar RS200 ABS,Bajaj,6,200,15000,1,Mumbai,105000
Bajaj Pulsar RS200 ABS,Bajaj,4,200,11500,1,Pune,125000
Yamaha Fazer 150cc,Yamaha,11,150,8800,1,Haldwani,45000
Hero Karizma R 223cc,Hero,14,223,8000,1,Delhi,21800
Hero Passion Pro 100cc,Hero,7,100,12972,1,Delhi,29000
Hero Splendor iSmart 110cc,Hero,6,110,14494,1,Delhi,34000
Hero Splendor Plus IBS i3S 100cc,Hero,2,100,1745,1,Delhi,56000
Benelli TNT 25 250cc,Benelli,5,250,7800,1,Bangalore,155000
Royal Enfield Classic 500cc,Royal Enfield,5,500,20000,1,Chennai,125000
Hero Splendor Pro 100cc,Hero,6,100,17857,1,Faridabad,26500
Bajaj Pulsar 150cc,Bajaj,13,150,60000,1,Ranga Reddy,10500
Hero Splendor Pro 100cc,Hero,10,100,13723,2,Gurgaon,19000
Royal Enfield Thunderbird 350cc,Royal Enfield,3,350,12288,1,Ghaziabad,115000
Bajaj Avenger 220cc,Bajaj,5,220,27500,1,Navi Mumbai,65000
Royal Enfield Thunderbird 350cc,Royal Enfield,6,350,15428,1,Bangalore,100000
Mahindra Centuro 110cc,Mahindra,6,110,27000,1,Delhi,21400
Bajaj Avenger Cruise 220,Bajaj,3,220,10000,1,Jaipur,89000
Royal Enfield Classic 350cc,Royal Enfield,7,350,39000,1,Ranga Reddy,89000
Bajaj Pulsar RS200 ABS,Bajaj,5,200,7150,1,Ahmedabad,88000
Bajaj Avenger Street 220,Bajaj,6,220,28081,2,Mumbai,48000
Yamaha Fazer 150cc,Yamaha,7,150,48000,1,Thane,40000
Suzuki Gixxer SF 150cc Rear Disc,Suzuki,5,150,12919,1,Mumbai,60000
Yamaha FZ 150cc,Yamaha,12,150,27411,1,Mumbai,30000
Bajaj Avenger Street 220,Bajaj,5,220,10500,1,Faridabad,50000
KTM RC 390cc,KTM,5,390,19750,1,Mumbai,148000
Honda CB Hornet 160R CBS,Honda,3,160,7113,1,Pune,87000
Bajaj V15 150cc,Bajaj,4,150,31000,2,Bangalore,40000
Honda CB Twister 110cc,Honda,10,110,36849,1,Ghaziabad,17000
Honda CBR 250R,Honda,8,250,36000,1,Navi Mumbai,100000
Bajaj Discover 125ST,Bajaj,8,125,13223,1,Ghaziabad,30000
Royal Enfield Classic 350cc,Royal Enfield,7,350,29000,1,Bangalore,105000
Bajaj Pulsar 150cc,Bajaj,13,150,25000,1,Surat,12000
Royal Enfield Standard 350cc,Royal Enfield,7,350,8000,1,Mumbai,85000
Honda CB Trigger 150cc,Honda,8,150,58000,1,Visakhapatnam,39700
Mahindra Mojo 300cc,Mahindra,5,300,14407,1,Delhi,124000
Royal Enfield Classic 350cc,Royal Enfield,3,350,14354,1,Faridabad,120000
Hero HF Deluxe 100cc,Hero,4,100,19365,1,Faridabad,33000
Royal Enfield Classic 350cc Dual Disc,Royal Enfield,4,350,21000,1,Jaipur,120000
TVS Apache RTR 160 4V Carburetor With Rear Disc,TVS,2,160,6821,1,Mumbai,85000
Bajaj Pulsar 150cc,Bajaj,7,150,32800,1,Lucknow,38000
Suzuki Intruder 150cc,Suzuki,3,150,11200,1,Hyderabad,75400
Royal Enfield Classic 350cc,Royal Enfield,4,350,17000,1,Ahmedabad,115000
Royal Enfield Classic Chrome 500cc,Royal Enfield,6,500,29235,2,Gandhinagar,89000
Hero HF Deluxe Self 100cc,Hero,4,100,24990,1,Jaipur,36000
Honda CB Shine 125cc CBS,Honda,5,125,22057,1,Jaipur,37000
Royal Enfield Classic 350cc,Royal Enfield,3,350,33160,1,Delhi,125000
Bajaj Pulsar 220cc,Bajaj,6,220,13098,1,Surat,50000
Bajaj Pulsar 220F,Bajaj,7,220,48000,1,Surat,39000
Bajaj Pulsar 150cc,Bajaj,5,150,30000,1,Surat,33000
TVS Apache RTR 180cc,TVS,5,180,28500,1,Surat,63823
TVS Sport 100cc,TVS,3,100,15820,1,Faridabad,32000
Hero CD Deluxe 100cc,Hero,10,100,20100,1,Jaipur,24000
TVS Star City Plus 110cc,TVS,6,110,27000,1,Jaipur,30000
Hero Super Splendor 125cc,Hero,15,125,52391,1,Jaipur,15000
Suzuki Heat 125cc,Suzuki,15,125,44030,2,Gurgaon,8000
Bajaj Discover 125ST,Bajaj,8,125,47000,2,Pune,35000
Royal Enfield Thunderbird 350cc,Royal Enfield,3,350,4000,1,Indore,149700
Bajaj Dominar 400 ABS,Bajaj,4,400,20821,2,Delhi,100000
Bajaj Avenger Cruise 220,Bajaj,5,220,2985,1,Bangalore,80000
Honda CB Hornet 160R  ABS STD,Honda,3,160,12025,1,Delhi,80000
Bajaj Avenger 220cc,Bajaj,10,220,30633,2,Mumbai,27000
Bajaj Avenger 220cc,Bajaj,6,220,29550,1,Ahmedabad,55000
Royal Enfield Thunderbird 500cc,Royal Enfield,7,500,7504,2,Gurgaon,85000
Royal Enfield Thunderbird 350cc,Royal Enfield,9,350,53000,1,Delhi,55000
KTM RC 390cc,KTM,4,390,10838,1,Pune,188600
Bajaj Pulsar AS200,Bajaj,6,200,29000,2,Ghaziabad,44000
Bajaj Discover 125cc,Bajaj,15,125,403833,1,Muzaffarnagar,18000
KTM RC 390cc,KTM,7,390,32000,1,Gurgaon,135000
Mahindra Mojo 300cc,Mahindra,5,300,30000,1,Noida,110000
TVS Apache RTR 160 4V Disc,TVS,2,160,14289,1,Mumbai,92000
KTM RC 390cc,KTM,4,390,4866,1,Gurgaon,183000
Honda CB Twister 110cc,Honda,8,110,51848,1,Delhi,25000
Hero Splendor Plus 100cc,Hero,12,100,7500,2,Meerut,15000
Bajaj  Pulsar 180cc,Bajaj,10,180,14524,1,Delhi,25000
Royal Enfield Classic 350cc,Royal Enfield,4,350,8000,1,Jalandhar,135000
Royal Enfield Electra 350cc,Royal Enfield,10,350,28395,1,Adyar,89000
Bajaj Pulsar RS200 ABS,Bajaj,5,200,5300,1,Delhi,112500
Bajaj Avenger Street 150,Bajaj,3,150,12642,1,Thane,68000
Hero HF Deluxe 100cc,Hero,7,100,61889,1,Ahmedabad,23000
Bajaj Dominar 400 ABS,Bajaj,4,400,13192,1,Gurgaon,125000
Royal Enfield Thunderbird 500cc,Royal Enfield,6,500,5740,1,Pune,140000
Bajaj Pulsar 220F,Bajaj,4,220,23511,1,Mumbai,68000
Yamaha Fazer25 250cc,Yamaha,3,250,14300,1,Thrissur,105000
Royal Enfield Electra 350cc,Royal Enfield,10,350,38214,1,Delhi,70000
Honda CB Trigger 150cc,Honda,7,150,40323,1,Ghaziabad,40000
Bajaj Dominar 400 ABS,Bajaj,4,400,9650,1,Mumbai,121000
Bajaj Pulsar NS200,Bajaj,8,200,33000,2,Varanasi,42000
Hero CBZ Xtreme 150cc,Hero,11,150,24710,1,Surat,18000
Royal Enfield Bullet 350cc,Royal Enfield,6,350,19500,1,Pondicherry,90000
Bajaj Pulsar RS200,Bajaj,5,200,12000,1,Delhi,104000
Hero Passion Plus 100cc,Hero,13,100,62517,1,Delhi,13000
Royal Enfield Classic Chrome 500cc,Royal Enfield,3,500,11514,1,Noida,135000
Royal Enfield Classic 500cc,Royal Enfield,7,500,19398,1,Noida,98000
Bajaj Pulsar RS200,Bajaj,4,200,21500,1,Thane,115000
Bajaj Pulsar 220cc,Bajaj,9,220,80293,2,Mumbai,26000
Bajaj V15 150cc,Bajaj,4,150,6500,1,Bangalore,55000
Bajaj Pulsar NS160 Rear Disc,Bajaj,3,160,12400,1,Mumbai,81100
Bajaj Pulsar 150cc,Bajaj,11,150,51411,1,Delhi,17000
Mahindra Mojo 300cc,Mahindra,4,300,6000,2,Delhi,140000
Benelli 302R,Benelli,4,302,11000,1,Chennai,310000
Bajaj Avenger Street 220,Bajaj,5,220,31500,1,Sonipat,47000
TVS Apache RTR 160cc,TVS,7,160,24234,1,Chennai,36000
Bajaj Dominar 400,Bajaj,3,400,8300,1,Calicut,165000
Bajaj Pulsar 200 NS 200cc,Bajaj,6,200,52500,1,Karnal,58000
Honda CB Hornet 160R,Honda,4,160,2200,1,Chakan,78000
Yamaha FZs 150cc,Yamaha,8,150,216000,1,Mumbai,65000
Bajaj Pulsar 220cc,Bajaj,5,220,24000,1,Bangalore,74000
Bajaj Discover 125M,Bajaj,6,125,9200,1,Bangalore,36000
Honda CB Trigger 150cc,Honda,7,150,24000,2,24 Pargana,36000
Suzuki Gixxer 150cc,Suzuki,5,150,18000,2,Delhi,45000
TVS Victor 110cc,TVS,18,110,32849,1,Bhopal,17500
Bajaj Pulsar 135LS,Bajaj,11,135,25000,1,Delhi,18000
Hero Passion Pro 100cc,Hero,5,100,10224,1,Delhi,43000
Bajaj Pulsar 220cc,Bajaj,6,220,28435,1,Delhi,58000
Hero Splendor iSmart 100cc,Hero,5,100,10000,1,Karnal,35000
Honda CB Shine 125cc,Honda,6,125,24533,1,Raigarh,38000
Bajaj Pulsar 200 NS 200cc,Bajaj,6,200,25000,1,Gurgaon,62000
KTM RC 200cc,KTM,5,200,3800,1,Sonepat,150000
Bajaj Discover150 150cc,Bajaj,6,150,8094,1,Jaipur,42000
KTM Duke 200cc,KTM,5,200,8000,1,Chikkaballapur,135000
Hero Karizma R 223cc,Hero,5,223,8100,2,Kasba,52000
Honda CBF Stunner 125cc,Honda,6,125,26500,1,Jaipur,37900
Bajaj Discover 100M,Bajaj,9,100,25000,1,Jaipur,25000
KTM RC 390cc,KTM,4,390,3000,1,Bulandshahr,250000
TVS Apache RTR 200 4V Carburetor,TVS,4,200,4000,1,Mumbai,92000
Bajaj Pulsar 150cc,Bajaj,8,150,28100,1,Jaipur,42000
Royal Enfield Thunderbird 350cc,Royal Enfield,5,350,8300,1,Bangalore,125000
Yamaha YZF-R15 2.0 150cc,Yamaha,7,150,42000,1,Bangalore,82000
KTM Duke 390cc,KTM,5,390,21800,1,Chennai,169100
Royal Enfield Himalayan 410cc,Royal Enfield,5,410,2000,1,Navi Mumbai,155000
TVS Sport 100cc,TVS,11,100,32031,1,Cuttack,17000
Honda Dream Yuga 110cc,Honda,7,110,26000,1,Mumbai,31000
Hero Passion Xpro 110cc,Hero,5,110,5000,1,Delhi,49500
Bajaj Platina 100cc,Bajaj,14,100,39023,1,Ahmedabad,14500
Royal Enfield Thunderbird 500cc,Royal Enfield,5,500,4000,1,Mumbai,150000
Royal Enfield Thunderbird 350cc,Royal Enfield,4,350,3450,1,Rajkot,155551
Bajaj Avenger Street 220,Bajaj,5,220,7500,1,Thane,76000
Yamaha SZ-RR 150cc,Yamaha,8,150,39000,1,Chennai,29700
Royal Enfield Bullet Electra 350cc,Royal Enfield,7,350,40,1,Bangalore,112200
Bajaj Discover 125T,Bajaj,7,125,21000,1,Delhi,29000
Royal Enfield Thunderbird 350cc,Royal Enfield,11,350,18000,1,Gurgaon,63499
KTM RC 200cc,KTM,6,200,14357,1,Faridabad,135000
Bajaj Discover 100M,Bajaj,7,100,17000,1,Delhi,25999
Hero Passion Pro 100cc,Hero,4,100,3200,1,Delhi,52000
Bajaj Pulsar 200 NS 200cc,Bajaj,7,200,30000,1,Delhi,53100
Royal Enfield Classic 350cc,Royal Enfield,4,350,18000,1,Kottayam,145000
Royal Enfield Bullet Electra Twinspark 350cc,Royal Enfield,7,350,9700,1,Burdwan,105600
Hero Splendor iSmart 110cc,Hero,4,110,13500,1,Chhatarpur,50200
Royal Enfield Classic 350cc,Royal Enfield,5,350,15200,1,Dharwad,137300
Bajaj Discover 125M,Bajaj,6,125,25000,1,Anjar,34200
Bajaj Avenger 220cc,Bajaj,7,220,19400,1,Jaipur,52000
Bajaj  Pulsar 180cc,Bajaj,13,180,44000,1,Gurgaon,18158
TVS Apache RTR 160cc,TVS,4,160,3500,1,Durg,79450
Bajaj Avenger Street 220,Bajaj,5,220,11800,1,Hyderabad,75000
Yamaha SZR 150cc,Yamaha,9,150,20000,1,Patiala,32000
Bajaj Avenger 220cc,Bajaj,6,220,20000,1,Delhi,56500
Hero CBZ Xtreme 150cc,Hero,10,150,26700,1,Chennai,36000
Yamaha YZF-R15 2.0 150cc,Yamaha,9,150,26000,1,Hooghly,65000
Royal Enfield Bullet Electra 350cc,Royal Enfield,7,350,18973,1,Hyderabad,100000
Suzuki Gixxer SF 150cc,Suzuki,6,150,45426,1,Delhi,40000
KTM RC 200cc ABS,KTM,2,200,5600,1,Marandahalli,200000
Bajaj Discover 100cc,Bajaj,12,100,37230,1,Ludhiana,18000
Hero Xtreme Sports 150cc,Hero,4,150,26008,1,Delhi,48500
Hero Passion Xpro 110cc,Hero,8,110,52800,1,Khalilabad,28000
Hyosung Aquila GV250,Hyosung,4,250,9560,1,Kanpur,190000
Yamaha YZF-R15 150cc,Yamaha,8,150,15048,2,Delhi,65000
Bajaj V12 125cc,Bajaj,4,125,23722,1,Delhi,34000
Bajaj V15 150cc,Bajaj,5,150,9581,1,Delhi,37000
Bajaj Pulsar 150cc,Bajaj,11,150,36000,1,Delhi,30000
Bajaj Pulsar RS200 ABS,Bajaj,4,200,9236,1,Bangalore,120000
Bajaj Pulsar 150cc,Bajaj,6,150,50000,1,Badaun,30000
Hero Passion Pro 100cc,Hero,10,100,41055,1,Ghaziabad,25000
Bajaj Pulsar RS200 ABS,Bajaj,5,200,26500,1,Namakkal,92000
Bajaj Avenger Street 220,Bajaj,3,220,11052,1,Faridabad,70000
Yamaha FZs 150cc,Yamaha,6,150,35000,1,Dakshina Kannada,47000
TVS Apache RTR 180cc,TVS,5,180,64831,1,Delhi,48000
Bajaj Avenger 220cc,Bajaj,8,220,40000,1,Vadodara,35300
Bajaj Dominar 400,Bajaj,4,400,25000,1,Puri,100000
Bajaj Dominar 400,Bajaj,3,400,9019,1,Mumbai,140000
Yamaha FZ S V 2.0 150cc,Yamaha,7,150,12986,2,Mumbai,41500
Hyosung Aquila GV250,Hyosung,7,250,22000,1,Kolhapur,139000
KTM Duke 390cc,KTM,6,390,51600,1,Navi Mumbai,125000
Yamaha YZF-R15 2.0 150cc,Yamaha,7,150,16984,1,Pune,60000
Royal Enfield Thunderbird 350cc,Royal Enfield,3,350,13600,1,Guwahati,117000
Hero Passion Pro i3S Alloy 100cc,Hero,3,100,17400,1,Delhi,36500
Bajaj Pulsar RS200,Bajaj,3,200,28000,1,Delhi,110000
Bajaj Pulsar 220F,Bajaj,4,220,20012,1,Noida,56000
Royal Enfield Classic 350cc,Royal Enfield,5,350,12107,1,Mumbai,95000
Royal Enfield Classic Desert Storm 500cc,Royal Enfield,9,500,25660,1,Mumbai,108900
KTM RC 200cc,KTM,3,200,484,1,Sonepat,165000
TVS Apache RTR 200 4V Carburetor Race Edition 2.0,TVS,3,200,20000,1,Gurgaon,75000
Royal Enfield Classic 350cc,Royal Enfield,7,350,32000,1,Delhi,85000
Bajaj Pulsar 135LS,Bajaj,11,135,69234,1,Mumbai,17000
Kawasaki Ninja 300cc,Kawasaki,6,300,9400,1,Thane,250000
Yamaha FZ25 250cc,Yamaha,3,250,12398,1,Hyderabad,86000
TVS Victor 110cc Disc,TVS,5,110,33142,1,Ghaziabad,32000
Bajaj Pulsar 150cc,Bajaj,16,150,68000,1,Chennai,15000
Hero Splendor Plus Self Alloy 100cc,Hero,4,100,15948,1,Faridabad,32000
Hero Splendor Plus 100cc,Hero,3,100,11197,1,Faridabad,35000
Royal Enfield Classic Desert Storm 500cc,Royal Enfield,4,500,14717,1,Bangalore,145000
Bajaj Pulsar NS200,Bajaj,9,200,28000,1,Delhi,43100
Hero CD Dawn 100cc,Hero,8,100,58000,1,Bhopal,25000
Honda Livo Disc 110cc,Honda,5,110,32377,1,Ahmedabad,35000
Bajaj Pulsar 150cc Classic,Bajaj,3,150,18000,1,Delhi,47800
Bajaj Pulsar 150cc,Bajaj,14,150,58000,4,Bangalore,11000
Hero HF Deluxe 100cc,Hero,6,100,22230,1,Jaipur,35000
Royal Enfield Classic 350cc,Royal Enfield,4,350,6000,1,Rajkot,126000
Hero Passion Xpro 110cc,Hero,6,110,35838,1,Ahmedabad,24000
Yamaha FZ V 2.0 150cc,Yamaha,5,150,7737,1,Alwar,41000
Bajaj Discover 125cc,Bajaj,9,125,26896,1,Delhi,20000
Honda CB Trigger 150cc,Honda,7,150,3100,1,Noida,48300
Bajaj Avenger 220cc,Bajaj,7,220,45000,2,Satara,47000
Hero Passion Pro 100cc,Hero,7,100,18114,1,Delhi,23000
Bajaj Discover 100M,Bajaj,7,100,56675,1,Delhi,25000
Yamaha Fazer 150cc,Yamaha,11,150,56113,1,Gurgaon,16500
Royal Enfield Bullet 350cc,Royal Enfield,13,350,45000,1,Kharar,65800
Hyosung GT250R,Hyosung,5,250,9007,1,Thane,225000
Royal Enfield Bullet Electra 350cc,Royal Enfield,7,350,27721,1,Delhi,109000
Yamaha FZ S V 3.0 150cc,Yamaha,2,150,4446,1,Delhi,92100
Hero CBZ Xtreme 150cc,Hero,5,150,29000,1,Surendranagar,40000
Royal Enfield Classic 350cc,Royal Enfield,6,350,27922,1,Mumbai,90000
Hyosung Aquila GV250,Hyosung,5,250,19000,1,Bhubaneshwar,170000
Suzuki Intruder 150cc,Suzuki,4,150,9090,1,Bangalore,83000
Bajaj Dominar 400 ABS,Bajaj,4,400,5666,1,Indore,133600
Royal Enfield Classic 350cc,Royal Enfield,5,350,19500,1,Ghaziabad,113900
Royal Enfield Thunderbird 350cc,Royal Enfield,11,350,50000,1,Bangalore,63400
KTM Duke 250cc,KTM,4,250,8790,1,Ahmedabad,155000
Yamaha Saluto 125cc,Yamaha,6,125,26076,1,Delhi,29000
Hero Passion XPRO 110 cc,Hero,7,110,26090,1,Jaipur,32000
Honda CBR 250R ABS,Honda,9,250,26500,1,Noida,68100
Royal Enfield Classic 350cc,Royal Enfield,7,350,8942,1,Gurgaon,100000
Bajaj Pulsar 150cc,Bajaj,5,150,70000,1,Kolkata,51000
Royal Enfield Thunderbird 350cc,Royal Enfield,5,350,14000,1,Delhi,104600
Yamaha FZS FI 150cc Special Edition,Yamaha,2,150,2110,1,Bangalore,84000
Bajaj Dominar 400 ABS,Bajaj,3,400,9500,1,Gurgaon,150000
Hero Super Splendor 125cc,Hero,8,125,23188,1,Delhi,26000
Royal Enfield Classic 350cc,Royal Enfield,4,350,16000,1,Delhi,125600
Bajaj V15 150cc,Bajaj,5,150,30500,1,Delhi,40000
Bajaj Pulsar RS200 ABS,Bajaj,6,200,10647,1,Ahmedabad,80000
Bajaj Avenger Street 220,Bajaj,5,220,38470,1,Mumbai,49000
Honda CBR 250R ABS,Honda,7,250,16631,2,Delhi,102000
Honda Dream Neo 110cc,Honda,6,110,50000,1,Rohtak,25000
Bajaj Pulsar 150cc,Bajaj,16,150,33520,1,Alibag,10000
TVS Flame 125cc,TVS,12,125,30800,1,Sonepat,10000
Suzuki Gixxer SF 150cc SP Rear Disc,Suzuki,4,150,4800,1,Hyderabad,80600
Bajaj Pulsar 180cc,Bajaj,10,180,38210,1,Delhi,20000
Hero Passion Pro 100cc,Hero,11,100,45878,1,Bangalore,25000
Bajaj V15 150cc,Bajaj,4,150,12362,1,Bangalore,59000
Hero Karizma ZMR 223cc,Hero,8,223,13000,1,Unnao,55000
Royal Enfield Thunderbird 350cc,Royal Enfield,4,350,4500,1,Mumbai,175000
Royal Enfield Himalayan 410cc,Royal Enfield,5,410,26000,1,Pondicherry,142000
KTM Duke 200cc,KTM,3,200,5738,1,Gurgaon,136000
Honda CB Twister 110cc,Honda,6,110,15426,1,Ghaziabad,37500
Hero Splendor iSmart 110cc,Hero,4,110,10623,1,Ghaziabad,49500
Royal Enfield Thunderbird 350cc,Royal Enfield,5,350,13500,1,Noida,120000
Bajaj Pulsar 220F,Bajaj,9,220,43003,1,Jaipur,48000
Royal Enfield Classic 350cc,Royal Enfield,5,350,22000,1,Khandela,105000
KTM RC 200cc,KTM,4,200,9000,1,Howrah,126000
Royal Enfield Classic Desert Storm 500cc,Royal Enfield,5,500,32000,1,Kullu,127000
Yamaha YZF-R15 2.0 150cc,Yamaha,7,150,6772,1,Bangalore,90000
Yamaha YZF-R15 150cc,Yamaha,10,150,40958,2,Ahmedabad,55000
Suzuki Gixxer 150cc SP Rear Disc,Suzuki,4,150,6000,1,Pune,80000
Suzuki Gixxer 150cc,Suzuki,7,150,8975,1,Burdwan,40000
Bajaj Avenger Street 150,Bajaj,5,150,3600,1,Mumbai,67000
Suzuki Gixxer 150cc SP Rear Disc,Suzuki,4,150,720,1,Bangalore,88000
Royal Enfield Classic 350cc,Royal Enfield,5,350,11767,1,Pune,135000
Bajaj Pulsar AS200,Bajaj,5,200,8000,1,Mohammadabad,66800
Royal Enfield Bullet Electra 350cc,Royal Enfield,8,350,25000,1,Bangalore,97500
Bajaj Avenger 220cc,Bajaj,7,220,34000,1,Sangareddy,60000
Bajaj Avenger Street 220,Bajaj,6,220,12000,1,Bangalore,65200
Honda CBF Stunner 125cc,Honda,6,125,22000,1,Hissar,35000
Bajaj V15 150cc,Bajaj,4,150,7708,1,Lucknow,38000
Honda CBF Stunner 125cc,Honda,11,125,64323,1,Mumbai,13000
Royal Enfield Himalayan 410cc,Royal Enfield,5,410,9000,2,Ahmedabad,119000
Royal Enfield Bullet Electra 350cc,Royal Enfield,11,350,30000,1,Delhi,65000
Royal Enfield Himalayan 410cc Sleet Edition,Royal Enfield,3,410,22876,1,Hyderabad,165000
Royal Enfield Classic Stealth Black 500cc,Royal Enfield,3,500,26000,1,Mumbai,170000
TVS Fiero 150cc,TVS,18,150,36000,1,Pune,12000
Royal Enfield Classic 350cc,Royal Enfield,5,350,13869,2,Delhi,100000
Yamaha Fazer25 250cc,Yamaha,3,250,22000,1,Delhi,80000
Royal Enfield Classic 500cc,Royal Enfield,6,500,14000,1,Ghazipur,160000
KTM Duke 200cc,KTM,5,200,13000,1,Chinsurah,75000
Yamaha FZ V 2.0 150cc,Yamaha,4,150,30000,1,Thiruvallur,50000
Mahindra Mojo XT300,Mahindra,2,300,17564,1,Hyderabad,149292
Yamaha YZF-R15 2.0 150cc,Yamaha,6,150,29339,3,Lucknow,56000
Harley-Davidson Street 750,Harley-Davidson,6,750,10619,1,Jaipur,345000
KTM Duke 200cc,KTM,4,200,21000,1,Thane,112600
Royal Enfield Thunderbird 350cc,Royal Enfield,6,350,55000,1,Mumbai,75000
Yamaha FZ25 250cc,Yamaha,4,250,18000,1,Bangalore,121000
Bajaj Pulsar NS160,Bajaj,2,160,16880,2,Delhi,70000
Royal Enfield Thunderbird 350cc,Royal Enfield,10,350,56000,2,Bangalore,62000
Bajaj Discover 135cc,Bajaj,14,135,42000,2,Bangalore,20000
Royal Enfield Bullet Electra 350cc,Royal Enfield,7,350,16932,1,Delhi,95000
Harley-Davidson Street 750,Harley-Davidson,7,750,10000,1,Jaipur,382000
Bajaj Avenger 220cc,Bajaj,11,220,40000,2,Noida,28000
Royal Enfield Machismo 350cc,Royal Enfield,12,350,21000,1,Delhi,70000
Hero Glamour 125cc,Hero,14,125,75000,1,Bangalore,20999
Bajaj Pulsar 220cc,Bajaj,9,220,38700,1,Delhi,40000
Bajaj Pulsar 150cc,Bajaj,4,150,11000,1,Shimla,55200
Bajaj Pulsar NS160 Rear Disc,Bajaj,3,160,4727,1,Delhi,72300
Royal Enfield Thunderbird 350cc,Royal Enfield,8,350,20500,1,Hyderabad,78500
Honda CB Hornet 160R CBS,Honda,3,160,27000,1,Krishna,65000
Honda CB Trigger 150cc,Honda,8,150,11701,1,Pune,37000
Hero Splendor Plus 100cc,Hero,3,100,18000,1,Delhi,45000
Royal Enfield Thunderbird 350cc,Royal Enfield,6,350,26000,1,Ghaziabad,100000
Bajaj Discover 125T,Bajaj,8,125,19300,1,Adalaj,16900
Yamaha YZF-R15 2.0 150cc,Yamaha,8,150,40000,3,Azamgarh,54000
Bajaj Avenger Cruise 220,Bajaj,4,220,13600,1,Noida,80000
Honda Dream Yuga 110cc,Honda,8,110,35000,1,Ahmedabad,20333
TVS Apache RTR 180cc,TVS,5,180,30862,1,Delhi,42000
Honda CB Trigger 150cc,Honda,8,150,13000,1,Kolkata,47400
Royal Enfield Thunderbird 350cc,Royal Enfield,9,350,47313,1,Noida,100000
Royal Enfield Classic Desert Storm 500cc,Royal Enfield,5,500,5457,1,Bhatinda,138000
Royal Enfield Thunderbird 350cc,Royal Enfield,9,350,17000,2,Faridabad,80000
Hero Glamour 125cc,Hero,11,125,20000,1,Cuttack,25000
Bajaj Avenger Street 150,Bajaj,5,150,16000,1,Gurgaon,59000
Suzuki Intruder 150cc,Suzuki,4,150,15891,1,Delhi,85000
Royal Enfield Classic Desert Storm 500cc,Royal Enfield,7,500,17600,1,Pune,135000
Bajaj V15 150cc,Bajaj,5,150,31006,1,Gurgaon,35000
Royal Enfield Classic 350cc,Royal Enfield,4,350,7193,1,Faridabad,110000
Royal Enfield Bullet Twinspark 350cc,Royal Enfield,5,350,10195,1,Faridabad,90000
Royal Enfield Bullet Twinspark 350cc,Royal Enfield,3,350,8179,1,Faridabad,105000
Honda CBR 150R 150cc,Honda,4,150,25000,1,Gurgaon,70000
Bajaj Platina 100cc,Bajaj,6,100,19385,1,Faridabad,22000
Bajaj V15 150cc,Bajaj,5,150,12315,1,Faridabad,32000
Honda CB Shine 125cc,Honda,4,125,1909,1,Faridabad,35000
TVS Apache RTR 160cc,TVS,11,160,48782,1,Faridabad,20000
Royal Enfield Classic Squadron Blue 500cc,Royal Enfield,5,500,22705,1,Delhi,130000
Hero Hunk 150cc,Hero,5,150,36000,1,Delhi,41000
Hero Splendor Plus 100cc,Hero,8,100,20999,1,Faridabad,27000
Yamaha FZ16 150cc,Yamaha,8,150,18415,1,Jaipur,47000
Bajaj CT 100 100cc,Bajaj,4,100,23019,1,Jaipur,31000
TVS Apache RTR 160cc,TVS,9,160,16230,1,Faridabad,23000
Honda CB Shine 125cc,Honda,6,125,23691,1,Jaipur,37000
Bajaj Platina 100cc,Bajaj,11,100,19170,1,Faridabad,15000
TVS Sport 100cc,TVS,6,100,16592,1,Faridabad,22000
Bajaj Platina  Alloy ES-100cc,Bajaj,3,100,11408,1,Faridabad,38000
Bajaj Discover 110cc,Bajaj,3,110,13478,1,Faridabad,33000
Hero Splendor Plus Self Alloy 100cc,Hero,2,100,4195,1,Faridabad,55000
Hero Splendor Plus 100cc,Hero,7,100,11381,1,Faridabad,22000
Bajaj Avenger 220cc,Bajaj,7,220,15665,1,Delhi,45000
Suzuki Gixxer SF 150cc Special MOTOGP Edition Rear Disc,Suzuki,3,150,9200,1,Bangalore,79999
Bajaj Avenger Cruise 220,Bajaj,4,220,21000,1,Jaipur,61700
Bajaj Pulsar NS200,Bajaj,9,200,30711,2,Gurgaon,40000
Suzuki Gixxer 150cc,Suzuki,6,150,32000,1,Delhi,40000
Hero HF Deluxe 100cc,Hero,5,100,15898,1,Faridabad,32000
Hero Splendor Plus 100cc,Hero,5,100,25130,1,Faridabad,32000
Hero HF Deluxe 100cc,Hero,5,100,9338,1,Faridabad,32000
Hero HF Deluxe 100cc,Hero,7,100,25430,1,Jaipur,32000
Hero Karizma R 223cc,Hero,11,223,36080,1,Gurgaon,32000
Hero HF Deluxe 100cc,Hero,5,100,16271,1,Faridabad,32000
TVS Apache RTR 160cc,TVS,7,160,18314,1,Jaipur,51000
TVS Apache RTR 160cc,TVS,9,160,22932,2,Ghaziabad,50000
TVS Apache RTR 160cc,TVS,5,160,18229,1,Ghaziabad,50000
TVS Apache RTR 160cc,TVS,8,160,26000,1,Jaipur,47000
Bajaj Pulsar 150cc,Bajaj,8,150,27350,1,Bangalore,38000
Bajaj Avenger 220cc,Bajaj,8,220,9370,1,Ghaziabad,38000
Bajaj Platina Alloy ES 100cc,Bajaj,3,100,17663,1,Faridabad,37000
Bajaj Discover 125cc,Bajaj,3,125,12000,1,Faridabad,36000
Bajaj CT 100 ES Alloy,Bajaj,3,100,33505,1,Faridabad,35000
Bajaj Platina 100cc,Bajaj,4,100,19374,1,Jaipur,35000
Bajaj CT 100 100cc,Bajaj,3,100,9660,1,Faridabad,34000
Bajaj Pulsar 180cc,Bajaj,11,180,13000,1,Gurgaon,34000
Bajaj Pulsar 150cc,Bajaj,8,150,18000,1,Jaipur,34000
Mahindra Centuro 110cc,Mahindra,8,110,22681,1,Ghaziabad,21000
TVS Apache RTR 160cc,TVS,10,160,28785,1,Faridabad,30000
TVS Jive 110cc,TVS,10,110,7000,1,Pune,29000
TVS Star City 110cc,TVS,9,110,2342,1,Jaipur,26500
KTM RC 200cc,KTM,2,200,2000,1,Mumbai,180000
TVS Star City 110cc,TVS,7,110,24000,1,Jaipur,26000
TVS Sport 100cc,TVS,8,100,26802,1,Faridabad,23000
Hero HF Deluxe 100cc,Hero,5,100,24956,1,Faridabad,38000
Hero Passion Pro 100cc,Hero,6,100,18945,1,Jaipur,38000
Hero HF Deluxe 100cc,Hero,4,100,37880,1,Gurgaon,37000
Honda CB Shine 125cc,Honda,4,125,22061,1,Faridabad,35000
Honda CB Shine 125cc,Honda,5,125,23298,1,Ghaziabad,35000
Honda CB Shine 125cc,Honda,4,125,22430,1,Gurgaon,34000
Hero Splendor Plus 100cc,Hero,3,100,16152,1,Ghaziabad,49000
Hero Passion Pro i3S Alloy 100cc,Hero,3,100,5469,1,Chennai,49000
Hero Glamour 125cc,Hero,3,125,15000,1,Noida,48000
Hero Passion Xpro 110cc,Hero,3,110,60078,1,Faridabad,46000
Hero Splendor 100cc,Hero,5,100,36344,1,Jaipur,45000
TVS Star City Plus 110cc,TVS,4,110,9000,1,Ahmedabad,31000
Suzuki Gixxer 150cc,Suzuki,4,150,28112,1,Jaipur,70000
Yamaha FZs 150cc,Yamaha,11,150,21878,1,Faridabad,19000
Bajaj Pulsar 150cc,Bajaj,16,150,66386,1,Delhi,20000
Bajaj CT 100 100cc,Bajaj,3,100,15127,1,Faridabad,33000
KTM RC 390cc,KTM,6,390,12900,1,Bangalore,155000
Honda CB Unicorn 150cc,Honda,13,150,9100,1,Delhi,20000
Honda Livo 110cc,Honda,2,110,12322,1,Jaipur,52000
Suzuki Gixxer SF 150cc Rear Disc,Suzuki,5,150,24000,1,Bangalore,60000
Bajaj Platina 100cc,Bajaj,11,100,82289,1,Delhi,14000
Bajaj Discover 100cc,Bajaj,12,100,39363,1,Gurgaon,18000
Hero Xtreme 200R ABS,Hero,2,200,1406,1,Faridabad,90000
Bajaj Avenger 220cc,Bajaj,11,220,20440,1,Faridabad,29000
Bajaj Avenger Street 160 ABS,Bajaj,2,160,2700,1,Delhi,80000
Bajaj Discover 100cc,Bajaj,12,100,11065,2,Bhopal,15000
Honda CB Shine 125cc,Honda,2,125,2259,1,Faridabad,62000
Bajaj CT 100 Alloy,Bajaj,4,100,29530,1,Faridabad,23000
Bajaj Discover 135cc,Bajaj,10,135,18330,1,Jaipur,21000
Bajaj Pulsar 150cc,Bajaj,5,150,21588,1,Faridabad,32000
Yamaha YZF-R15 150cc,Yamaha,7,150,21580,1,Faridabad,45000
Bajaj Pulsar 150cc,Bajaj,3,150,18516,1,Faridabad,50000
Hero Passion Pro 100cc,Hero,5,100,21522,1,Faridabad,30000
Hero Splendor Pro 100cc,Hero,11,100,18100,1,Faridabad,19800
Royal Enfield Standard 350cc,Royal Enfield,9,350,25000,2,Sri Ganganagar,81300
Bajaj Pulsar AS200,Bajaj,5,200,10000,1,Chennai,50200
Yamaha Fazer 150cc,Yamaha,8,150,40271,1,Delhi,35000
Bajaj Pulsar 180cc,Bajaj,6,180,23800,1,Gurgaon,40000
Bajaj Pulsar 150cc,Bajaj,5,150,10051,1,Faridabad,33000
TVS Apache RTR 160cc,TVS,4,160,7787,1,Faridabad,47000
Hero Passion Pro 100cc,Hero,6,100,16803,1,Faridabad,25000
Yamaha YZF-R15 150cc,Yamaha,13,150,33487,1,Faridabad,32000
Bajaj Discover 110cc,Bajaj,3,110,6000,1,Raigarh(mh),39000
TVS Apache RTR 160cc,TVS,6,160,18204,1,Faridabad,33000
Bajaj Avenger 220cc,Bajaj,5,220,18235,1,Jaipur,50000
Suzuki Gixxer SF Fi 150cc ABS,Suzuki,3,150,15255,1,Delhi,90000
Honda CBF Stunner 125cc,Honda,11,125,46000,1,Kalyan,35000
Hero Passion Xpro 110cc,Hero,8,110,26083,1,Delhi,22000
Bajaj Pulsar 200 NS 200cc,Bajaj,7,200,11930,1,Delhi,43000
Yamaha FZs 150cc,Yamaha,8,150,18748,1,Faridabad,28500
Honda Livo 110cc,Honda,5,110,16789,1,Faridabad,31000
Bajaj CT 100 100cc,Bajaj,5,100,15780,1,Gurgaon,24000
Bajaj Platina 100cc,Bajaj,7,100,18710,1,Gurgaon,24000
Bajaj Discover 125cc,Bajaj,9,125,35720,1,Ghaziabad,24000
Bajaj CT 100 100cc,Bajaj,5,100,22173,1,Gurgaon,23000
Bajaj CT 100 100cc,Bajaj,6,100,17904,1,Faridabad,23000
Bajaj CT 100 100cc,Bajaj,5,100,10597,1,Faridabad,23000
Bajaj Discover 100M,Bajaj,9,100,47853,1,Ghaziabad,22000
Bajaj Pulsar 150cc,Bajaj,11,150,44770,1,Gurgaon,21000
Bajaj Discover 125cc,Bajaj,9,125,36526,1,Faridabad,19000
Bajaj Boxer AT100,Bajaj,16,100,28709,1,Ghaziabad,18000
Bajaj Platina 100cc,Bajaj,13,100,55000,1,Gurgaon,16000
Bajaj Discover 100cc,Bajaj,12,100,32791,1,Ghaziabad,16000
Hero Karizma R 223cc,Hero,10,223,48568,2,Mumbai,31500
Hero Passion Xpro 110cc,Hero,8,110,18652,1,Jaipur,31500
Hero HF Deluxe 100cc,Hero,6,100,17405,1,Ghaziabad,31000
Hero CD Deluxe 100cc,Hero,8,100,22598,1,Jaipur,30500
Hero Splendor Plus 100cc,Hero,14,100,21999,1,Gurgaon,14000
Hero CD Dawn 100cc,Hero,15,100,35000,1,Ahmedabad,12000
Bajaj Pulsar 220F,Bajaj,7,220,28135,1,Delhi,48500
Bajaj Pulsar 220cc,Bajaj,7,220,42500,1,Delhi,44000
Hero Super Splendor 125cc,Hero,11,125,17000,1,Noida,26000
Hero Splendor Pro 100cc,Hero,6,100,19617,1,Faridabad,26000
Hero HF Deluxe 100cc,Hero,10,100,13000,1,Jaipur,26000
Hero Splendor Pro 100cc,Hero,7,100,14882,1,Faridabad,26000
Hero Splendor iSmart 100cc,Hero,6,100,25501,1,Gurgaon,27000
Hero HF Deluxe 100cc,Hero,7,100,17507,1,Gurgaon,27000
Hero Splendor Plus 100cc,Hero,7,100,20000,1,Delhi,27000
Hero HF Deluxe 100cc,Hero,5,100,18197,1,Faridabad,29500
Hero Passion 100cc,Hero,15,100,20481,1,Ghaziabad,29000
Honda CB Shine 125cc,Honda,3,125,1000,1,Delhi,57000
Mahindra Mojo 300cc,Mahindra,5,300,21548,1,Faridabad,100000
Hero Honda Splendor Plus 100cc,Hero,10,100,18000,1,Noida,29500
Hero Honda Splendor Plus 100cc,Hero,10,100,13060,1,Noida,28000
Hero Honda Splendor 100cc,Hero,10,100,20385,1,Jaipur,26500
Hero Honda Splendor Plus 100cc,Hero,10,100,21332,1,Jaipur,23000
Hero Honda Splendor Plus 100cc,Hero,10,100,20859,1,Faridabad,21000
Hero Honda Splendor Plus 100cc,Hero,9,100,48412,1,Faridabad,20500
Benelli TNT 25 250cc,Benelli,5,250,19000,1,Jaipur,145000
Bajaj Pulsar 150cc,Bajaj,3,150,10212,1,Faridabad,60000
Bajaj Avenger 220cc,Bajaj,5,220,17962,1,Jaipur,60000
Hero Passion Pro 100cc,Hero,4,100,20000,1,Jaipur,40000
Honda CBF Stunner 125cc,Honda,8,125,32600,1,Ghaziabad,22000
Hero Splendor NXG 100cc,Hero,10,100,13010,1,Faridabad,17000
TVS Apache RTR 200 4V Carburetor,TVS,3,200,9895,1,Delhi,80000
Bajaj Discover 150S Disc,Bajaj,6,150,50000,1,Mumbai,31600
Yamaha YZF-R15 150cc,Yamaha,6,150,35000,2,Chenani,71600
Bajaj Pulsar RS200 ABS,Bajaj,3,200,4000,1,Jalandhar,120000
Yamaha YZF-R15 2.0 150cc,Yamaha,4,150,2000,1,Chennai,115700
TVS Apache RTR 200 4V ABS Race Edition,TVS,3,200,3900,2,Delhi,85000
Bajaj Pulsar 150cc,Bajaj,7,150,50000,2,Alwar,34000
Royal Enfield Thunderbird 500cc,Royal Enfield,5,500,12643,1,Noida,140000
Harley-Davidson Street 750,Harley-Davidson,6,750,4378,2,Thane,325000
Honda CB Shine 125cc,Honda,8,125,29508,1,Kanpur Nagar,30000
Suzuki Gixxer 150cc,Suzuki,5,150,59500,3,Trivandrum,32000
Honda CB Unicorn Dazzler 150cc,Honda,9,150,25000,1,Jhansi,26500
Hero HF Deluxe 100cc,Hero,4,100,16000,1,Jhansi,42000
Hero Splendor Plus 100cc,Hero,12,100,35000,2,Jhansi,18900
Royal Enfield Classic Desert Storm 500cc,Royal Enfield,6,500,8000,1,Delhi,118000
Hero Passion Pro 100cc,Hero,8,100,18000,1,Delhi,24000
Harley-Davidson Street 750,Harley-Davidson,5,750,600,1,Delhi,430000
Bajaj Pulsar 150cc,Bajaj,12,150,22000,2,Jhansi,18000
Yamaha FZ V 2.0 150cc,Yamaha,7,150,41355,1,Bagalkot,40000
Honda CB Shine 125cc CBS,Honda,2,125,8972,1,Gurgaon,51000
Honda CBR 250R,Honda,9,250,14550,1,Thane,70000
KTM Duke 250cc,KTM,4,250,3000,1,Secunderabad,170000
Hero Hunk 150cc,Hero,9,150,66016,1,Mohali,30000
Bajaj Pulsar RS200 ABS,Bajaj,2,200,1980,1,Pune,145400
Bajaj Discover 125T,Bajaj,5,125,13330,1,Delhi,35000
TVS Apache RTR 160 4V Disc,TVS,3,160,9999,1,Delhi,65999
Royal Enfield Thunderbird 350cc,Royal Enfield,5,350,48000,1,Chennai,100500
Bajaj V15 150cc,Bajaj,4,150,8870,1,Gurgaon,39000
Hero HF Deluxe 100cc,Hero,4,100,18661,1,Faridabad,27000
Bajaj Avenger Cruise 220,Bajaj,3,220,2700,1,Ludhiana,71000
Honda Dream Yuga 110cc,Honda,5,110,21605,1,Ghaziabad,28000
Honda Dream Yuga 110cc,Honda,6,110,22444,1,Gurgaon,28000
Honda Dream Yuga 110cc,Honda,6,110,35719,1,Gurgaon,28000
Honda CB Shine 125cc,Honda,7,125,20776,1,Gurgaon,28000
Honda CB Shine 125cc,Honda,8,125,24990,1,Jaipur,28000
Honda CBF Stunner 125cc,Honda,12,125,36250,1,Pune,26000
Hero Passion Pro 100cc,Hero,4,100,17000,1,Jaipur,55000
Hero Splendor Plus Self Alloy 100cc,Hero,2,100,5238,1,Gurgaon,55000
Bajaj Pulsar 220cc,Bajaj,8,220,12500,1,Delhi,37000
Yamaha Fazer 150cc,Yamaha,7,150,28422,1,Ghaziabad,33000
Yamaha FZs 150cc,Yamaha,7,150,15388,1,Faridabad,33000
Yamaha FZ16 150cc,Yamaha,11,150,35000,1,Jalandhar,32000
Yamaha FZs 150cc,Yamaha,9,150,23500,1,Ghaziabad,30000
Yamaha SZR 150cc,Yamaha,10,150,20555,1,Jaipur,28000
Royal Enfield Bullet Twinspark 350cc,Royal Enfield,6,350,18239,1,Faridabad,100000
TVS Sport 100cc,TVS,6,100,18677,1,Jaipur,33000
Honda Dream Yuga 110cc,Honda,8,110,27272,1,Gurgaon,25500
Hero Karizma R 223cc,Hero,5,223,20000,1,Jaipur,58000
Royal Enfield Standard 350cc,Royal Enfield,10,350,33962,1,Delhi,66778
Royal Enfield Bullet Electra Twinspark 350cc,Royal Enfield,5,350,23000,1,Pune,124000
KTM RC 390cc,KTM,7,390,15000,2,Bhopal,135000
Bajaj  Pulsar 180cc,Bajaj,13,180,22000,1,Agra,25000
Royal Enfield Classic 500cc,Royal Enfield,6,500,3700,1,Ahmedabad,130000
Royal Enfield Classic 350cc,Royal Enfield,6,350,17900,1,Delhi,90000
Royal Enfield Bullet Electra 350cc,Royal Enfield,6,350,17553,2,Delhi,95000
Honda Dream Yuga 110cc,Honda,8,110,18516,1,Jaipur,30000
Honda Livo 110cc,Honda,6,110,19500,1,Delhi,29700
Royal Enfield‎ Bullet 350cc,Royal Enfield,9,350,35000,2,Kurukshetra,70100
Royal Enfield Bullet Twinspark 350cc,Royal Enfield,6,350,10444,1,Faridabad,80000
Royal Enfield Bullet Twinspark 350cc,Royal Enfield,4,350,10043,1,Faridabad,92000
Hero CD Deluxe 100cc,Hero,9,100,16954,1,Faridabad,19000
Royal Enfield Bullet Electra 350cc,Royal Enfield,11,350,26379,1,Faridabad,71000
Royal Enfield Classic 350cc,Royal Enfield,4,350,18500,1,Chennai,115000
KTM Duke 200cc,KTM,8,200,14144,2,Mumbai,71000
Honda CB Unicorn 160 STD,Honda,5,160,23910,1,Bangalore,45000
Royal Enfield Classic Chrome 500cc,Royal Enfield,4,500,4700,1,Mumbai,152500
Bajaj Pulsar NS160 Rear Disc,Bajaj,3,160,8400,1,Delhi,70400
Bajaj Avenger Street 220,Bajaj,5,220,9300,1,Surat,42500
Royal Enfield Classic 350cc,Royal Enfield,7,350,20844,1,Ahmedabad,110000
Royal Enfield Bullet 350cc,Royal Enfield,5,350,18443,1,Pune,107000
Yamaha YZF-R15 S 150cc,Yamaha,4,150,6000,1,Howrah,113600
TVS Apache 150cc,TVS,11,150,12152,1,Ludhiana,23000
Hero Super Splendor 125cc,Hero,15,125,40320,1,Jaipur,15244
Yamaha FZs 150cc,Yamaha,7,150,18000,1,Hissar,30000
Royal Enfield Classic 500cc,Royal Enfield,8,500,24700,1,Chennai,75000
Bajaj Pulsar 220cc,Bajaj,8,220,18880,1,Ghaziabad,32000
Honda CB Unicorn 150cc,Honda,4,150,4500,1,Mumbai,65000
Yamaha YZF-R15 2.0 150cc,Yamaha,7,150,28640,2,Ahmedabad,50000
Bajaj Pulsar 135LS,Bajaj,7,135,33000,1,Gorakhpur,45000
Yamaha FZ25 250cc,Yamaha,4,250,7898,1,Bangalore,95000
Suzuki Gixxer SF 150cc,Suzuki,4,150,24336,1,Mumbai,50000
Royal Enfield Classic 350cc,Royal Enfield,7,350,8800,1,Chandigarh,91161
Bajaj Pulsar 180cc,Bajaj,9,180,26000,1,Hyderabad,38000
Royal Enfield Thunderbird 350cc,Royal Enfield,15,350,23799,1,Navi Mumbai,75000
KTM RC 390cc,KTM,2,390,1900,1,Ranchi,210000
Bajaj Pulsar NS160,Bajaj,4,160,7974,1,Delhi,56000
Yamaha FZ S V 2.0 150cc,Yamaha,3,150,5340,1,Gurgaon,71000
Yamaha FZs 150cc,Yamaha,9,150,40000,2,Faridabad,22500
Royal Enfield Thunderbird 350cc,Royal Enfield,5,350,19869,1,Noida,94000
Royal Enfield Thunderbird 350cc,Royal Enfield,5,350,22000,1,Noida,102700
Royal Enfield Thunderbird 350cc,Royal Enfield,5,350,27000,1,Navi Mumbai,107000
Hyosung GT250R,Hyosung,3,250,4200,1,Bangalore,330000
Yamaha SZR 150cc,Yamaha,8,150,31374,1,Faridabad,23500
Yamaha FZ S V 2.0 150cc-Ltd. Edition,Yamaha,4,150,8010,1,Kolkata,62000
TVS Radeon 110cc Drum SBT,TVS,3,110,21249,1,Delhi,38000
TVS Sport 100cc,TVS,9,100,23650,1,Ghaziabad,18000
Bajaj Pulsar 220F,Bajaj,7,220,12944,1,Chandigarh,55000
Royal Enfield Classic Desert Storm 500cc,Royal Enfield,8,500,20000,1,Chandigarh,105000
KTM RC 200cc,KTM,5,200,18331,1,Chandigarh,118000
Bajaj CT 100 100cc,Bajaj,6,100,15508,1,Chennai,26000
Bajaj Avenger 220cc,Bajaj,7,220,30334,4,Ahmedabad,37000
Royal Enfield Bullet Electra 350cc,Royal Enfield,14,350,52904,2,Gurgaon,48000
Bajaj Avenger Cruise 220,Bajaj,5,220,18200,1,Jaipur,53000
Royal Enfield Classic 350cc,Royal Enfield,7,350,30875,1,Faridabad,75000
TVS Apache RTR 200 4V Carburetor,TVS,3,200,7500,1,Gurgaon,85000
Honda CD 110 Dream,Honda,4,110,14489,1,Gurgaon,23000
Royal Enfield Classic 350cc,Royal Enfield,4,350,7299,1,Thane,160000
Honda CD 110 Dream,Honda,6,110,18585,1,Gurgaon,34000
Royal Enfield Classic 500cc,Royal Enfield,4,500,7409,1,Chennai,135000
Honda CD 110 Dream Self,Honda,5,110,25000,1,Jaipur,32000
Bajaj Avenger Cruise 220,Bajaj,5,220,20021,1,Mumbai,60000
Bajaj Pulsar 180cc,Bajaj,6,180,15000,1,Kolkata,40000
KTM Duke 390cc,KTM,6,390,17600,1,Gurgaon,100000
KTM Duke 200cc,KTM,8,200,64284,1,Gurgaon,61000
Yamaha FZ V 2.0 150cc,Yamaha,2,150,9943,1,Delhi,69500
Bajaj Pulsar RS200,Bajaj,5,200,18000,1,Jaipur,79000
Yamaha FZs 150cc,Yamaha,4,150,4000,1,Gurgaon,55000
Bajaj  Pulsar 180cc,Bajaj,13,180,39303,1,Kolkata,18000
Yamaha FZs 150cc,Yamaha,10,150,32000,1,Chennai,20500
Bajaj Dominar 400 ABS,Bajaj,4,400,24200,1,Bangalore,120000
Suzuki Gixxer SF 150cc,Suzuki,5,150,20000,1,Kolkata,58690
Bajaj Dominar 400 ABS,Bajaj,4,400,11000,1,Bangalore,150000
TVS Apache RTR 160cc,TVS,12,160,52487,1,Gurgaon,20000
Hero Splendor iSmart 110cc,Hero,6,110,23500,1,Gurgaon,25000
Bajaj CT 100 100cc,Bajaj,5,100,17799,1,Gurgaon,22000
Bajaj Discover 125cc,Bajaj,10,125,57000,1,Pune,21000
TVS Star Sport 100cc,TVS,11,100,35376,1,Dhariawad,15000
Bajaj Pulsar RS200,Bajaj,6,200,19500,1,Mumbai,80900
Hero Passion Pro 100cc,Hero,8,100,26000,1,Ahmedabad,24000
Royal Enfield Thunderbird 350cc,Royal Enfield,6,350,29100,1,Bangalore,108000
KTM RC 200cc,KTM,3,200,14608,1,Bangalore,200000
Royal Enfield Thunderbird 350cc,Royal Enfield,4,350,24815,1,Hyderabad,110000
Hero Passion Pro 100cc,Hero,7,100,12410,1,Delhi,31000
Honda CBR 150R Deluxe,Honda,6,150,9293,1,Bargarh,95000
KTM Duke 200cc,KTM,5,200,6240,1,Pune,130000
KTM Duke 200cc,KTM,4,200,10000,1,Mumbai,120000
KTM Duke 200cc,KTM,4,200,13000,1,Faridabad,110000
Hero Passion Pro 100cc,Hero,6,100,39422,1,Ghaziabad,34000
Hero Passion Pro 100cc,Hero,5,100,18755,1,Ghaziabad,34000
Hero HF Deluxe 100cc,Hero,7,100,22011,1,Jaipur,34000
Royal Enfield Classic 350cc,Royal Enfield,4,350,4932,1,Ludhiana,130000
Hero Passion Pro 100cc,Hero,10,100,19000,1,Jaipur,25500
Yamaha Gladiator 125cc,Yamaha,13,125,32521,1,Ahmedabad,10005
Harley-Davidson Street 750,Harley-Davidson,5,750,2472,1,Delhi,439000
Bajaj Pulsar 150cc,Bajaj,7,150,41000,1,Delhi,32000
Hero HF Deluxe 100cc,Hero,5,100,12889,1,Gurgaon,32000
Hero Splendor Plus 100cc,Hero,4,100,14604,1,Faridabad,32000
Hero Splendor iSmart 110cc,Hero,4,110,15700,1,Gurgaon,31000
Yamaha FZ16 150cc,Yamaha,7,150,53005,1,Bangalore,35000
Honda CBR 150R 150cc,Honda,6,150,27300,1,Kanchipuram,78000
Bajaj V15 150cc,Bajaj,5,150,24635,1,Delhi,35000
Bajaj Avenger Street 150,Bajaj,5,150,27135,2,Delhi,43000
Bajaj Avenger Street 150,Bajaj,4,150,29003,1,Delhi,49000
TVS Sport 100cc,TVS,5,100,16208,1,Faridabad,25000
TVS Sport 100cc,TVS,4,100,17194,1,Faridabad,25000
Royal Enfield Himalayan 410cc,Royal Enfield,5,410,1000,1,Bangalore,159500
Yamaha Saluto 125cc,Yamaha,5,125,20195,1,Faridabad,21000
Honda CB Shine 125cc,Honda,5,125,8500,2,Chandigarh,36000
Suzuki Gixxer 150cc ABS,Suzuki,3,150,2452,1,Mumbai,75000
Benelli TNT 300,Benelli,6,300,16000,1,Mumbai,192000
Yamaha YZF-R1 1000cc,Yamaha,3,1000,285,1,Delhi,700000
Yamaha FZ16 150cc,Yamaha,11,150,33000,2,Bangalore,31500
Royal Enfield Classic 350cc,Royal Enfield,7,350,13800,2,Kolkata,83000
Bajaj Avenger Street 150,Bajaj,5,150,20816,2,Pune,64000
Royal Enfield Thunderbird X 350cc,Royal Enfield,3,350,7500,1,Satara,137000
Bajaj Pulsar 200 NS 200cc,Bajaj,7,200,24419,1,Delhi,50000
Suzuki Gixxer SF 150cc SP Rear Disc,Suzuki,4,150,23833,1,Delhi,54500
Hero Super Splendor 125cc,Hero,3,125,16445,1,Gurgaon,45000
Hero Passion Xpro 110cc,Hero,4,110,21000,1,Jaipur,43000
Hero Splendor iSmart 110cc,Hero,4,110,55000,1,Jaipur,43000
TVS Star City 110cc,TVS,13,110,49692,1,Bangalore,18000
Bajaj V15 150cc,Bajaj,4,150,37861,1,Gurgaon,36700
TVS Apache RTR 160cc,TVS,4,160,18500,1,Krishna,62000
Yamaha YZF-R15 150cc,Yamaha,7,150,22000,1,Guwahati,79000
Suzuki Gixxer 150cc,Suzuki,6,150,23000,1,Mumbai,55000
Hero Passion Pro 100cc,Hero,4,100,25063,1,Faridabad,35000
Hero HF Deluxe 100cc,Hero,6,100,20375,1,Faridabad,35000
Hero Splendor Plus 100cc,Hero,7,100,23873,1,Jaipur,33000
Hero CD Deluxe 100cc,Hero,11,100,20931,1,Jaipur,23000
Suzuki Intruder 150cc,Suzuki,3,150,11000,1,Delhi,82000
Suzuki Gixxer 150cc,Suzuki,5,150,14000,1,Delhi,50000
Royal Enfield Himalayan 410cc,Royal Enfield,5,410,7555,1,Delhi,150000
Hero Splendor Pro 100cc,Hero,5,100,7086,1,Chennai,36500
Hero Splendor iSmart 100cc,Hero,6,100,19253,1,Jaipur,36000
Hero Ignitor 125cc,Hero,5,125,20494,1,Gurgaon,36000
Kawasaki Ninja 300cc,Kawasaki,7,300,5150,1,Gadarpur,166000
Bajaj Dominar 400,Bajaj,4,400,4600,1,Ahmedabad,147700
TVS Apache RTR 200 4V Carburetor,TVS,4,200,4652,1,Delhi,85000
Hero Passion Plus 100cc,Hero,13,100,43000,1,Surat,19000
Bajaj  Pulsar 180cc,Bajaj,10,180,70000,1,Jalandhar,32000
Bajaj Avenger 220cc,Bajaj,5,220,80000,1,Jalandhar,65000
Bajaj Pulsar 220cc,Bajaj,12,220,60000,2,Chikamaglur,35000
Bajaj Pulsar RS200 ABS,Bajaj,5,200,13829,1,Bangalore,100000
Yamaha FZs 150cc,Yamaha,5,150,23000,1,Bangalore,66000
TVS Apache RTR 200 4V ABS Race Edition,TVS,3,200,6800,1,Hyderabad,110000
TVS Star City Plus 110cc,TVS,2,110,12000,1,Ahmedabad,51000
Suzuki Hayate EP 110cc,Suzuki,3,110,32494,2,Delhi,22950
Royal Enfield Bullet Twinspark 500cc,Royal Enfield,6,500,30000,1,Bangalore,130000
Honda CB Unicorn 150cc,Honda,13,150,93000,1,Mysore,35000
Bajaj CT 100 100cc,Bajaj,15,100,28000,1,Tiruvallur,11500
Hero Passion Pro 100cc,Hero,10,100,1,2,Nashik,39000
Royal Enfield Standard 500cc,Royal Enfield,7,500,32000,1,Karim Nagar,110000
Hyosung Aquila Pro GV650,Hyosung,6,650,10194,1,Bangalore,326000
Royal Enfield Thunderbird 350cc,Royal Enfield,7,350,10847,1,Kotdwar,100000
Hero HF Deluxe 100cc,Hero,4,100,21165,1,Faridabad,35000
Hero Passion Pro 100cc,Hero,7,100,22114,1,Gurgaon,33000
Hero Splendor Pro 100cc,Hero,7,100,10000,1,Ghaziabad,33000
Hero Passion Xpro 110cc,Hero,7,110,19340,1,Jaipur,33000
Hero HF Deluxe 100cc,Hero,5,100,16270,1,Faridabad,33000
Hero Splendor Pro 100cc,Hero,6,100,13243,1,Faridabad,25000
Hero Splendor Plus 100cc,Hero,6,100,18792,1,Faridabad,25000
Hero Passion Plus 100cc,Hero,10,100,19682,1,Jaipur,25000
Hero Ignitor 125cc,Hero,8,125,15206,1,Gurgaon,25000
Hero CD Deluxe 100cc,Hero,10,100,21300,1,Jaipur,25000
Yamaha FZs 150cc,Yamaha,3,150,14000,1,Jaipur,83000
Hero CD Deluxe 100cc,Hero,9,100,32000,1,Jaipur,25000
Bajaj Pulsar 150cc,Bajaj,5,150,27342,1,Jaipur,50000
Bajaj Pulsar 180cc,Bajaj,6,180,45037,1,Bangalore,48000
Bajaj Pulsar 150cc,Bajaj,5,150,25876,1,Jaipur,47000
Bajaj Pulsar 150cc,Bajaj,5,150,20644,1,Delhi,44000
Bajaj Pulsar 150cc,Bajaj,5,150,48203,1,Jaipur,40000
Hero Splendor Plus 100cc,Hero,8,100,16207,1,Faridabad,22000
Bajaj Pulsar AS150,Bajaj,5,150,11255,1,Delhi,59000
Honda CBF Stunner 125cc,Honda,9,125,18095,1,Gurgaon,20000
Hero HF Deluxe Eco 100cc,Hero,5,100,18320,1,Faridabad,26000
Yamaha FZS FI 150cc,Yamaha,5,150,24000,1,Gurgaon,62000
TVS Apache RTR 160cc,TVS,8,160,22149,1,Faridabad,23000
Bajaj Pulsar 135LS,Bajaj,7,135,32000,1,Sirsa,21000
Bajaj Pulsar RS200,Bajaj,6,200,33212,1,Bangalore,70500
Hero Karizma R 223cc,Hero,8,223,19591,1,Mumbai,27000
Harley-Davidson Iron 883,Harley-Davidson,5,883,12000,2,Delhi,560000
Honda CB ShineSP 125cc Disc,Honda,4,125,7880,1,Delhi,43000
Harley-Davidson Street 750,Harley-Davidson,6,750,26236,1,Hyderabad,350000
TVS Apache RTR 200 4V Fi,TVS,5,200,14000,1,Delhi,62000
Hero HF Deluxe 100cc,Hero,13,100,22654,1,Jaipur,24000
Hero CD Deluxe 100cc,Hero,12,100,20595,1,Jaipur,22000
Hero CD Deluxe 100cc,Hero,14,100,14914,1,Faridabad,16000
Hero CD Dawn 100cc,Hero,10,100,31327,1,Faridabad,16000
Hero Splendor NXG 100cc,Hero,14,100,56800,1,Gurgaon,15000
Bajaj Pulsar 150cc,Bajaj,7,150,9200,1,Ludhiana,40000
Honda CB Shine 125cc,Honda,7,125,31000,1,Jaipur,32000
Honda Livo 110cc,Honda,6,110,15149,2,Delhi,31000
Royal Enfield Continental GT 535cc,Royal Enfield,5,535,17000,1,Mumbai,155000
Bajaj Pulsar RS200 ABS,Bajaj,4,200,9304,1,Pune,110000
Bajaj V15 150cc,Bajaj,5,150,9581,1,Delhi,30000
Bajaj Discover 100M,Bajaj,7,100,17565,1,Faridabad,19000
Hero HF Deluxe Eco 100cc,Hero,3,100,5511,1,Faridabad,38000
Bajaj Discover 100cc,Bajaj,5,100,13128,1,Faridabad,25800
Hero HF Deluxe Eco 100cc,Hero,3,100,11824,1,Faridabad,35500
Bajaj Pulsar RS200 ABS,Bajaj,5,200,19000,1,Kanchipuram,90000
Hero Xtreme 200R,Hero,3,200,15000,1,Guwahati,78000
Hero CD Deluxe 100cc,Hero,9,100,20917,1,Jaipur,30000
Hero Splendor iSmart 100cc,Hero,5,100,21917,1,Faridabad,30000
Bajaj Platina 100cc,Bajaj,7,100,17870,1,Faridabad,25000
Bajaj Avenger Cruise 220,Bajaj,3,220,25483,1,Gurgaon,75000
Hero Splendor Plus 100cc,Hero,5,100,19318,1,Gurgaon,34000
Honda Dream Yuga 110cc,Honda,8,110,55562,1,Gurgaon,20000
Royal Enfield Classic 500cc,Royal Enfield,11,500,47518,1,Delhi,74000
Hero CD Deluxe 100cc,Hero,10,100,20135,1,Jaipur,31000
Hero Passion Pro 100cc,Hero,7,100,28024,1,Faridabad,26000
Hero Passion Pro 100cc,Hero,8,100,19152,1,Faridabad,26000
Hero Splendor Plus 100cc,Hero,5,100,16306,1,Faridabad,34000
Royal Enfield Thunderbird 350cc,Royal Enfield,6,350,22749,1,Faridabad,76000
Hero Passion Pro 100cc,Hero,5,100,24720,1,Faridabad,32000
Bajaj Discover 100T,Bajaj,7,100,22342,1,Alibag,18000
Bajaj Pulsar 135LS,Bajaj,8,135,50000,2,Bangalore,30000
Bajaj Avenger Street 150,Bajaj,5,150,18000,1,Chandigarh,50000
Yamaha FZ25 250cc,Yamaha,4,250,18100,1,Jaipur,90000
Yamaha YZF-R15 2.0 150cc,Yamaha,6,150,21000,1,Jalaun,65000
Royal Enfield Classic Desert Storm 500cc,Royal Enfield,7,500,17000,1,Delhi,98100
Bajaj Discover 125cc,Bajaj,9,125,12000,1,Jalandhar,25000
Yamaha YZF-R15 150cc,Yamaha,5,150,36226,1,Faridabad,52000
Bajaj Pulsar 150cc,Bajaj,11,150,30965,1,Faridabad,17000
Honda CB Hornet 160R STD,Honda,3,160,18000,1,Pune,75000
Bajaj Discover 135cc,Bajaj,12,135,23580,1,Ghaziabad,18500
Hero CBZ Xtreme 150cc,Hero,10,150,25280,2,Ghaziabad,20500
Hero Passion Pro 100cc,Hero,6,100,14243,1,Gurgaon,39500
Hero HF Deluxe 100cc,Hero,5,100,21534,1,Jaipur,39000
Hero HF Deluxe 100cc,Hero,6,100,23000,1,Jaipur,39000
Hero Hunk 150cc,Hero,10,150,35500,1,Gurgaon,20000
Hero Glamour 125cc,Hero,4,125,20000,1,Jaipur,39000
Hero Glamour 125cc,Hero,7,125,21000,1,Jaipur,39000
Hero Splendor Plus 100cc,Hero,11,100,19440,1,Faridabad,20000
Hero Splendor plus 100cc,Hero,4,100,13000,1,Delhi,39000
Royal Enfield Bullet Electra 350cc,Royal Enfield,16,350,28200,2,Siliguri,68500
KTM Duke 390cc,KTM,3,390,13000,1,Delhi,170000
Yamaha Fazer 150cc,Yamaha,12,150,10700,1,Faridabad,26000
Yamaha SZX 150cc,Yamaha,11,150,20632,1,Jaipur,22500
Yamaha SZR 150cc,Yamaha,9,150,35173,1,Faridabad,20000
Yamaha SZR 150cc,Yamaha,9,150,10546,1,Faridabad,18700
Yamaha SZR 150cc,Yamaha,10,150,13336,1,Faridabad,15000
TVS Apache RTR 160 4V Carburetor,TVS,2,160,2672,1,Ghaziabad,90000
TVS Apache RTR 180cc,TVS,3,180,12000,1,Jaipur,86000
TVS Apache RTR 200 4V Fi,TVS,5,200,23918,1,Jaipur,78000
TVS Apache RTR 160 4V Disc,TVS,3,160,5771,1,Faridabad,75000
TVS Apache RTR 160cc,TVS,5,160,11123,1,Jaipur,68000
Royal Enfield Classic 350cc,Royal Enfield,6,350,17318,1,Faridabad,115000
Royal Enfield Bullet Twinspark 350cc,Royal Enfield,3,350,8252,1,Faridabad,115000
Royal Enfield Classic 350cc,Royal Enfield,6,350,21000,1,Mumbai,110000
Hero Glamour 125cc,Hero,7,125,33632,1,Ghaziabad,28000
Hero Splendor Plus 100cc,Hero,8,100,32827,1,Gurgaon,28000
Hero Splendor Plus 100cc,Hero,6,100,14651,1,Gurgaon,28000
Hero Passion Pro 100cc,Hero,7,100,32047,1,Gurgaon,28000
Hero Passion Pro 100cc,Hero,10,100,20000,1,Gurgaon,28000
Hero Passion Pro 100cc,Hero,8,100,21477,1,Ghaziabad,28000
Bajaj Discover 135cc,Bajaj,9,135,22000,1,Jaipur,22000
TVS Apache RTR 160 4V Carburetor,TVS,3,160,11258,1,Faridabad,58000
Suzuki Intruder 150cc,Suzuki,3,150,1700,1,Faridabad,80000
Hero Passion Pro 100cc,Hero,10,100,20863,1,Faridabad,20000
Bajaj Discover 125cc,Bajaj,7,125,10887,1,Faridabad,19000
Hero Passion Plus 100cc,Hero,12,100,20634,1,Faridabad,15000
Hero Passion Pro 100cc,Hero,3,100,3300,1,Delhi,54000
Hero Passion Pro i3S Alloy 100cc,Hero,3,100,2780,1,Delhi,52000
Hero Passion Pro 100cc,Hero,11,100,18758,1,Faridabad,15500
Suzuki Gixxer 150cc SP Rear Disc,Suzuki,4,150,2500,1,Kolkata,75000
Bajaj Avenger Street 150,Bajaj,4,150,18800,1,Mumbai,60000
Royal Enfield Thunderbird 500cc,Royal Enfield,6,500,36883,1,Bangalore,110000
Royal Enfield Bullet Twinspark 350cc,Royal Enfield,4,350,23705,1,Gurgaon,103000
KTM RC 200cc,KTM,3,200,12400,1,Ghaziabad,157000
Benelli TNT 300,Benelli,5,300,13000,2,Bardhaman,220000
Bajaj Platina 110 CBS,Bajaj,2,110,14268,1,Faridabad,39500
TVS Star City Plus 110cc,TVS,4,110,18785,1,Faridabad,28000
Bajaj Discover 125cc,Bajaj,14,125,35308,1,Gurgaon,13000
Bajaj V15 150cc,Bajaj,5,150,24869,1,Faridabad,31000
Yamaha YZF-R15 150cc,Yamaha,7,150,12313,1,Faridabad,60000
Honda CB Shine 125cc,Honda,8,125,12552,1,Jaipur,33000
Honda CB Shine 125cc,Honda,8,125,22317,1,Jaipur,33000
Honda CB Shine 125cc,Honda,5,125,24029,1,Ghaziabad,38000
Royal Enfield Classic 350cc,Royal Enfield,5,350,8600,1,Delhi,123000
Royal Enfield Classic 350cc,Royal Enfield,5,350,8536,1,Delhi,115000
Hero Splendor Plus 100cc,Hero,3,100,11624,1,Faridabad,42000
Hero Splendor Pro 100cc,Hero,5,100,30000,1,Jaipur,42000
Hero Splendor iSmart 110cc,Hero,4,110,11000,1,Delhi,42000
Hero Splendor Plus 100cc,Hero,5,100,20770,1,Gurgaon,40000
Hero HF Deluxe 100cc,Hero,4,100,33516,1,Gurgaon,40000
Hero Splendor Pro 100cc,Hero,6,100,18000,1,Jaipur,40000
Hero HF Deluxe 100cc,Hero,5,100,14339,1,Jaipur,40000
Hero HF Deluxe 100cc,Hero,4,100,16123,1,Faridabad,40000
Royal Enfield Classic 350cc,Royal Enfield,4,350,20000,1,Jaipur,121000
Bajaj Avenger Street 220,Bajaj,5,220,14000,1,Jaipur,72700
Honda CB Unicorn Dazzler 150cc,Honda,11,150,40000,1,Parola,15000
Yamaha FZ 150cc,Yamaha,11,150,25121,1,Gurgaon,20000
KTM Duke 200cc,KTM,6,200,32484,1,Mumbai,78000
KTM Duke 390cc,KTM,8,390,9300,1,Mumbai,100000
Royal Enfield Classic 350cc,Royal Enfield,6,350,38369,1,Delhi,97000
Bajaj CT 100 100cc,Bajaj,5,100,15000,1,Noida,33000
Bajaj Pulsar 180cc,Bajaj,10,180,19000,1,Dehradun,31500
TVS Apache RTR 160cc,TVS,13,160,71359,2,Ghaziabad,19000
Hero Karizma R 223cc,Hero,11,223,43000,2,Bangalore,29900
Bajaj Pulsar 135LS,Bajaj,11,135,52000,1,Bareilly,20500
Royal Enfield Thunderbird X 350cc,Royal Enfield,3,350,2900,1,Pune,150000
Royal Enfield Bullet Electra 350cc,Royal Enfield,5,350,28000,1,Bangalore,105000
Hero HF Deluxe Eco 100cc,Hero,2,100,4544,1,Faridabad,41000
Hero Hunk 150cc,Hero,10,150,50444,1,Gurgaon,20500
Bajaj Avenger Cruise 220,Bajaj,5,220,18568,1,Bangalore,68000
Royal Enfield Bullet Electra Twinspark 350cc,Royal Enfield,3,350,9219,1,Delhi,120000
Bajaj Discover 100M,Bajaj,6,100,26238,1,Faridabad,21000
TVS Apache RTR 160cc,TVS,10,160,96142,1,Faridabad,18500
Hero Splendor Plus 100cc,Hero,11,100,17701,1,Faridabad,18000
Royal Enfield Classic 350cc,Royal Enfield,5,350,17426,1,Faridabad,92000
Honda CB Unicorn 160,Honda,6,160,24200,1,Salem,48900
Yamaha FZS FI 150cc,Yamaha,4,150,5700,1,Pune,77000
Honda CBR 250R,Honda,8,250,25468,1,Bangalore,115000
Royal Enfield Bullet Electra 350cc,Royal Enfield,14,350,100000,1,Faridabad,60300
Royal Enfield Bullet 350cc,Royal Enfield,14,350,11783,1,Faridabad,61000
Royal Enfield Continental GT 535cc,Royal Enfield,6,535,9000,1,Delhi,155000
Yamaha FZ S V 2.0 150cc Rear Disc,Yamaha,3,150,16051,1,Mumbai,75000
Hero Splendor iSmart 100cc,Hero,6,100,14649,1,Faridabad,25000
Honda CBR 250R ABS,Honda,10,250,31509,2,Mumbai,60000
Royal Enfield Classic 350cc,Royal Enfield,8,350,22687,2,Ghaziabad,72000
Honda CB Shine 125cc,Honda,11,125,41759,1,Bangalore,32000
Honda CB Hornet 160R STD,Honda,5,160,37500,1,Patiala,50400
Royal Enfield Thunderbird 350cc ABS,Royal Enfield,2,350,2900,1,Navi Mumbai,155000
Royal Enfield Classic Stealth Black 500cc,Royal Enfield,3,500,3334,1,Gurgaon,170000
TVS Apache RTR 180cc,TVS,8,180,47000,1,Mumbai,36700
Bajaj Avenger 220cc,Bajaj,6,220,14600,2,Mumbai,48000
KTM Duke 390cc,KTM,5,390,10168,1,Chennai,124000
Hero Splendor Plus 100cc,Hero,12,100,19285,1,Faridabad,16000
Royal Enfield Classic 350cc,Royal Enfield,3,350,12552,1,Faridabad,112000
Hero Splendor Plus 100cc,Hero,11,100,22002,1,Faridabad,17500
Bajaj Avenger Street 180,Bajaj,3,180,12000,1,Delhi,64400
Mahindra Mojo 300cc,Mahindra,5,300,13154,1,Gurgaon,100000
Bajaj Discover 125cc,Bajaj,16,125,70000,1,Noida,12000
Hero Passion Pro 100cc,Hero,4,100,29000,1,Delhi,37000
Bajaj Pulsar 200 NS 200cc,Bajaj,7,200,32000,1,Chennai,65000
Bajaj Pulsar 150cc,Bajaj,4,150,14500,1,Chennai,48400
Bajaj Platina 100cc,Bajaj,4,100,15705,1,Faridabad,21000
Royal Enfield Bullet 350cc,Royal Enfield,12,350,50000,1,Delhi,90000
Yamaha FZ16 150cc,Yamaha,5,150,62000,1,Chennai,40000
TVS Apache RTR 160cc,TVS,9,160,8241,1,Faridabad,40000
KTM RC 390cc,KTM,4,390,3749,1,Ahmedabad,154000
Yamaha FZ16 150cc,Yamaha,8,150,67527,1,Bangalore,26000
KTM Duke 390cc,KTM,4,390,25000,1,Ahmedabad,200000
Yamaha RX135 135cc 4-Speed,Yamaha,24,135,40000,2,Pune,35000
Bajaj Pulsar 180cc,Bajaj,8,180,38000,1,Ahmedabad,24800
Triumph Bonneville T100 865cc,Triumph,6,865,5600,2,Delhi,500000
Royal Enfield Classic Desert Storm 500cc,Royal Enfield,7,500,28411,1,Indi,70000
Honda CB Shine 125cc,Honda,10,125,20322,1,Jaipur,25000
TVS Apache RTR 200 4V Fi,TVS,5,200,25931,2,Hyderabad,65949
Bajaj Discover 125cc,Bajaj,7,125,14536,1,Faridabad,16000
Benelli TNT 25 250cc,Benelli,5,250,26000,2,Bangalore,120000
Royal Enfield Classic 350cc,Royal Enfield,5,350,20755,1,Delhi,96000
Honda Livo Disc 110cc,Honda,3,110,23467,1,Thane,47000
Bajaj Pulsar 150cc,Bajaj,14,150,30502,1,Delhi,11000
Bajaj CT 100 100cc,Bajaj,4,100,14319,1,Faridabad,25000
TVS Sport 100cc,TVS,8,100,28895,1,Jaipur,23000
KTM Duke 390cc,KTM,7,390,36083,1,Pune,83000
Hero Splendor Pro 100cc,Hero,7,100,41905,1,Bangalore,32000
Yamaha YZF-R15 2.0 150cc,Yamaha,7,150,23235,1,Hyderabad,65300
Royal Enfield Classic 350cc,Royal Enfield,5,350,15080,1,Delhi,95000
Bajaj Discover 100M,Bajaj,7,100,20089,1,Faridabad,19000
Bajaj Discover 100cc,Bajaj,7,100,15580,1,Faridabad,18000
Honda CB Shine 125cc,Honda,8,125,18294,1,Faridabad,24000
Bajaj Platina 100cc,Bajaj,8,100,15001,1,Faridabad,19000
KTM Duke 390cc,KTM,5,390,10000,1,Bangalore,171125
Royal Enfield Classic 350cc,Royal Enfield,4,350,3100,1,Ambala,170000
Bajaj CT 100 Alloy,Bajaj,4,100,6087,1,Faridabad,24000
Bajaj Pulsar 150cc,Bajaj,8,150,62505,1,Delhi,20000
Mahindra Centuro 110cc,Mahindra,8,110,40000,1,Muzaffarpur,23000
Bajaj Pulsar 220F,Bajaj,8,220,64000,1,Bangalore,31900
Hero HF Deluxe 100cc,Hero,8,100,23824,1,Faridabad,21000
Honda CD 110 Dream,Honda,6,110,15660,1,Faridabad,23000
Royal Enfield Machismo 500cc,Royal Enfield,11,500,35000,1,Mumbai,104100
Hero Hunk 150cc,Hero,10,150,78370,1,Jaipur,16000
Hero Karizma R 223cc,Hero,14,223,80000,2,Ahmedabad,14700
Royal Enfield Classic 350cc,Royal Enfield,7,350,15437,1,Jaipur,90000
Hero Splendor Plus 100cc,Hero,4,100,10000,1,Delhi,33000
Hero Splendor Plus 100cc,Hero,11,100,25000,2,Delhi,20000
Honda CB Twister 110cc,Honda,10,110,24182,1,Ahmedabad,24500
Bajaj Pulsar 135LS,Bajaj,9,135,59162,3,Ahmedabad,17000
Hero CBZ Star 160cc,Hero,16,160,25000,1,Pune,22000
Hyosung GT250R,Hyosung,4,250,4459,1,Bangalore,260000
Hero Splendor Plus 100cc,Hero,8,100,24593,1,Gurgaon,24000
Benelli TNT 25 250cc,Benelli,5,250,16000,1,Chennai,150000
Bajaj Avenger Street 220,Bajaj,3,220,13000,1,Delhi,67474
Royal Enfield Thunderbird 500cc,Royal Enfield,4,500,8300,1,Delhi,140000
Royal Enfield Classic 350cc,Royal Enfield,6,350,31000,1,Mumbai,117300
Royal Enfield Classic 350cc,Royal Enfield,4,350,12224,1,Mumbai,119200
Royal Enfield Classic 350cc,Royal Enfield,11,350,3000,1,Chennai,89889
KTM RC 200cc,KTM,5,200,15449,1,Delhi,97000
Bajaj CT 100 B,Bajaj,4,100,13000,1,Gautam Buddha Nagar,21000
Royal Enfield Classic 350cc,Royal Enfield,7,350,9300,1,Thane,90400
Bajaj Pulsar 150cc,Bajaj,9,150,16500,1,Gurgaon,27000
Royal Enfield Classic 350cc,Royal Enfield,5,350,10500,1,Jind,120000
Bajaj CT 100 100cc,Bajaj,17,100,73000,1,Gandhinagar,9000
Honda CB Unicorn Dazzler 150cc,Honda,10,150,27000,1,Patna,28950
Hero Passion Pro 100cc,Hero,11,100,19276,1,Delhi,16500
Bajaj Avenger 220cc,Bajaj,5,220,26329,1,Bangalore,52000
KTM RC 390cc,KTM,4,390,9000,1,Bangalore,194000
Bajaj Discover 125cc,Bajaj,16,125,21493,1,Delhi,8000
Harley-Davidson Street 750 ABS,Harley-Davidson,4,750,200,1,Delhi,500000
Honda Livo Disc 110cc,Honda,5,110,9900,1,Mumbai,43999
Royal Enfield Himalayan 410cc,Royal Enfield,4,410,19829,1,Noida,105000
Hyosung Aquila GV250,Hyosung,7,250,27000,3,Pune,140000
Hero Passion PRO  100 cc,Hero,18,100,22000,2,Delhi,16000
Bajaj Dominar 400 ABS,Bajaj,4,400,14000,2,Bangalore,130000
Royal Enfield Bullet Electra 350cc,Royal Enfield,17,350,120000,1,Noida,41000
Royal Enfield Bullet 350cc,Royal Enfield,5,350,27445,1,Delhi,90000
Honda CBR 150R 150cc,Honda,8,150,44000,1,Haldwani,47000
Honda Dream Yuga 110cc,Honda,6,110,51917,1,Ahmedabad,25000
KTM Duke 200cc,KTM,9,200,26545,1,Delhi,65000
Hero HF Deluxe 100cc,Hero,5,100,22221,1,Gurgaon,32000
Hero Hunk 150cc,Hero,10,150,32706,1,Delhi,21000
Hero Karizma R 223cc,Hero,6,223,27176,2,Hyderabad,32000
Bajaj Avenger Street 220,Bajaj,5,220,11067,1,Bangalore,50000
Hero Passion Pro i3S Disc 100cc,Hero,4,100,20050,1,Delhi,41000
Hero Splendor Plus 100cc,Hero,14,100,60000,1,Sonepat,20000
Royal Enfield Thunderbird 350cc,Royal Enfield,9,350,18000,1,Chennai,73700
Royal Enfield Thunderbird 350cc,Royal Enfield,15,350,40000,1,Chennai,60000
TVS Apache RTR 200 4V ABS,TVS,3,200,25276,1,Nayagarh,104300
Royal Enfield Thunderbird 350cc,Royal Enfield,10,350,4178,2,Thane,57000
Royal Enfield Thunderbird 350cc,Royal Enfield,10,350,22000,3,Bardhaman,75000
Honda CB Trigger 150cc,Honda,8,150,12222,1,Kolkata,40000
Yamaha FZs 150cc,Yamaha,7,150,12000,1,Ghaziabad,42000
KTM RC 200cc,KTM,4,200,11525,1,Bangalore,160000
Hero Hunk 150cc,Hero,5,150,36000,1,Jalgaon,43000
Bajaj Pulsar 150cc,Bajaj,12,150,27400,1,Hyderabad,22000
TVS Star City 110cc,TVS,15,110,43000,1,Chennai,10000
Royal Enfield Classic 350cc,Royal Enfield,10,350,7347,1,Ahmedabad,65500
Bajaj Avenger 200cc,Bajaj,11,200,40000,1,Pune,34000
Yamaha FZ S V 2.0 150cc Rear Disc,Yamaha,2,150,3810,1,Delhi,83000
Hero CBZ Xtreme 150cc,Hero,9,150,25000,1,Mumbai,34000
Hero CBZ Xtreme 150cc,Hero,9,150,61249,1,Hooghly,21000
Hero CBZ 150cc,Hero,9,150,46019,1,Faridabad,21000
Royal Enfield Classic 350cc,Royal Enfield,9,350,11271,1,Kolkata,82001
Royal Enfield Classic 350cc,Royal Enfield,10,350,26530,1,Kolkata,69000
Hero Passion Pro 100cc,Hero,10,100,48000,1,Panvel,23698
Bajaj Discover 150S Disc,Bajaj,6,150,22000,1,Gurgaon,20000
Harley-Davidson Street 750,Harley-Davidson,6,750,14000,3,Delhi,330000
Hero Passion Pro 100cc,Hero,8,100,19546,1,Ghaziabad,30000
KTM RC 390cc,KTM,6,390,13600,1,Ludhiana,111400
Royal Enfield Continental GT 535cc,Royal Enfield,7,535,5909,1,Delhi,95000
KTM RC 390cc,KTM,3,390,6500,1,Delhi,200000
KTM Duke 390cc,KTM,6,390,40700,1,Pune,120000
KTM RC 390cc,KTM,6,390,8000,3,Bangalore,130000
Honda CBR 250R,Honda,8,250,41007,1,Delhi,75000
Benelli TNT 25 250cc,Benelli,5,250,14600,2,Bangalore,110700
Bajaj Discover 150cc,Bajaj,9,150,23266,1,Bangalore,28000
Jawa Forty Two 295CC,Jawa,2,295,381,1,Bangalore,146000
Royal Enfield Thunderbird 350cc,Royal Enfield,7,350,19927,1,Ahmedabad,69500
Bajaj Pulsar 150cc,Bajaj,11,150,47580,1,Faridabad,15000
Honda CB Unicorn 160 CBS,Honda,4,160,20084,2,Hyderabad,50000
KTM RC 200cc,KTM,3,200,18000,1,Hyderabad,160000
TVS Apache RTR 200 4V Carburetor,TVS,4,200,27030,1,Mumbai,75000
Hero Passion Pro 100cc,Hero,7,100,24500,1,Gurgaon,24000
Hero Splendor Plus 100cc,Hero,7,100,22493,1,Gurgaon,27000
Honda CB Twister 110cc,Honda,7,110,21000,1,Gurgaon,30000
Harley-Davidson Street 750,Harley-Davidson,7,750,8600,1,Jaipur,350000
Honda CB Twister 110cc,Honda,8,110,7276,1,Delhi,18000
Hero Splendor iSmart 110cc,Hero,4,110,30947,1,Bangalore,35000
Yamaha Fazer 150cc,Yamaha,11,150,27500,1,Bangalore,23500
Yamaha SZR 150cc,Yamaha,10,150,5000,1,Bangalore,25000
Suzuki Hayabusa 1300cc,Suzuki,8,1300,21000,1,Delhi,950000
Bajaj CT 100 100cc,Bajaj,16,100,50000,1,Delhi,9000
Royal Enfield Himalayan 410cc Fi ABS,Royal Enfield,2,410,3165,1,Hyderabad,172000
Hyosung GT250R,Hyosung,5,250,285,1,Chennai,230000
Mahindra Centuro 110cc,Mahindra,6,110,43500,1,Delhi,21500
Honda CB Trigger 150cc,Honda,6,150,15131,1,Jaipur,56000
Hero Passion Pro i3S Disc 100cc,Hero,3,100,4610,1,Delhi,52000
Hero Glamour 125cc,Hero,10,125,60000,1,Delhi,20000
Yamaha FZ V 2.0 150cc,Yamaha,4,150,50000,1,Alibag,46000
Yamaha YZF-R3 320cc,Yamaha,5,320,4500,1,Gurgaon,246800
Bajaj Pulsar 200 NS 200cc,Bajaj,7,200,30500,1,Tiruvallur,46000
Royal Enfield Classic 350cc,Royal Enfield,8,350,10613,1,Ludhiana,63000
Hero Honda Ambition 135cc,Hero,16,135,100000,2,Ahmedabad,7500
Bajaj Pulsar 150cc,Bajaj,4,150,13138,1,Ghaziabad,44000
Bajaj Avenger Street 220,Bajaj,5,220,58000,1,Jaipur,42000
Bajaj Pulsar 220cc,Bajaj,5,220,33750,1,Ahmedabad,54200
Yamaha FZs 150cc,Yamaha,7,150,17325,1,Delhi,35000
Royal Enfield Standard 350cc,Royal Enfield,18,350,45000,1,Nagpur,80000
Honda Livo 110cc,Honda,2,110,15492,1,Jaipur,53214
Hero Passion Pro i3S Disc 100cc,Hero,4,100,29697,1,Delhi,40000
Bajaj Discover 125cc,Bajaj,10,125,72000,1,Ahmedabad,18800
Suzuki Gixxer 150cc,Suzuki,5,150,38133,1,Mumbai,41000
Suzuki Gixxer 150cc,Suzuki,5,150,24259,2,Delhi,37000
TVS Apache RTR 160cc,TVS,6,160,37594,3,Ahmedabad,31000
Hero Karizma R 223cc,Hero,14,223,40155,3,Dehradun,17000
KTM Duke 390cc,KTM,5,390,37000,2,Hyderabad,140000
Yamaha FZs 150cc,Yamaha,7,150,14560,1,Pune,58000
Royal Enfield Bullet 350cc,Royal Enfield,4,350,18871,1,Delhi,94038
Royal Enfield Classic 350cc,Royal Enfield,6,350,31600,1,Ambikapur,90000
Royal Enfield Bullet Electra 350cc,Royal Enfield,7,350,300965,1,Hyderabad,91804
Royal Enfield Classic 350cc,Royal Enfield,7,350,26000,1,Hyderabad,104700
Royal Enfield Classic 350cc,Royal Enfield,6,350,31254,1,Faridabad,73000
Royal Enfield Thunderbird 350cc,Royal Enfield,8,350,13441,2,Chennai,65000
Bajaj Pulsar 200 NS 200cc,Bajaj,7,200,33500,1,Patna,50000
Yamaha YZF-R1 1000cc,Yamaha,3,1000,285,1,Guwahati,850000
Yamaha FZs 150cc,Yamaha,4,150,16229,1,Faridabad,52000
Bajaj Pulsar 150cc,Bajaj,8,150,15557,1,Chennai,33000
Royal Enfield Classic 350cc,Royal Enfield,5,350,23090,1,Delhi,100000
Kawasaki Ninja 650cc,Kawasaki,7,650,3252,2,Delhi,329000
Hero HF Deluxe i3s 100cc,Hero,4,100,4800,1,Muzaffarpur,47800
TVS Apache RTR 160cc,TVS,13,160,40000,1,Dhanbad,30000
Hero Splendor iSmart 110cc,Hero,6,110,17799,1,Delhi,25000
Suzuki Gixxer 150cc,Suzuki,6,150,26796,1,Delhi,35000
Royal Enfield Standard 500cc,Royal Enfield,6,500,15000,1,Kolkata,82000
Hero CBZ Xtreme 150cc,Hero,8,150,43000,2,Kolkata,20457
Harley-Davidson Iron 883,Harley-Davidson,6,883,20000,1,Delhi,550000
Bajaj Pulsar 150cc,Bajaj,9,150,15000,1,Delhi,27000
TVS Apache RTR 180cc,TVS,9,180,65000,1,Salem,22000
Bajaj Pulsar 135LS 135cc,Bajaj,11,135,45000,1,Indore,21300
Bajaj Dominar 400 ABS,Bajaj,4,400,2100,1,Udupi,178300
Bajaj XCD 125,Bajaj,12,125,50745,1,Pune,10000
Kawasaki Ninja 300cc,Kawasaki,7,300,3805,1,Pune,170000
Royal Enfield Classic Gunmetal Grey 350cc,Royal Enfield,3,350,1121,1,Bangalore,140000
KTM Duke 250cc,KTM,4,250,8000,1,Bangalore,160000
Hero Splendor Plus 100cc,Hero,5,100,28586,1,Delhi,30000
KTM RC 200cc,KTM,6,200,25933,2,Delhi,83000
Bajaj Dominar 400 ABS,Bajaj,4,400,27400,1,Bangalore,125000
Honda CBR 250R,Honda,9,250,36670,1,Pune,75000
Yamaha FZ S V 2.0 150cc,Yamaha,5,150,50000,1,Mumbai,44600
Yamaha Fazer 150cc,Yamaha,9,150,8500,1,Gurgaon,32000
Kawasaki Ninja 650cc,Kawasaki,7,650,18000,2,Delhi,289000
Hero Splendor Plus 100cc,Hero,11,100,17989,1,Jodhpur,18000
Bajaj CT 100 100cc,Bajaj,5,100,15000,1,Kolkata,35000
Yamaha YZF-R15 150cc,Yamaha,12,150,27000,1,Delhi,30000
Kawasaki ER-6n 650cc,Kawasaki,6,650,20785,1,Pune,280000
Royal Enfield Bullet 350cc,Royal Enfield,8,350,11766,1,Bangalore,85000
Hero Glamour 125cc,Hero,5,125,23188,1,Delhi,34000
Hero CBZ Xtreme 150cc,Hero,9,150,27599,1,Delhi,15000
TVS Jive 110cc,TVS,10,110,14333,1,Ghaziabad,12000
Yamaha Fazer 150cc,Yamaha,8,150,12580,1,Delhi,34000
Bajaj Discover 125M,Bajaj,7,125,67714,1,Delhi,18000
Triumph Thruxton R 1200cc,Triumph,4,1200,4600,1,Delhi,950000
Bajaj CT 100 KS Alloy,Bajaj,3,100,13496,1,Delhi,22000
Yamaha YZF-R15 150cc,Yamaha,11,150,47486,2,Bangalore,40000
Hero Splendor 100cc,Hero,18,100,78882,1,Ahmedabad,14500
Hero Karizma R 223cc,Hero,6,223,21000,1,Junagadh,49000
Honda Dream Yuga 110cc,Honda,10,110,23000,1,Jaipur,28000
KTM Duke 390cc,KTM,2,390,1178,1,Delhi,263000
Honda CBR 250R,Honda,9,250,40000,2,Bangalore,62000
Yamaha YZF-R15 2.0 150cc,Yamaha,6,150,40000,1,Bangalore,65300
Yamaha YZF-R15 150cc,Yamaha,12,150,29570,3,Bangalore,39000
Yamaha YZF-R15 2.0 150cc,Yamaha,7,150,27909,1,Bangalore,65000
Hero HF Deluxe 100cc,Hero,5,100,23497,1,Jaipur,38000
Bajaj Pulsar 150cc,Bajaj,4,150,21000,1,Gorakhpur,45000
TVS Apache RTR 160cc,TVS,5,160,25000,1,Mumbai,45000
Yamaha FZ16 150cc,Yamaha,7,150,23500,1,Mumbai,32600
Royal Enfield Classic 350cc,Royal Enfield,4,350,8699,1,Pune,119000
Royal Enfield Classic 350cc,Royal Enfield,4,350,4900,1,Pune,150000
Honda CB Shine 125cc Disc,Honda,5,125,20192,1,Chennai,37500
Hero Passion Pro 100cc,Hero,11,100,33000,1,Chennai,17000
TVS Apache RTR 200 4V ABS Race Edition,TVS,3,200,14000,1,Pune,95000
Bajaj CT 100 ES Alloy,Bajaj,4,100,26383,1,Delhi,34500
Yamaha YZF-R15 S 150cc,Yamaha,5,150,48000,1,Hyderabad,75000
KTM Duke 250cc,KTM,4,250,9465,1,Hyderabad,140000
TVS Apache RTR 160cc,TVS,7,160,20431,1,Jaipur,45000
Hero Splendor Plus 100cc,Hero,6,100,18988,1,Jaipur,36000
Royal Enfield Classic 350cc-Redditch Edition,Royal Enfield,3,350,5300,1,Pune,130000
TVS Star Sport 100cc,TVS,14,100,52000,1,Gurgaon,11000
Hero HF Deluxe 100cc,Hero,8,100,18000,1,Gurgaon,22000
TVS Apache 150cc,TVS,14,150,174638,1,Bangalore,23000
Yamaha FZ 150cc,Yamaha,11,150,35200,1,Bangalore,29000
Honda Livo 110cc,Honda,4,110,12974,1,Bangalore,46000
Yamaha Fazer 150cc,Yamaha,9,150,24000,1,Bangalore,35000
Bajaj Pulsar 150cc,Bajaj,5,150,19309,1,Bangalore,55000
Yamaha FZ 150cc,Yamaha,7,150,21460,1,Bangalore,44000
TVS Star City 110cc,TVS,9,110,25639,1,Bangalore,28000
Hero Honda Splendor 100cc,Hero,10,100,45238,1,Bangalore,24000
BMW S 1000 RR Pro,BMW,4,1000,2600,1,Delhi,1800000
Hero Splendor Pro 100cc,Hero,7,100,36244,1,Delhi,24000
Kawasaki Versys 1000,Kawasaki,4,1000,25000,1,Chennai,901000
Yamaha YZF-R15 150cc,Yamaha,10,150,59718,1,Hyderabad,47000
Yamaha YZF-R15 150cc,Yamaha,11,150,26408,1,Hyderabad,50000
Hero Splendor Plus 100cc,Hero,5,100,22464,1,Jaipur,38500
KTM RC 200cc,KTM,7,200,21000,1,Vadodara,88900
Bajaj Avenger 220cc,Bajaj,6,220,26132,1,Chennai,60000
Bajaj Platina 100cc,Bajaj,5,100,21000,1,Chennai,25200
Royal Enfield Bullet Twinspark 350cc,Royal Enfield,6,350,25000,1,Patna,83000
KTM Duke 200cc,KTM,8,200,29000,1,Kolkata,75000
Hyosung GT250R,Hyosung,5,250,17500,1,Bangalore,287500
Bajaj Pulsar 150cc,Bajaj,11,150,43100,1,Kanpur,23500
KTM RC 200cc,KTM,5,200,14000,1,Hyderabad,118000
KTM RC 200cc,KTM,5,200,17800,1,Hyderabad,130000
Royal Enfield Thunderbird 350cc,Royal Enfield,9,350,66650,2,Delhi,58000
Bajaj Avenger 200cc,Bajaj,12,200,24500,1,Nagpur,39500
TVS Apache RTR 180cc ABS,TVS,5,180,32000,1,Jaipur,59900
Hero Splendor Plus 100cc,Hero,11,100,24000,1,Jaipur,25000
Honda CB Unicorn 150 150cc,Honda,10,150,20000,1,Indore,24000
Bajaj Pulsar 180cc,Bajaj,10,180,53190,1,Mumbai,20000
Hero Splendor Pro 100cc,Hero,5,100,21169,2,Delhi,24000
Royal Enfield Classic Gunmetal Grey 350cc,Royal Enfield,3,350,5123,1,Pune,130000
Bajaj Avenger Street 220,Bajaj,5,220,5500,1,Kolkata,75000
Honda CB Unicorn 150cc,Honda,4,150,10703,1,Mumbai,60000
Kawasaki Z800,Kawasaki,6,800,17500,3,Hyderabad,615000
Honda CB Shine 125cc,Honda,8,125,26000,1,Jaipur,27000
Honda CB Shine 125cc,Honda,7,125,18000,1,Jaipur,26000
Hero Passion Xpro 110cc,Hero,7,110,26403,1,Aurangabad,30856
Hero Glamour PGM Fi 125cc,Hero,10,125,38000,1,Aurangabad,25000
Ducati Diavel 1200cc,Ducati,3,1200,2510,1,Ghaziabad,1100000
Suzuki Gixxer 150cc,Suzuki,6,150,15000,2,Delhi,35900
Bajaj Pulsar 150cc,Bajaj,10,150,20090,2,Vellore,19000
Royal Enfield Thunderbird 350cc,Royal Enfield,6,350,22500,1,Mumbai,88400
Royal Enfield Thunderbird 350cc,Royal Enfield,4,350,5900,1,Hyderabad,130000
Royal Enfield Continental GT 650cc,Royal Enfield,2,650,4500,1,Hyderabad,285000
Royal Enfield Thunderbird 350cc,Royal Enfield,4,350,5799,1,Visakhapatnam,165000
Royal Enfield Classic 350cc,Royal Enfield,9,350,28000,1,Kolkata,60000
Honda CB Unicorn 150cc,Honda,4,150,20000,1,Mumbai,65000
Triumph Speed Triple 1050cc,Triumph,5,1050,8000,2,Bangalore,900000
Yamaha YZF-R15 2.0 150cc,Yamaha,9,150,49994,1,Mumbai,46000
Yamaha SZR 150cc,Yamaha,9,150,17999,1,Mumbai,19000
Yamaha Gladiator 125cc,Yamaha,12,125,70000,2,Ahmedabad,9400
Yamaha FZ V 2.0 150cc,Yamaha,8,150,34000,1,Mumbai,26000
Bajaj Pulsar 150cc,Bajaj,18,150,100000,1,Delhi,6400
Bajaj Pulsar 150cc,Bajaj,17,150,81000,1,Delhi,6700
Yamaha FZ V 2.0 150cc,Yamaha,4,150,22000,1,Delhi,52800
Yamaha FZ V 2.0 150cc,Yamaha,4,150,5020,2,Delhi,54000
Yamaha FZs 150cc,Yamaha,9,150,18227,1,Jaipur,35000
Hero CBZ Xtreme 150cc,Hero,13,150,62135,2,Delhi,9000
Ducati Monster 797,Ducati,4,797,6985,1,Howrah,590000
Honda Livo Disc 110cc,Honda,4,110,24134,1,Mumbai,40000
TVS Apache RTR 160cc,TVS,3,160,14525,1,Ghaziabad,60000
Royal Enfield Classic Squadron Blue 500cc,Royal Enfield,4,500,11500,1,Pune,165000
Honda CD 110 Dream,Honda,5,110,18958,1,Gandhinagar,28400
Bajaj Discover 150F,Bajaj,7,150,50000,1,Mumbai,21000
Hero Passion Pro 100cc,Hero,12,100,35000,1,Patna,16000
TVS Apache RTR 160cc,TVS,8,160,42175,1,Gurgaon,30000
Royal Enfield Classic 500cc,Royal Enfield,6,500,18500,1,Hyderabad,121400
Royal Enfield Thunderbird 500cc,Royal Enfield,7,500,23350,1,Hyderabad,110000
Honda CB Unicorn 160 STD,Honda,4,160,14432,1,Hyderabad,53000
TVS Star Sport 100cc,TVS,5,100,5400,1,Kolkata,34000
KTM Duke 390cc,KTM,4,390,11700,1,Jaipur,200000
Hero Super Splendor 125cc,Hero,8,125,35000,1,Jhansi,25000
Yamaha FZ16 150cc,Yamaha,10,150,12250,1,Chandigarh,38000
KTM RC 390cc,KTM,4,390,10880,1,Jaipur,175000
Bajaj Pulsar 220F,Bajaj,3,220,2463,1,Kanpur,90000
Kawasaki Z800,Kawasaki,8,800,18500,3,Delhi,550000
Hero Splendor Plus 100cc,Hero,8,100,61421,1,Gurgaon,27000
Suzuki Gixxer SF 150cc,Suzuki,5,150,15600,1,Mumbai,50000
Bajaj Avenger Street 220,Bajaj,4,220,26592,1,Bangalore,66000
Harley-Davidson Street 750,Harley-Davidson,5,750,2600,1,Ahmedabad,486000
Yamaha YZF-R15 2.0 150cc,Yamaha,8,150,52000,1,Pune,60000
Bajaj Platina 110 CBS,Bajaj,2,110,5200,1,Ahmedabad,55000
LML Freedom DX 110cc,LML,16,110,55000,1,Godhara,4400
Hero HF Deluxe 100cc,Hero,4,100,21163,1,Faridabad,34000
Harley-Davidson XG750 750cc,Harley-Davidson,7,750,1000,1,Ahmedabad,450000
Royal Enfield Thunderbird 350cc,Royal Enfield,6,350,39865,1,Gurgaon,81000
KTM Duke 390cc,KTM,4,390,34000,1,Bangalore,175000
Royal Enfield Thunderbird 350cc,Royal Enfield,7,350,49000,2,Bangalore,83000
Hero Splendor iSmart 100cc,Hero,6,100,12537,1,Gurgaon,25000
Suzuki Gixxer SF 150cc,Suzuki,5,150,52000,1,Chennai,40000
Hero Splendor Plus 100cc,Hero,4,100,13328,1,Faridabad,35000
Bajaj Pulsar NS200,Bajaj,6,200,14000,1,Dehradun,54500
Bajaj Platina 100cc,Bajaj,7,100,32340,1,Gurgaon,20700
Honda CBR 250R ABS,Honda,8,250,31074,1,Hyderabad,90000
Honda CBR 250R ABS,Honda,8,250,23180,2,Hyderabad,78400
Harley-Davidson Street 750,Harley-Davidson,6,750,2000,1,Ahmedabad,381700
KTM Duke 250cc,KTM,3,250,930,1,Balaghat,198599
Jawa Standard 295CC,Jawa,3,295,400,1,Bangalore,223000
Hero HF Deluxe 100cc,Hero,6,100,43000,1,Indore,32000
Bajaj Avenger Cruise 220,Bajaj,3,220,3542,1,Delhi,69000
TVS Apache RTR 160cc,TVS,5,160,18000,1,Ahmedabad,45000
Bajaj Platina 100cc,Bajaj,9,100,18000,1,Ahmedabad,23000
Bajaj Pulsar 220cc,Bajaj,7,220,39766,1,Bangalore,51000
TVS Apache RTR 160cc,TVS,9,160,21657,1,Bangalore,36000
Royal Enfield Classic 350cc,Royal Enfield,4,350,33486,1,Ahmedabad,145500
Bajaj Pulsar 135LS,Bajaj,6,135,5188,1,Mumbai,33000
Bajaj Pulsar 135LS 135cc,Bajaj,11,135,39000,1,Mumbai,21316
Royal Enfield Thunderbird 500cc,Royal Enfield,4,500,15400,1,Chennai,110000
Hero HF Deluxe Eco 100cc,Hero,4,100,17000,2,Jhansi,36000
Bajaj Dominar 400,Bajaj,4,400,13797,1,Bangalore,115000
Royal Enfield Bullet 350cc,Royal Enfield,10,350,15418,2,Chandigarh,82000
Hero Karizma R 223cc,Hero,13,223,73317,2,Bangalore,20000
Royal Enfield Classic 350cc,Royal Enfield,9,350,28000,1,Bangalore,96300
Royal Enfield Classic 350cc,Royal Enfield,7,350,41211,1,Bangalore,97000
Royal Enfield Classic 350cc,Royal Enfield,10,350,24592,1,Bangalore,85000
Honda Dream Yuga 110cc,Honda,4,110,18000,1,Hyderabad,47600
Honda CB Unicorn 150cc,Honda,9,150,15250,1,Mumbai,33000
Bajaj Discover 100cc,Bajaj,16,100,26527,1,Bangalore,19000
TVS Jive 110cc,TVS,11,110,35000,2,Kanchipuram,10000
Bajaj Pulsar RS200 ABS,Bajaj,4,200,7734,1,Bangalore,101697
Bajaj Pulsar 220F,Bajaj,6,220,54990,1,Gurgaon,48000
Bajaj Pulsar 220F,Bajaj,6,220,16540,2,Gurgaon,46500
Bajaj CT 100 100cc,Bajaj,16,100,37066,2,Mumbai,10000
Hero Glamour Disc 125cc,Hero,6,125,52000,1,Jaipur,39000
Honda CB Unicorn 150cc,Honda,11,150,24000,1,Bangalore,35000
Royal Enfield Himalayan 410cc,Royal Enfield,5,410,9600,1,Mumbai,135000
Hero Glamour Disc 125cc,Hero,11,125,65000,1,Mumbai,24000
Harley-Davidson Iron 883,Harley-Davidson,8,883,13000,1,Kanchipuram,378000
Yezdi Classic 250cc,Yezdi,39,250,23,3,Ahmedabad,68000
TVS Apache RTR 180cc,TVS,5,180,18611,1,Delhi,45000
Bajaj Avenger 220cc,Bajaj,6,220,3443,1,Mumbai,40000
Bajaj Avenger 220cc,Bajaj,8,220,10576,1,Gurgaon,32000
Royal Enfield Thunderbird 350cc,Royal Enfield,5,350,41000,1,Bangalore,104400
Suzuki Gixxer 150cc,Suzuki,6,150,25000,1,Ajmer,38000
Hero Passion Pro 100cc Drum Alloy,Hero,3,100,5250,1,Bardhaman,61000
Mahindra Mojo 300cc,Mahindra,3,300,5000,1,Dibrugarh,107000
Bajaj Pulsar RS200,Bajaj,6,200,5300,1,Gurgaon,100400
Royal Enfield Standard 500cc,Royal Enfield,5,500,13110,2,Mumbai,109000
Suzuki Gixxer 150cc,Suzuki,6,150,14653,1,Hyderabad,40362
Hero Passion Plus 100cc,Hero,14,100,65000,1,Ahmedabad,13000
Bajaj Dominar 400 ABS,Bajaj,4,400,23400,1,Chennai,130000
Bajaj Pulsar RS200 ABS,Bajaj,6,200,25240,1,Mumbai,70000
Royal Enfield Classic 350cc,Royal Enfield,4,350,13560,1,Delhi,120000
Hero Passion Pro i3S Alloy 100cc,Hero,3,100,26839,1,Ghaziabad,42000
Honda CB Twister 110cc,Honda,10,110,50000,1,Gurgaon,13500
Hero Karizma ZMR 223cc,Hero,4,223,10000,3,Delhi,70000
Bajaj V15 150cc,Bajaj,5,150,35020,1,Ghaziabad,35000
Bajaj Pulsar RS200,Bajaj,5,200,42173,1,Gurgaon,80000
KTM RC 200cc,KTM,6,200,28000,1,Dehradun,105000
Bajaj V15 150cc,Bajaj,4,150,12000,1,Dehradun,42000
Bajaj Pulsar 150cc,Bajaj,12,150,36903,1,Delhi,20000
Bajaj Avenger Cruise 220,Bajaj,4,220,15264,1,Pune,61500
TVS Apache RR310,TVS,3,310,6000,1,Visakhapatnam,190000
TVS Apache RTR 200 4V Carburetor,TVS,4,200,18304,1,Gurgaon,75000
Bajaj V15 150cc,Bajaj,5,150,17038,1,Mumbai,40000
Bajaj V15 150cc,Bajaj,5,150,23297,2,Delhi,35000
Honda CBF Stunner 125cc,Honda,7,125,51999,1,Chandigarh,24500
Bajaj Pulsar 150cc,Bajaj,2,150,7312,1,Ghaziabad,60000
KTM Duke 200cc,KTM,3,200,2963,1,Delhi,143000
TVS Apache RTR 160cc,TVS,14,160,20000,1,Faridkot,20000
Bajaj Pulsar 150cc,Bajaj,10,150,47000,1,Amritsar,35000
Royal Enfield Thunderbird 350cc,Royal Enfield,6,350,9000,1,24 Pargana,95000
Hero Karizma ZMR 223cc,Hero,9,223,47098,1,Mumbai,28000
Bajaj V15 150cc,Bajaj,5,150,17900,1,Delhi,45000
Hero Passion Pro 100cc,Hero,10,100,14002,2,Mumbai,25000
Royal Enfield Bullet Electra 350cc,Royal Enfield,7,350,24203,1,Thane,75000
Bajaj Pulsar RS200 ABS,Bajaj,5,200,28026,1,Bangalore,98000
Hero Hunk 150cc,Hero,13,150,50000,1,Delhi,12800
KTM RC 390cc,KTM,3,390,5640,1,Dehradun,198000
Royal Enfield Classic 350cc,Royal Enfield,6,350,20000,1,Delhi,95000
Mahindra Centuro 110cc,Mahindra,8,110,38247,1,Ahmedabad,25000
Royal Enfield Bullet Twinspark 350cc,Royal Enfield,3,350,24300,1,Naraingarh,110000
Bajaj Pulsar 150cc,Bajaj,10,150,45189,1,Pune,35000
Bajaj Pulsar 150cc,Bajaj,11,150,99000,1,Thane,16000
Bajaj V15 150cc,Bajaj,4,150,2600,1,Bangalore,66400
Hero Passion Xpro 110cc,Hero,8,110,43625,1,Ghaziabad,26000
Yamaha FZs 150cc,Yamaha,7,150,38000,1,Hyderabad,43000
Bajaj Avenger 220cc,Bajaj,7,220,19300,1,Gwalior,40000
Royal Enfield Thunderbird 350cc,Royal Enfield,7,350,33783,1,Bangalore,85000
Bajaj V15 150cc,Bajaj,5,150,4725,1,Ludhiana,52000
Bajaj Dominar 400 ABS,Bajaj,4,400,8930,1,Pune,125000
Yamaha YZF-R15 V3 150cc,Yamaha,3,150,13013,1,Gurgaon,121000
Hero Karizma R 223cc,Hero,6,223,28000,2,Karim Nagar,35000
Royal Enfield Thunderbird 350cc,Royal Enfield,5,350,16317,2,Delhi,96000
Honda CBF Stunner 125cc,Honda,9,125,69761,1,Delhi,19000
Royal Enfield Classic 350cc,Royal Enfield,5,350,24000,1,Delhi,130800
Bajaj Pulsar NS200,Bajaj,9,200,4200,1,Gurgaon,60000
KTM Duke 200cc,KTM,8,200,25000,2,24 Pargana,67000
Honda CBR 250R,Honda,7,250,25000,1,Delhi,80000
Bajaj Pulsar 220cc,Bajaj,7,220,14000,1,Rewari,50300
Honda CBF Stunner 125cc,Honda,9,125,15000,1,Delhi,23400
KTM Duke 390cc,KTM,6,390,18000,1,Mumbai,105000
Bajaj Discover 100cc,Bajaj,11,100,21000,1,Chandigarh,21100
Hyosung GT250R,Hyosung,5,250,4400,1,Mumbai,283700
Hero Splendor 100cc,Hero,10,100,32659,1,Ahmedabad,27500
Hero CD Deluxe 100cc,Hero,9,100,39000,1,Jaipur,25000
Yamaha YZF-R15 2.0 150cc,Yamaha,4,150,17000,1,Ranchi,90000
Hero Splendor Plus 100cc,Hero,15,100,46000,1,Tiruvallur,20300
Honda CB Shine 125cc CBS,Honda,4,125,4000,1,Gorakhpur,55800
Bajaj Dominar 400 ABS,Bajaj,4,400,31243,1,Mumbai,125000
Royal Enfield Thunderbird 350cc,Royal Enfield,4,350,5000,1,Karwar,160000
Bajaj Pulsar 150cc,Bajaj,12,150,100000,2,Ahmedabad,12982
Honda CB Shine 125cc,Honda,7,125,25000,2,Kanchipuram,25000
TVS Star City Plus 110cc,TVS,6,110,16565,1,Delhi,25000
Yamaha FZ V 2.0 150cc,Yamaha,6,150,26219,1,Mumbai,51000
Hero Hunk 150cc,Hero,12,150,45000,1,Jaipur,18200
Bajaj Discover 135cc,Bajaj,13,135,36888,1,Delhi,15000
Royal Enfield Classic 350cc,Royal Enfield,7,350,19912,1,Delhi,84000
Royal Enfield Classic 500cc,Royal Enfield,4,500,5541,1,Delhi,128000
Bajaj Pulsar 135LS,Bajaj,6,135,30000,1,Delhi,30000
Bajaj Pulsar AS150,Bajaj,6,150,15927,2,Mumbai,60000
KTM RC 390cc,KTM,4,390,3834,1,Alibag,158000
Bajaj Pulsar NS200,Bajaj,8,200,60000,1,Gandhinagar,43600
Bajaj Pulsar 150cc,Bajaj,14,150,532,1,Delhi,15000
Hero Splendor iSmart 110cc,Hero,4,110,3000,1,Pune,57999
Yamaha YZF-R15 2.0 150cc,Yamaha,7,150,28000,1,Lucknow,58000
Honda CB Shine 125cc,Honda,10,125,31000,1,Hyderabad,32000
Honda CB Shine 125cc,Honda,3,125,2500,1,Pune,65000
KTM Duke 390cc,KTM,5,390,26000,1,Goa-panaji,133000
Bajaj Pulsar 150cc,Bajaj,8,150,30000,1,Kharar,29200
Honda CB Hornet 160R CBS,Honda,2,160,5500,1,Sant Kabir Nagar,91000
Royal Enfield Thunderbird 350cc,Royal Enfield,4,350,24000,1,Viramgam,115000
Bajaj Platina 100cc ComforTec Alloy,Bajaj,3,100,200,1,Hyderabad,50000
KTM Duke 390cc,KTM,6,390,7000,1,Dehradun,140000
Bajaj Discover 125M,Bajaj,4,125,4838,1,Pune,36000
Bajaj Discover 100M,Bajaj,7,100,26500,1,Pune,32000
TVS Apache RTR 200 4V,TVS,4,200,1300,1,Indore,100000
Yamaha FZ S V 2.0 150cc,Yamaha,5,150,43000,1,Delhi,55000
Royal Enfield Bullet Electra 350cc,Royal Enfield,15,350,23367,1,Delhi,62000
Yamaha YZF-R15 2.0 150cc,Yamaha,9,150,18200,1,Mumbai,60000
Hero CBZ Xtreme 150cc,Hero,9,150,25000,1,Gurgaon,28000
KTM Duke 200cc,KTM,7,200,16000,2,Jhajjar,120000
Honda CB Unicorn 150cc,Honda,13,150,35063,2,Agra,20000
Yamaha FZ S V 2.0 150cc-Ltd. Edition,Yamaha,3,150,14000,1,Manali,73000
Bajaj Avenger Street 150,Bajaj,5,150,15000,1,Gadwal,45000
Royal Enfield Classic Stealth Black 500cc,Royal Enfield,3,500,6000,1,Honavar,170000
Bajaj Avenger 220cc,Bajaj,6,220,38000,1,Mathura,55000
Bajaj Avenger Street 150,Bajaj,4,150,13450,1,Ghaziabad,83100
Hero Splendor iSmart 100cc,Hero,7,100,50000,1,Jaipur,25000
Honda CB ShineSP 125cc,Honda,5,125,16500,2,Gurgaon,39200
Royal Enfield Classic 350cc,Royal Enfield,3,350,4625,1,Delhi,141000
Royal Enfield Classic 350cc,Royal Enfield,4,350,1550,1,Delhi,134400
Bajaj Pulsar 150cc,Bajaj,13,150,70000,1,Ahmedabad,15000
Royal Enfield Bullet 350cc,Royal Enfield,6,350,35596,1,Thane,78500
Royal Enfield Thunderbird X 350cc ABS,Royal Enfield,2,350,500,1,Gurgaon,170000
Bajaj Discover 125cc,Bajaj,3,125,3400,1,Delhi,52000
Hero Splendor Plus 100cc,Hero,8,100,36484,1,Ahmedabad,29500
Honda CB Trigger 150cc,Honda,7,150,30000,1,Delhi,36000
Bajaj Avenger Street 150,Bajaj,4,150,30000,1,Khandwa,65000
Bajaj Avenger 220cc,Bajaj,7,220,1234,2,Jaipur,50000
Yamaha FZ16 150cc,Yamaha,7,150,16435,1,Noida,42500
Yamaha FZ S V 2.0 150cc,Yamaha,7,150,60000,1,Delhi,43000
Honda CBR 250R,Honda,10,250,35000,1,Delhi,80000
Hero Splendor Pro 100cc,Hero,9,100,7100,1,Una,21000
Yamaha FZ16 150cc,Yamaha,10,150,72354,1,Mumbai,45000
Bajaj Discover 125cc,Bajaj,15,125,717794,1,Delhi,10500
Bajaj Pulsar 150cc,Bajaj,10,150,25000,1,Dehradun,29500
Bajaj Pulsar 220F,Bajaj,11,220,58816,1,Bangalore,38000
Honda CBR 250R,Honda,4,250,2200,1,Solan,150000
Hero Passion Pro 100cc,Hero,7,100,22560,1,Chennai,30000
Royal Enfield Classic 350cc,Royal Enfield,5,350,18057,2,Bangalore,115000
Hero Super Splendor 125cc,Hero,8,125,78822,1,Ghaziabad,19000
Yamaha Fazer 150cc,Yamaha,11,150,38000,1,Noida,34000
Hero Karizma ZMR 223cc,Hero,12,223,14256,1,Delhi,28000
Royal Enfield Bullet Twinspark 350cc,Royal Enfield,4,350,9858,1,Delhi,125000
KTM RC 390cc,KTM,5,390,25327,1,Mumbai,110000
Bajaj Avenger 220cc,Bajaj,6,220,71303,1,Gurgaon,41000
Bajaj Pulsar 180cc,Bajaj,14,180,57500,2,Chandigarh,20000
Hero CD Deluxe 100cc,Hero,12,100,20000,1,Gautam Buddha Nagar,11000
Royal Enfield Classic 350cc,Royal Enfield,6,350,13000,1,Delhi,109000
Bajaj Pulsar 220F,Bajaj,4,220,21000,1,Alibag,63000
Bajaj V15 150cc,Bajaj,4,150,54362,1,Faridabad,41999
Bajaj Pulsar RS200 ABS,Bajaj,6,200,35450,1,Pune,87000
Hero Glamour 125cc,Hero,4,125,21000,1,Faridabad,41400
TVS Star 100cc,TVS,15,100,72378,1,Ghaziabad,9000
Bajaj  Pulsar 180cc,Bajaj,13,180,54000,2,Delhi,22000
Royal Enfield Bullet 350cc,Royal Enfield,4,350,5000,1,Bangalore,123400
Honda CBF Stunner 125cc,Honda,10,125,35655,1,Delhi,17000
Bajaj XCD 135,Bajaj,11,135,42000,1,Gautam Buddha Nagar,18000
Bajaj Pulsar RS200 ABS,Bajaj,6,200,13000,1,Lucknow,82500
Suzuki Gixxer SF 150cc,Suzuki,6,150,7900,1,Pune,70000
Honda CB Hornet 160R STD,Honda,5,160,24800,1,Indore,51000
KTM Duke 250cc,KTM,3,250,7563,1,Mumbai,155000
Royal Enfield Bullet Electra 350cc,Royal Enfield,9,350,16919,1,Delhi,75068
Royal Enfield Thunderbird 500cc,Royal Enfield,3,500,10000,1,Ernakulam,153000
Hero Karizma ZMR 223cc,Hero,8,223,55000,1,Hyderabad,35300
Hero Karizma R 223cc,Hero,10,223,16750,1,Ambala,22000
Bajaj V15 150cc,Bajaj,4,150,41090,2,Delhi,36800
Bajaj Avenger Street 150,Bajaj,5,150,13281,1,Kharar,49000
Bajaj V12 125cc,Bajaj,4,125,29094,1,Delhi,37000
Honda CBF Stunner 125cc,Honda,8,125,45000,1,Sitapur,21400
Royal Enfield Bullet Electra Twinspark 350cc,Royal Enfield,6,350,4761,1,Mumbai,93000
Suzuki Intruder SP 150cc,Suzuki,3,150,9200,1,Gurgaon,100000
Suzuki Intruder SP 150cc,Suzuki,3,150,6000,1,Ahmedabad,100500
Royal Enfield Electra 350cc,Royal Enfield,3,350,14330,1,Jaipur,90000
Royal Enfield Thunderbird 350cc,Royal Enfield,12,350,15000,2,Chennai,55000
Royal Enfield Classic Desert Storm 500cc,Royal Enfield,5,500,14735,1,Delhi,119000
Bajaj Pulsar 220cc,Bajaj,9,220,55686,2,Delhi,26000
Royal Enfield Thunderbird 350cc,Royal Enfield,4,350,14200,1,Chennai,113000
Bajaj Pulsar 150cc,Bajaj,8,150,75000,1,Delhi,40000
Bajaj Pulsar 150cc,Bajaj,5,150,21000,1,Ghaziabad,32000
Bajaj Discover 135cc,Bajaj,14,135,477976,1,Mumbai,13500
Yamaha YZF-R15 2.0 150cc,Yamaha,7,150,27481,2,Pune,66400
Honda CBR 150R 150cc,Honda,6,150,43871,1,Jaipur,67000
Royal Enfield Himalayan 410cc,Royal Enfield,5,410,9000,1,Noida,140000
Yamaha FZs 150cc,Yamaha,8,150,32375,1,Delhi,45000
Bajaj Pulsar 220F,Bajaj,7,220,41000,1,Delhi,61000
Honda Dream Yuga 110cc,Honda,9,110,16500,1,Udaipur,38000
Honda CBR 150R 150cc,Honda,7,150,23800,1,Jammu,75500
Suzuki Intruder 150cc FI,Suzuki,3,150,700,1,Meerut,125000
Royal Enfield‎ Bullet 350cc,Royal Enfield,37,350,99999,1,Anand,140000
Bajaj V15 150cc,Bajaj,5,150,10000,1,Pune,49100
Royal Enfield Bullet 350cc,Royal Enfield,5,350,15288,2,Mumbai,95000
Bajaj Pulsar RS200 ABS,Bajaj,6,200,26000,1,Pune,85000
Royal Enfield Bullet Electra Twinspark 350cc,Royal Enfield,6,350,26927,1,Lucknow,110000
Yamaha Gladiator 125cc,Yamaha,12,125,38500,4,Bangalore,20000
Bajaj Discover150 150cc,Bajaj,7,150,25000,1,Jaipur,28000
Royal Enfield Classic 500cc,Royal Enfield,8,500,13000,1,Delhi,109500
Royal Enfield Thunderbird 350cc,Royal Enfield,6,350,19000,1,Betul,99000
Bajaj Avenger Street 150,Bajaj,5,150,7054,1,Hyderabad,69999
Royal Enfield Thunderbird 350cc,Royal Enfield,6,350,12000,1,Bangalore,115000
Hero Passion Plus 100cc,Hero,10,100,6000,1,Delhi,24000
Hero Xtreme Sports 149cc,Hero,6,149,17330,1,Jaipur,56000
Bajaj Discover 125ST,Bajaj,7,125,21891,1,Ahmedabad,24500
Bajaj Pulsar 180cc,Bajaj,8,180,57811,1,Mumbai,36999
Royal Enfield Classic Desert Storm 500cc,Royal Enfield,9,500,3000,1,Chennai,110439
Royal Enfield Classic Desert Storm 500cc,Royal Enfield,7,500,30000,1,Chennai,116762
Honda CB Hornet 160R Special Edition-CBS,Honda,4,160,12000,1,Anantapur,67000
Yamaha Fazer 150cc,Yamaha,8,150,38000,1,Delhi,40000
Bajaj Platina 100cc,Bajaj,8,100,17695,1,Ludhiana,26000
Royal Enfield Classic 350cc,Royal Enfield,5,350,9788,1,Hyderabad,140000
TVS Apache RTR 200 4V,TVS,4,200,10000,1,Delhi,92300
Hero Passion Plus 100cc,Hero,14,100,45330,1,Pune,20100
Bajaj Pulsar AS150,Bajaj,6,150,22000,1,Bangalore,69000
Honda CB Unicorn 150cc,Honda,12,150,33000,1,Noida,26000
Royal Enfield Thunderbird 350cc,Royal Enfield,4,350,17000,1,Chennai,139000
Royal Enfield Thunderbird 350cc,Royal Enfield,7,350,19562,1,Delhi,97500
Yamaha FZs 150cc,Yamaha,7,150,11000,1,Delhi,48000
Royal Enfield Thunderbird 500cc,Royal Enfield,6,500,1400,1,Pune,140900
Royal Enfield Thunderbird 500cc,Royal Enfield,4,500,14000,1,Pune,179000
Bajaj Pulsar 150cc,Bajaj,9,150,60000,1,Delhi,25000
Royal Enfield Classic 500cc,Royal Enfield,4,500,4030,1,Delhi,180000
Bajaj Avenger Street 150,Bajaj,4,150,1920,1,Coimbatore,84000
Royal Enfield Thunderbird 350cc,Royal Enfield,6,350,20000,1,Pune,125000
Bajaj Pulsar AS200,Bajaj,8,200,27000,1,Jaipur,55000
Hero Xtreme Sports 150cc,Hero,5,150,3200,1,Delhi,65000
Suzuki Gixxer SF Fi 150cc,Suzuki,4,150,8000,1,Hyderabad,88000
Honda Dream Yuga 110cc,Honda,7,110,18000,1,Delhi,27500
Royal Enfield‎ Bullet 350cc,Royal Enfield,7,350,23895,1,Ghaziabad,80000
Hero Splendor Plus 100cc,Hero,11,100,42000,2,Gwalior,19600
Royal Enfield Bullet Twinspark 350cc,Royal Enfield,5,350,25000,1,Bangalore,95000
Royal Enfield Electra 350cc,Royal Enfield,4,350,23397,1,Pune,99000
Hero CBZ 150cc,Hero,9,150,51528,1,Ahmedabad,30000
Bajaj Pulsar 220cc,Bajaj,3,220,10147,1,Hyderabad,120000
Bajaj Pulsar RS200 ABS,Bajaj,5,200,9119,1,Kanpur,110000
KTM Duke 390cc,KTM,7,390,7000,1,Mumbai,100000
Honda CB ShineSP 125cc,Honda,4,125,10000,1,Bangalore,55000
Hero Honda Splendor 100cc,Hero,10,100,19000,1,Ludhiana,21000
Hero Splendor NXG 100cc,Hero,10,100,70628,1,Lucknow,20000
Hero Passion Pro 100cc,Hero,10,100,58137,1,Lucknow,25000
Hero Karizma R 223cc,Hero,7,223,35000,1,Lucknow,42000
Royal Enfield Classic 350cc,Royal Enfield,5,350,5073,1,Delhi,110000
KTM Duke 390cc,KTM,5,390,14403,1,Ghaziabad,106000
Yamaha YZF-R15 2.0 150cc,Yamaha,7,150,23000,1,Bangalore,74000
Bajaj Pulsar 150cc,Bajaj,10,150,56000,1,Delhi,18600
Harley-Davidson Street 750,Harley-Davidson,3,750,550,1,Sholapur,472000
Royal Enfield Thunderbird 350cc,Royal Enfield,8,350,13000,1,Mumbai,89000
Royal Enfield Thunderbird 500cc,Royal Enfield,8,500,40500,1,Pune,95000
TVS Apache RTR 160cc,TVS,5,160,18500,1,Bangalore,65000
KTM RC 200cc,KTM,5,200,8200,1,Mumbai,125000
Harley-Davidson Street 750,Harley-Davidson,6,750,1200,1,Delhi,430000
Hero Passion Pro 100cc,Hero,6,100,9500,1,Pinjore,35000
TVS Star City Plus 110cc,TVS,5,110,38950,1,Delhi,40000
TVS Apache RTR 160cc,TVS,9,160,80000,1,Chennai,40000
KTM RC 200cc,KTM,6,200,10000,1,Delhi,140000
Bajaj Discover 110cc,Bajaj,3,110,2000,1,Pune,55000
Bajaj Avenger 150cc,Bajaj,7,150,20850,1,Delhi,59999
Royal Enfield Thunderbird 350cc,Royal Enfield,5,350,22800,1,Chennai,112100
Royal Enfield Thunderbird 500cc,Royal Enfield,5,500,7900,1,Pune,137999
Bajaj Avenger Street 150,Bajaj,4,150,11000,1,Kanpur,70000
Honda CB Twister 110cc,Honda,7,110,28000,1,Karnal,25000
Hero Hunk 150cc,Hero,13,150,50000,1,Delhi,15600
KTM RC 200cc,KTM,6,200,10000,1,Hyderabad,140000
Bajaj Avenger 220cc,Bajaj,8,220,39500,1,Delhi,44600
KTM RC 390cc,KTM,4,390,2400,1,Indore,225000
Royal Enfield Classic 350cc,Royal Enfield,5,350,2827,1,Thane,120000
Royal Enfield Classic 500cc,Royal Enfield,6,500,12434,1,Mumbai,118000
Royal Enfield Machismo 500cc,Royal Enfield,14,500,38000,1,Hyderabad,150000
Yamaha FZ16 150cc,Yamaha,11,150,9300,1,Delhi,30000
Yamaha YZF-R15 2.0 150cc,Yamaha,10,150,60000,1,Medak,41000
Royal Enfield Thunderbird 350cc,Royal Enfield,8,350,12000,1,Ranchi,90000
Yamaha FZs 150cc,Yamaha,12,150,18465,1,Gurgaon,18000
Bajaj Dominar 400 ABS,Bajaj,4,400,5548,1,Mumbai,110000
Royal Enfield Classic 500cc,Royal Enfield,5,500,25353,1,Ghaziabad,110000
Royal Enfield Classic Gunmetal Grey 350cc,Royal Enfield,3,350,6700,1,Delhi,170000
Suzuki Intruder 150cc,Suzuki,3,150,25400,1,Mumbai,77000
Bajaj Avenger 220cc,Bajaj,3,220,20000,1,Delhi,65200
Yamaha Fazer 150cc,Yamaha,8,150,30000,1,Cuttack,45000
KTM Duke 390cc,KTM,5,390,23766,1,Bangalore,160000
Bajaj Discover 100M,Bajaj,7,100,28808,1,Mumbai,21000
Bajaj Discover 100cc,Bajaj,11,100,36526,2,Qadian,19269
Bajaj V15 150cc,Bajaj,5,150,15000,2,Delhi,43000
KTM RC 200cc,KTM,5,200,6500,1,Delhi,140000
Royal Enfield Thunderbird 500cc,Royal Enfield,4,500,2000,1,Pune,180000
Hero Splendor Plus 100cc,Hero,12,100,46000,1,Karnal,20000
Bajaj Pulsar RS200,Bajaj,6,200,11170,1,Pune,100000
Royal Enfield Thunderbird 500cc,Royal Enfield,6,500,5000,1,Delhi,131700
Yamaha Fazer 150cc,Yamaha,9,150,24000,1,Delhi,30000
Bajaj Avenger 220cc,Bajaj,5,220,12000,1,Nagpur,67000
Bajaj Discover 125ST,Bajaj,8,125,38425,1,Delhi,25000
Hero Passion Xpro 110cc,Hero,6,110,9000,1,Jaipur,42000
Bajaj Pulsar 150cc,Bajaj,6,150,9000,1,Bangalore,60000
Bajaj Avenger Street 150,Bajaj,4,150,7000,1,Karim Nagar,70400
Bajaj Avenger 220cc,Bajaj,9,220,33000,1,Bangalore,41000
Bajaj Avenger 220cc,Bajaj,7,220,20000,1,Hyderabad,58000
Honda CB Unicorn 160,Honda,6,160,15000,1,Chennai,50400
Yamaha YZF-R15 S 150cc,Yamaha,5,150,28000,1,Ludhiana,90500
Bajaj Pulsar 220F,Bajaj,4,220,1500,1,Kanpur Nagar,90000
KTM Duke 390cc,KTM,7,390,24000,1,Pune,120000
Hero Passion Pro 100cc,Hero,5,100,15000,1,Bhopal,45000
Hero Passion Pro 100cc,Hero,7,100,35600,1,Delhi,31500
Bajaj CT 100 ES Alloy,Bajaj,3,100,3360,1,Delhi,41800
Bajaj Platina 100cc,Bajaj,8,100,48000,1,Sangrur,27500
Bajaj Pulsar 150cc,Bajaj,10,150,40000,1,Delhi,23500
Hero Glamour 125cc,Hero,9,125,30000,1,Delhi,23000
Bajaj Avenger 220cc,Bajaj,5,220,15000,1,Chennai,75000
Bajaj Pulsar AS150,Bajaj,6,150,40000,1,Mumbai,59000
Hero CBZ Xtreme 150cc,Hero,7,150,32300,1,Jorhat,42000
Bajaj Avenger Street 150,Bajaj,5,150,11000,1,Delhi,60000
Hero Splendor NXG 100cc,Hero,11,100,20000,1,Noida,22000
Hero Passion Xpro 110cc,Hero,6,110,38000,1,Gurgaon,36300
Bajaj Avenger Street 220,Bajaj,4,220,6200,1,Bangalore,88600
Hero Splendor iSmart 110cc,Hero,5,110,25000,1,Delhi,42000
Bajaj Avenger Street 150,Bajaj,5,150,46000,1,Vadodara,60000
Hero CBZ Xtreme 150cc,Hero,11,150,60500,1,Ghaziabad,20000
Bajaj Avenger Street 150,Bajaj,5,150,17000,1,Kanpur Nagar,69000
Bajaj Pulsar 135LS,Bajaj,11,135,77700,1,Palanpur,18000
TVS Apache RTR 180cc,TVS,3,180,7000,2,Delhi,72000
Yamaha YZF-R15 150cc,Yamaha,10,150,50000,3,Narnaul,34000
Bajaj Pulsar RS200 ABS,Bajaj,6,200,57444,1,Gurgaon,82000
Yamaha YZF-R15 2.0 150cc,Yamaha,4,150,7018,1,Delhi,80000
Hero Super Splendor 125cc,Hero,8,125,24000,1,Delhi,25000
Yamaha FZ S V 2.0 150cc,Yamaha,5,150,5382,1,Faridabad,45000
Bajaj Pulsar 150cc,Bajaj,6,150,14500,1,Hyderabad,48400
Royal Enfield Thunderbird 500cc,Royal Enfield,8,500,9900,1,Faridabad,105000
Suzuki Gixxer 150cc,Suzuki,6,150,9800,1,Delhi,48000
Bajaj Platina  Alloy ES-100cc,Bajaj,4,100,10000,1,Jaipur,43000
Royal Enfield Thunderbird 350cc,Royal Enfield,7,350,7800,1,Mumbai,90000
Suzuki Gixxer 150cc,Suzuki,4,150,10575,1,Rajkot,78000
Hero Splendor 100cc,Hero,17,100,61122,1,Ahmedabad,23000
Hero HF Deluxe 100cc,Hero,6,100,16830,1,Vadodara,36000
Bajaj Pulsar 150cc,Bajaj,13,150,39000,1,Gurgaon,18000
Royal Enfield Thunderbird 350cc,Royal Enfield,6,350,13000,1,Delhi,110000
KTM RC 200cc,KTM,6,200,5500,1,Pune,139999
Royal Enfield Classic 350cc,Royal Enfield,5,350,10000,1,Bangalore,145000
Royal Enfield Classic 350cc,Royal Enfield,5,350,12000,1,Bangalore,132400
TVS Apache RTR 180cc,TVS,5,180,10000,1,Delhi,68000
Bajaj Discover 125ST,Bajaj,9,125,18000,1,Thane,28000
Royal Enfield Classic 350cc,Royal Enfield,10,350,38400,1,Delhi,90000
Bajaj Discover 125ST,Bajaj,9,125,43000,1,Thane,25000
Hero Splendor 100cc,Hero,10,100,22365,1,Ahmedabad,27500
Honda CB Hornet 160R Special Edition-CBS,Honda,4,160,150,1,Thane,88000
Royal Enfield Classic 350cc,Royal Enfield,4,350,7400,1,Bangalore,141900
Royal Enfield Thunderbird 350cc,Royal Enfield,6,350,30000,1,Kanchipuram,110500
Royal Enfield Bullet Electra Twinspark 350cc,Royal Enfield,8,350,27200,1,Bangalore,95000
Hero Splendor iSmart 110cc,Hero,4,110,4669,1,Palamu,51000
Honda CB Shine 125cc,Honda,6,125,16500,1,Faridabad,35526
Honda CB Trigger 150cc,Honda,6,150,41365,1,Delhi,49800
Bajaj Avenger 220cc,Bajaj,9,220,25000,1,Bangalore,40800
Hero Splendor iSmart 100cc,Hero,7,100,24000,1,Chennai,29000
Yamaha FZs 150cc,Yamaha,9,150,25000,1,Delhi,35255
Hero HF Deluxe 100 cc,Hero,7,100,40457,1,Jaipur,30000
Royal Enfield Classic 350cc,Royal Enfield,5,350,7000,1,Faridabad,130000
Yamaha Fazer FI 150cc,Yamaha,7,150,55300,1,Ernakulam,46728
Bajaj Pulsar 150cc,Bajaj,12,150,45000,1,Bangalore,21000
KTM Duke 390cc,KTM,6,390,28000,1,Mumbai,142600
Yamaha YZF-R15 2.0 150cc,Yamaha,6,150,23000,1,Navi Mumbai,82000
Bajaj Pulsar AS150,Bajaj,6,150,15000,1,Mumbai,60000
Honda CB Shine 125cc,Honda,8,125,17500,1,Dehradun,30000
Mahindra Centuro 110cc,Mahindra,7,110,9614,1,Mumbai,35000
KTM Duke 390cc,KTM,7,390,9800,1,Gurgaon,130000
Hero Xtreme 150cc,Hero,8,150,14000,1,Mumbai,48000
Royal Enfield Classic 350cc,Royal Enfield,6,350,15500,1,Noida,120000
Bajaj Pulsar AS150,Bajaj,5,150,9000,1,Pune,80000
TVS Apache RTR 180cc,TVS,4,180,3500,1,Bangalore,88000
Hero Ignitor 125cc,Hero,8,125,13000,1,Patiala,30000
Royal Enfield Thunderbird 350cc,Royal Enfield,5,350,10200,1,Chennai,125000
Hero CBZ Xtreme 150cc,Hero,10,150,25874,1,Gurgaon,27000
KTM Duke 390cc,KTM,6,390,17883,1,Thane,165000
Hero Splendor iSmart 110cc,Hero,5,110,12192,1,Vadodara,56435
TVS Apache RTR 160cc,TVS,5,160,30000,1,Bangalore,60000
Yamaha YZF-R15 2.0 150cc,Yamaha,5,150,5000,1,Amritsar,100000
Bajaj Avenger Cruise 220,Bajaj,5,220,15500,1,Bangalore,67000
Bajaj Pulsar 150cc,Bajaj,11,150,98707,1,Delhi,25000
Honda CB Unicorn 150cc,Honda,13,150,64800,1,Ghaziabad,30000
Bajaj Avenger Street 150,Bajaj,5,150,12000,1,Chennai,66000
Royal Enfield Thunderbird 350cc,Royal Enfield,10,350,9300,1,Mohali,65000
TVS Apache RTR 160cc,TVS,7,160,19542,1,Ghaziabad,45000
Bajaj Pulsar 150cc,Bajaj,12,150,41915,1,Ahmedabad,25000
Bajaj Avenger 200cc,Bajaj,14,200,31500,3,Bangalore,33000
TVS Sport 100cc,TVS,3,100,8718,1,Noida,38000
Royal Enfield Bullet Electra 350cc,Royal Enfield,7,350,24000,1,Thane,75000
Royal Enfield Bullet Electra 350cc,Royal Enfield,15,350,45000,2,Bangalore,70000
Royal Enfield Classic 350cc,Royal Enfield,5,350,18000,1,Hyderabad,133300
Royal Enfield Classic 350cc Signals Edition,Royal Enfield,2,350,2791,1,Faridabad,165000
Bajaj Pulsar 150cc,Bajaj,7,150,9755,1,Delhi,42000
Hero Splendor Pro 100cc,Hero,7,100,37795,1,Ahmedabad,35000
Honda CB Shine 125cc,Honda,5,125,27520,1,Chennai,37000
TVS Apache RTR 160 4V Carburetor With Rear Disc,TVS,3,160,5200,1,Kolkata,82000
Bajaj Avenger Cruise 220,Bajaj,2,220,4500,1,Falakata,85000
Royal Enfield Bullet Electra Twinspark 350cc,Royal Enfield,5,350,9759,1,Ferozepur,115000
Honda CB Twister 110cc,Honda,10,110,33000,1,Hyderabad,27400
Yamaha FZs 150cc,Yamaha,9,150,29428,1,Gurgaon,22000
Royal Enfield Thunderbird 350cc,Royal Enfield,9,350,9572,1,Faridabad,58000
Hero Passion Pro 100cc,Hero,12,100,40000,2,Ghaziabad,14000
TVS Apache RTR 200 4V FI Race Edition 2.0,TVS,3,200,16000,1,Bangalore,120000
Honda CB Shine 125cc,Honda,6,125,45355,1,Gurgaon,30000
Honda CBR 150R 150cc,Honda,5,150,15000,1,Noida,77100
Honda CB Trigger 150cc,Honda,8,150,27000,1,Hyderabad,39999
Royal Enfield Classic 350cc,Royal Enfield,4,350,17677,1,Hyderabad,125000
Bajaj Pulsar 150cc,Bajaj,10,150,21000,1,Sonepat,35000
Bajaj Pulsar RS200 ABS,Bajaj,6,200,30000,1,Porbandar,75000
Royal Enfield Classic 350cc,Royal Enfield,7,350,3842,1,Gurgaon,85000
KTM RC 200cc,KTM,3,200,6700,1,Dehradun,160000
Hero CBZ Xtreme 150cc,Hero,14,150,27988,1,Pune,35000
Bajaj Avenger 220cc,Bajaj,10,220,34000,1,Mumbai,35000
Royal Enfield Classic Desert Storm 500cc,Royal Enfield,8,500,11072,1,Pune,105000
Royal Enfield Classic 350cc,Royal Enfield,2,350,1947,1,Kota,150000
Bajaj Dominar 400 ABS,Bajaj,4,400,26429,1,Mumbai,106000
Bajaj Pulsar 200cc,Bajaj,13,200,42942,1,Gurgaon,28000
KTM Duke 390cc,KTM,4,390,4159,2,Kanpur Nagar,190000
TVS Star City 110cc,TVS,15,110,70000,2,Tiruvallur,18000
TVS Apache RTR 200 4V Carburetor,TVS,4,200,1990,1,Mohali,95000
Royal Enfield Standard 500cc,Royal Enfield,7,500,29000,1,Delhi,95000
Bajaj Pulsar 150cc,Bajaj,7,150,65007,1,Hyderabad,50000
Bajaj Pulsar 180cc,Bajaj,11,180,34060,2,Noida,28000
Royal Enfield Thunderbird 350cc,Royal Enfield,5,350,41883,1,Delhi,98000
Bajaj Pulsar 200 NS 200cc,Bajaj,9,200,15000,1,Dwarka,45000
TVS Apache RTR 200 4V ABS Race Edition,TVS,2,200,1890,1,Delhi,106000
Hero Passion Xpro 110cc,Hero,8,110,59560,1,Delhi,23000
Yamaha YZF-R15 2.0 150cc,Yamaha,4,150,13600,2,Rangpo,72000
Honda CB Unicorn 150cc,Honda,7,150,10521,1,Gurgaon,37500
TVS Apache RTR 180cc,TVS,2,180,3095,1,Ghaziabad,90000
Yamaha YZF-R15 150cc,Yamaha,10,150,29000,1,Mumbai,53300
TVS Apache RTR 160cc,TVS,10,160,21288,1,Indore,30000
Yamaha YZF-R15 2.0 150cc,Yamaha,4,150,29878,1,Pune,75000
Hero Passion Pro 100cc,Hero,5,100,19000,2,Delhi,31000
Bajaj Avenger Street 220,Bajaj,5,220,7706,1,Goa-panaji,65000
Bajaj XCD 135,Bajaj,12,135,31275,1,Gurgaon,11000
Royal Enfield Thunderbird 500cc,Royal Enfield,7,500,8700,1,Gurgaon,93200
Hero Passion Pro 100cc,Hero,11,100,19233,2,Delhi,18000
Bajaj V15 150cc,Bajaj,5,150,33156,1,Jaipur,42000
Yamaha FZS FI 150cc,Yamaha,4,150,14000,1,Cannanore (kannur),65000
Honda CB Hornet 160R  ABS STD,Honda,2,160,2322,1,Churu,100000
TVS Sport 100cc,TVS,7,100,16389,1,Delhi,29500
Royal Enfield Bullet Electra Twinspark 350cc,Royal Enfield,6,350,13680,1,Gurgaon,84000
Yamaha FZ25 250cc,Yamaha,4,250,9425,1,Faridabad,85000
TVS Apache RTR 160cc,TVS,5,160,9833,1,Delhi,41000
Bajaj Discover 125cc,Bajaj,5,125,21163,1,Faridabad,25000
Royal Enfield Thunderbird 350cc,Royal Enfield,12,350,31298,1,Mumbai,50000
Bajaj V15 150cc,Bajaj,4,150,14740,1,Baghpat,43000
Suzuki Gixxer SF 150cc,Suzuki,4,150,14830,1,Delhi,60000
Honda CB Unicorn 160 STD,Honda,4,160,11021,1,Ghaziabad,56000
Yamaha FZ V 3.0 150cc,Yamaha,2,150,1120,1,Hyderabad,102000
Royal Enfield Thunderbird 350cc,Royal Enfield,10,350,33000,2,Moradabad,65000
Honda CBR 250R,Honda,9,250,15000,1,Ghaziabad,65000
Royal Enfield Bullet Electra 350cc,Royal Enfield,6,350,37915,1,Bangalore,90595
Yamaha SZR 150cc,Yamaha,9,150,35600,1,Jaipur,30000
Bajaj Dominar 400,Bajaj,3,400,7500,1,Jhumri Tilaiya,120000
Suzuki Gixxer 150cc Dual Tone Rear Disc,Suzuki,3,150,750,1,Mumbai,92000
Bajaj Pulsar 180cc,Bajaj,11,180,46436,1,Gurgaon,35000
KTM RC 200cc,KTM,6,200,56000,1,Hyderabad,137500
Honda CB Hornet 160R Special Edition-CBS,Honda,4,160,3000,1,Salem,66000
Bajaj V15 150cc,Bajaj,3,150,12135,1,Naihati,53200
Yamaha FZs 150cc,Yamaha,6,150,21500,2,Noida,49999
TVS Apache RTR 200 4V FI,TVS,2,200,8120,1,Thane,102000
Bajaj Pulsar 135LS,Bajaj,11,135,34500,1,Delhi,17000
Bajaj Avenger 220cc,Bajaj,7,220,7800,1,Gurgaon,55000
TVS Apache RTR 200 4V ABS,TVS,3,200,1793,1,Delhi,99000
Honda CB Shine 125cc,Honda,7,125,31400,1,Ahmedabad,25000
KTM RC 390cc,KTM,4,390,15547,2,Bangalore,170000
Bajaj Pulsar 220F,Bajaj,8,220,35107,1,Kolkata,55000
Suzuki Gixxer SF 150cc Rear Disc,Suzuki,2,150,5156,1,Delhi,92000
Honda CBR 150R 150cc,Honda,5,150,15000,1,Delhi,89200
Royal Enfield Classic 500cc,Royal Enfield,5,500,5130,1,Delhi,110000
TVS Apache RTR 160 4V Disc,TVS,3,160,15150,1,Ghaziabad,85000
Royal Enfield Classic 350cc-Redditch Edition,Royal Enfield,4,350,10825,4,Pune,141000
Royal Enfield Thunderbird 500cc,Royal Enfield,6,500,12000,1,Virudhunagar,105000
Royal Enfield Classic 500cc,Royal Enfield,9,500,28279,2,Mumbai,90000
Bajaj Pulsar AS200,Bajaj,5,200,7983,1,Pune,65000
KTM Duke 390cc,KTM,3,390,16000,1,Delhi,243100
Bajaj Discover 100T,Bajaj,8,100,37000,1,Delhi,22000
Hero Passion Pro i3S Disc 100cc,Hero,3,100,13353,1,Lucknow,52000
Honda CBR 250R ABS,Honda,3,250,6500,1,Dharmavaram,180000
Bajaj Pulsar 150cc,Bajaj,10,150,40500,1,Bangalore,35000
Honda CB Shine 125cc,Honda,8,125,44000,1,Delhi,30000
Bajaj Pulsar 220F,Bajaj,2,220,199,1,Thane,93500
Royal Enfield Standard 350cc,Royal Enfield,7,350,70000,1,Jalandhar,106000
KTM RC 390cc,KTM,5,390,1700,1,Delhi,195000
Hero Karizma R 223cc,Hero,14,223,54560,2,Hyderabad,25000
Royal Enfield Classic 350cc,Royal Enfield,8,350,17580,1,Ghaziabad,85000
TVS Star City 110cc,TVS,11,110,46000,1,Darbhanga,15000
TVS Apache RTR 200 4V FI,TVS,4,200,76663,1,Darbhanga,62000
Bajaj Discover 125cc,Bajaj,6,125,29500,1,Bangalore,34000
Honda CBF Stunner 125cc,Honda,11,125,30112,1,Faridabad,18000
Royal Enfield Bullet Electra 350cc,Royal Enfield,9,350,29284,1,Mumbai,75000
Hero Karizma R 223cc,Hero,6,223,34700,1,Bhubaneshwar,42000
Hero Super Splendor 125cc i3s,Hero,3,125,17180,1,Delhi,55000
Suzuki Gixxer 150cc,Suzuki,4,150,30040,1,Ghaziabad,65000
Bajaj Pulsar RS200 ABS,Bajaj,4,200,12903,2,Delhi,105000
Royal Enfield Thunderbird 350cc,Royal Enfield,10,350,30000,1,Chennai,75000
Honda CB Unicorn 150cc,Honda,12,150,52000,1,Nashik,30000
Yamaha Fazer 150cc,Yamaha,9,150,75000,1,Kanchipuram,24300
Bajaj Discover 125M,Bajaj,6,125,34028,1,Bangalore,30000
Bajaj Pulsar 150cc,Bajaj,7,150,44409,1,Delhi,35000
Yamaha FZ16 150cc,Yamaha,10,150,58245,1,Ghaziabad,21000
Royal Enfield Classic 500cc,Royal Enfield,7,500,26147,1,Bangalore,125000
Royal Enfield Classic 350cc,Royal Enfield,6,350,14008,1,Delhi,95000
Royal Enfield Thunderbird 500cc,Royal Enfield,5,500,29369,1,Bangalore,110000
Bajaj Pulsar AS150,Bajaj,6,150,31519,2,Bhatinda,50000
Royal Enfield Bullet Electra Twinspark 350cc,Royal Enfield,6,350,23900,2,Delhi,90000
Bajaj Avenger Street 220,Bajaj,5,220,26320,1,Pune,56000
Suzuki Gixxer SF 150cc ABS,Suzuki,4,150,26000,1,Ahmedabad,67100
Royal Enfield Thunderbird X 350cc,Royal Enfield,3,350,11850,1,Bangalore,150900
Bajaj Avenger Cruise 220,Bajaj,5,220,28500,1,Visakhapatnam,57000
Bajaj Discover 150cc,Bajaj,10,150,30000,1,Ludhiana,25000
Hyosung GT250R,Hyosung,4,250,3165,1,Delhi,270000
Yamaha SS 125 125cc,Yamaha,8,125,19443,2,Gurgaon,18000
Yamaha FZ S V 2.0 150cc,Yamaha,7,150,15886,1,Delhi,45000
Hero Karizma ZMR 223cc,Hero,7,223,28530,1,Mumbai,40000
Suzuki Gixxer SF 150cc Rear Disc,Suzuki,5,150,33186,1,Delhi,55000
Hero Hunk 150cc,Hero,11,150,60315,2,Delhi,20000
Bajaj Pulsar RS200 ABS,Bajaj,5,200,15200,3,Anand,85000
Bajaj Pulsar 150cc,Bajaj,16,150,32234,1,Noida,12000
Yamaha YZF-R15 150cc,Yamaha,8,150,34000,1,Mumbai,67300
Suzuki Gixxer SF 150cc SP Rear Disc,Suzuki,4,150,7000,1,Nawanshahr,65000
KTM RC 200cc,KTM,4,200,6537,1,Ghaziabad,140000
Suzuki GS 150 R 150cc,Suzuki,9,150,31336,1,Delhi,27000
Bajaj Pulsar RS200,Bajaj,3,200,8500,1,Puttur,115000
Royal Enfield Classic 500cc,Royal Enfield,4,500,2037,1,Hyderabad,170000
Bajaj Avenger Street 150,Bajaj,4,150,20058,1,Ghaziabad,51000
Bajaj Pulsar 220cc,Bajaj,3,220,22000,1,Chennai,77600
Bajaj Pulsar 150cc,Bajaj,15,150,67140,2,Ghaziabad,9000
Bajaj Avenger Street 150,Bajaj,5,150,25435,1,Nadiad,48000
TVS Apache RTR 180cc,TVS,8,180,46182,1,Gurgaon,28000
Royal Enfield Classic 350cc,Royal Enfield,6,350,21000,1,Tiruvallur,90000
Bajaj V15 150cc,Bajaj,4,150,8634,1,Ghaziabad,45000
Bajaj Avenger Street 150,Bajaj,4,150,20404,1,Ghaziabad,55000
Royal Enfield Thunderbird 350cc,Royal Enfield,10,350,43000,2,Gurgaon,58400
Hyosung GT250R,Hyosung,5,250,6629,1,Mumbai,200000
Harley-Davidson Street 750,Harley-Davidson,7,750,6000,1,Sangli,391000
Royal Enfield Standard 500cc,Royal Enfield,5,500,6867,1,Mumbai,105000
KTM Duke 390cc,KTM,4,390,24000,1,Suri,197200
Bajaj Avenger 220cc,Bajaj,10,220,29000,1,Pune,42000
Bajaj Avenger Street 180,Bajaj,3,180,13600,1,Chennai,71000
Bajaj Avenger Cruise 220,Bajaj,4,220,5200,2,Yamuna Nagar,70000
Yamaha FZs 150cc,Yamaha,6,150,11000,2,Delhi,46000
KTM RC 200cc,KTM,5,200,4300,1,Bangalore,174000
Yamaha YZF-R15 2.0 150cc,Yamaha,9,150,2465,1,Delhi,66000
Hero Karizma R 223cc,Hero,7,223,25000,1,Vasai,49000
Bajaj Discover 100cc,Bajaj,8,100,26500,1,Coimbatore,30000
Bajaj Pulsar 150cc,Bajaj,5,150,22000,1,Ahmedabad,65000
Royal Enfield Bullet 350cc,Royal Enfield,5,350,6635,1,Chandigarh,110900
Harley-Davidson Street 750,Harley-Davidson,5,750,16523,1,Bangalore,395000
Honda CB Shine 125cc,Honda,7,125,49000,1,Lucknow,22000
Royal Enfield Thunderbird 350cc,Royal Enfield,7,350,3538,1,Bangalore,125000
Royal Enfield Thunderbird 350cc,Royal Enfield,5,350,3538,1,Bangalore,125000
Bajaj Discover 135cc,Bajaj,13,135,69415,1,Bangalore,19000
Bajaj Pulsar 150cc Rear Disc,Bajaj,3,150,4300,1,Chennai,80000
Suzuki Gixxer 150cc SP ABS,Suzuki,2,150,19627,1,Faridabad,89000
Bajaj Discover 150cc,Bajaj,10,150,52287,2,Mumbai,25000
Royal Enfield Classic 350cc,Royal Enfield,6,350,14555,1,Delhi,91000
Yamaha FZ S V 3.0 150cc,Yamaha,2,150,2617,1,Gurgaon,95000
Bajaj Pulsar NS200,Bajaj,4,200,11300,1,Trivandrum,77000
Honda CBR 250R Repsol,Honda,4,250,233011,2,Lucknow,106000
Mahindra Centuro 110cc,Mahindra,7,110,55000,1,Ahmedabad,33000
Hero Splendor Plus Self Alloy 100cc,Hero,4,100,28397,2,Gurgaon,40000
KTM RC 390cc,KTM,6,390,14647,1,Mumbai,111000
Bajaj Pulsar RS200,Bajaj,6,200,38271,1,Bangalore,78000
Hero Karizma ZMR 223cc,Hero,11,223,38000,1,Roorkee,28000
Bajaj Pulsar RS200 ABS,Bajaj,4,200,18000,1,Hubli,108400
Bajaj Pulsar NS200,Bajaj,4,200,23000,1,Aluva,90000
Royal Enfield Classic 350cc,Royal Enfield,5,350,5148,2,Delhi,90000
Royal Enfield Bullet Electra Twinspark 350cc,Royal Enfield,6,350,45730,1,Thane,100000
Bajaj Pulsar 135LS,Bajaj,10,135,42000,1,Mumbai,18000
Bajaj Avenger Street 150,Bajaj,5,150,8150,1,Thane,52999
Royal Enfield Classic Squadron Blue 500cc,Royal Enfield,5,500,50000,1,Bangalore,128700
Bajaj Pulsar RS200 ABS,Bajaj,5,200,40000,2,Bangalore,80000
Honda CB Unicorn 150cc,Honda,4,150,26000,1,Sirsi,70000
KTM RC 390cc,KTM,3,390,5000,1,Dehradun,200000
Bajaj Pulsar 180cc,Bajaj,11,180,57791,1,Delhi,19000
Bajaj Discover 125ST,Bajaj,8,125,45000,1,Delhi,25600
Honda CB Shine 125cc,Honda,7,125,79004,1,Noida,30000
TVS Apache RTR 160cc,TVS,10,160,36000,1,Chennai,20000
Kawasaki Ninja 300cc,Kawasaki,5,300,2100,1,Bijapur,276000
Suzuki GS 150 R 150cc,Suzuki,8,150,44626,1,Bangalore,47000
Yamaha FZ25 250cc,Yamaha,3,250,20824,1,Gautam Buddha Nagar,80000
Bajaj Pulsar 150cc,Bajaj,14,150,91649,1,Bangalore,22000
Royal Enfield Thunderbird 500cc,Royal Enfield,7,500,17600,1,Krishnagar,108000
Bajaj Pulsar 150cc,Bajaj,10,150,23059,1,Gurgaon,21000
Bajaj Pulsar RS200 ABS,Bajaj,5,200,8073,1,Kolkata,97100
Yamaha SZ RR V 2.0 150cc,Yamaha,3,150,6363,1,Delhi,47000
Bajaj Dominar 400 ABS,Bajaj,3,400,21515,1,Delhi,145000
Hero Karizma ZMR 223cc,Hero,6,223,19000,1,Delhi,65000
Royal Enfield Himalayan 410cc Fi ABS,Royal Enfield,2,410,844,1,Thane,194000
Royal Enfield Classic 350cc,Royal Enfield,6,350,18399,1,Delhi,91000
Royal Enfield Standard 500cc,Royal Enfield,5,500,20000,1,Kanchipuram,107000
Royal Enfield Thunderbird 350cc,Royal Enfield,5,350,16500,1,Mumbai,120000
Bajaj Pulsar NS160 Rear Disc,Bajaj,2,160,3000,1,Silchar,85000
Bajaj Pulsar 220F,Bajaj,4,220,31800,1,Bangalore,80000
Hero CBZ Xtreme 150cc,Hero,11,150,64000,1,Delhi,15900
Hero Karizma ZMR 223cc,Hero,6,223,36000,2,Jaipur,50100
Yamaha YZF-R15 150cc,Yamaha,13,150,33555,1,Delhi,35000
Bajaj Pulsar 150cc,Bajaj,11,150,17800,1,Bhiwadi,22000
TVS Apache RTR 160cc,TVS,14,160,75000,3,Dehradun,16000
TVS Apache RTR 180cc,TVS,7,180,34000,1,Chennai,36000
TVS Apache RTR 200 4V FI,TVS,4,200,5000,1,Pune,111300
Hero Passion Plus 100cc,Hero,17,100,60000,1,Aurangabad,18500
Bajaj Pulsar 150cc,Bajaj,8,150,32116,1,Jaipur,32400
Bajaj Discover 150cc,Bajaj,11,150,31000,1,Delhi,16100
KTM RC 200cc,KTM,6,200,1147,1,Noida,145000
Bajaj Pulsar 135LS,Bajaj,4,135,500,1,Bangalore,60000
Royal Enfield Himalayan 410cc,Royal Enfield,5,410,13500,1,Chennai,138000
Honda CB Hornet 160R CBS,Honda,5,160,4000,1,Noida,55000
Bajaj Discover 100cc,Bajaj,9,100,74000,1,Jaipur,20400
TVS Apache RTR 160cc,TVS,9,160,43000,1,Kanpur,35000
Bajaj Avenger Cruise 220,Bajaj,6,220,15000,1,Bhubaneshwar,67000
Honda CB Trigger 150cc,Honda,7,150,17600,1,Bangalore,52000
Bajaj Avenger Street 150,Bajaj,4,150,7600,1,Hyderabad,84999
Hero CD Deluxe 100cc,Hero,7,100,25729,1,Faridabad,30000
Royal Enfield Classic 350cc,Royal Enfield,6,350,25000,1,Bellary,120000
Bajaj Pulsar 135LS,Bajaj,11,135,49000,1,Bangalore,27000
Bajaj Platina  Alloy ES-100cc,Bajaj,4,100,10500,1,Baripara,46800
Honda CBR 150R 150cc,Honda,5,150,24878,1,Kanpur,97000
Suzuki Gixxer SF 150cc Special MOTOGP Edition,Suzuki,4,150,14000,1,Namakkal,80000
TVS Apache RTR 160cc,TVS,6,160,44000,1,Ahmedabad,45000
Royal Enfield Classic 500cc,Royal Enfield,7,500,5200,1,Delhi,120000
Bajaj Pulsar RS200,Bajaj,4,200,2500,1,Faridabad,125000
Yamaha FZ S V 2.0 150cc,Yamaha,6,150,394,1,Pune,65000
Yamaha FZ V 2.0 150cc,Yamaha,3,150,13303,1,Pune,75000
Bajaj Avenger Street 220,Bajaj,5,220,38561,1,Delhi,47000
Hero Passion Pro 100cc,Hero,6,100,35799,1,Delhi,25000
Bajaj Pulsar 180cc,Bajaj,14,180,14916,1,Faridabad,12000
Honda CBR 150R 150cc,Honda,9,150,39555,1,Pune,48000
Hyosung GT650R,Hyosung,6,650,1487,1,Faridabad,307194
TVS Apache 150cc,TVS,14,150,6807,1,Kanchipuram,11000
KTM RC 200cc,KTM,4,200,19321,1,Delhi,130000
Yamaha SZR 150cc,Yamaha,8,150,21533,1,Faridabad,20500
Bajaj Pulsar NS200,Bajaj,4,200,20000,1,Bangalore,76200
TVS Star Sport 100cc,TVS,5,100,17000,2,Jhansi,22800
Hero HF Deluxe 100cc,Hero,5,100,19000,1,Jhansi,33100
KTM RC 200cc,KTM,3,200,9000,1,Hyderabad,174600
TVS Victor GX 110cc,TVS,15,110,68857,1,Mumbai,18000
Royal Enfield Bullet Electra 350cc,Royal Enfield,17,350,4572,3,Delhi,55000
KTM Duke 390cc,KTM,4,390,7500,1,Pune,212000
KTM RC 200cc,KTM,4,200,6346,1,Delhi,140000
Bajaj Pulsar AS200,Bajaj,5,200,3445,1,Mumbai,53300
Bajaj Avenger Street 150,Bajaj,4,150,22469,1,Mumbai,50000
Honda CB Shine 125cc,Honda,13,125,61537,1,Hyderabad,18000
TVS Apache RTR 160cc,TVS,4,160,22967,1,Gautam Buddha Nagar,45636
Hero Passion Plus 100cc,Hero,13,100,1,2,Nashik,30000
KTM RC 390cc,KTM,5,390,32500,1,Mumbai,125000
Royal Enfield Classic 350cc,Royal Enfield,5,350,21533,1,Delhi,111100
TVS Apache RTR 200 4V Race Edition 2.0,TVS,3,200,11101,1,Delhi,68500
Royal Enfield Classic 350cc,Royal Enfield,6,350,17482,2,Mumbai,100000
Bajaj Discover 100cc,Bajaj,7,100,25000,1,Jhansi,25400
Bajaj Dominar 400 ABS,Bajaj,3,400,3515,1,Erode,143000
Royal Enfield Classic Chrome 500cc,Royal Enfield,6,500,6515,1,Nagaon,121800
TVS Apache RTR 200 4V ABS Race Edition,TVS,2,200,4000,1,Bangalore,128000
Bajaj Avenger 220cc,Bajaj,6,220,8680,1,Ahmedabad,35000
Royal Enfield Classic 350cc,Royal Enfield,4,350,24167,1,Delhi,130000
Royal Enfield Classic 350cc,Royal Enfield,3,350,14800,1,Chenani,125000
Benelli TNT 25 250cc,Benelli,4,250,16500,1,Jaipur,124000
Hero Glamour i3s 125cc,Hero,2,125,7488,1,Gurgaon,75000
Royal Enfield Thunderbird 350cc,Royal Enfield,16,350,49463,1,Delhi,33500
Royal Enfield Bullet Electra Twinspark 350cc,Royal Enfield,6,350,36587,1,Ghaziabad,90000
Royal Enfield Bullet Electra 350cc,Royal Enfield,12,350,15525,1,Delhi,95000
Bajaj Discover 125cc,Bajaj,9,125,28686,1,Jaipur,22000
Hero Passion Pro 100cc,Hero,8,100,73190,1,Delhi,20000
Bajaj Discover 100cc,Bajaj,11,100,23000,1,Chennai,15000
Hero Splendor Pro 100cc,Hero,9,100,30000,1,Jhansi,24500
Honda CB Trigger 150cc,Honda,7,150,22000,1,Thiruvallur,38000
Royal Enfield Thunderbird 350cc,Royal Enfield,6,350,50000,1,Mumbai,80000
Royal Enfield Classic Desert Storm 500cc,Royal Enfield,5,500,28000,1,Kullu,110000
Bajaj Pulsar 135LS,Bajaj,11,135,26000,1,Aquem,15000
Royal Enfield Classic 350cc Signals Edition,Royal Enfield,2,350,7000,1,Ahmedabad,170000
Hyosung GT650R,Hyosung,6,650,1487,1,Faridabad,350000
Hero Splendor Pro 100cc,Hero,10,100,30000,2,Jhansi,21700
Yamaha YZF-R15 2.0 150cc,Yamaha,4,150,5000,1,Bangalore,125000
KTM RC 200cc,KTM,5,200,19495,1,Bangalore,130000
Suzuki GS 150 R 150cc,Suzuki,10,150,29000,1,Panchkula,25000
Yamaha FZ S V 2.0 150cc,Yamaha,4,150,3500,1,Dehradun,73000
Honda CBR 250R,Honda,7,250,38000,1,Bellary,85000
KTM Duke 390cc,KTM,4,390,5300,1,Pune,248000
Yamaha YZF-R15 2.0 150cc,Yamaha,3,150,18692,1,Faridabad,110000
Bajaj Platina 100cc,Bajaj,12,100,30000,1,Jhansi,17300
Bajaj Discover 100cc,Bajaj,10,100,30000,1,Jhansi,20000
Hero Passion Xpro 110cc,Hero,7,110,15430,1,Ghaziabad,35000
Bajaj V15 150cc,Bajaj,5,150,24000,1,Delhi,36000
TVS Sport 100cc,TVS,8,100,13058,1,Ghaziabad,29999
Yamaha YZF-R15 2.0 150cc,Yamaha,8,150,38000,1,Hyderabad,64900
TVS Sport 100cc,TVS,4,100,12216,1,Faridabad,26000
Bajaj Pulsar 135LS,Bajaj,5,135,6240,1,Faridabad,36000
Hero Passion Pro 100cc,Hero,10,100,25600,1,Bhubaneshwar,30000
Harley-Davidson Street 750,Harley-Davidson,6,750,10943,1,Mumbai,365000
KTM RC 390cc,KTM,5,390,14324,1,Bangalore,130000
Honda Dream Yuga 110cc,Honda,7,110,13200,1,Mumbai,32000
Royal Enfield Thunderbird 500cc,Royal Enfield,5,500,35422,1,Bangalore,121000
TVS Apache RTR 160cc,TVS,5,160,35196,1,Coimbatore,41000
Hyosung GT250R,Hyosung,5,250,9066,1,Hyderabad,220000
Royal Enfield Bullet Electra 350cc,Royal Enfield,8,350,32735,1,Lucknow,80000
Bajaj  Pulsar 180cc,Bajaj,8,180,20000,1,Delhi,32000
Hero Passion Pro TR 100cc,Hero,4,100,89999,1,Tiruvallur,26365
Bajaj Dominar 400 ABS,Bajaj,4,400,9500,1,Coimbatore,145000
Harley-Davidson Street 750,Harley-Davidson,6,750,16462,1,Ghaziabad,300000
Bajaj Avenger Street 220 ABS,Bajaj,2,220,35000,2,Chennai,45000
Honda CB Unicorn 150cc,Honda,8,150,49000,2,Hyderabad,40000
Yamaha FZ25 250cc,Yamaha,2,250,2700,1,Bangalore,140000
TVS Star City Plus 110cc,TVS,7,110,5515,1,Delhi,20000
Yamaha YZF-R15 2.0 150cc,Yamaha,6,150,38000,1,Thane,90000
Yamaha Saluto 125cc,Yamaha,6,125,21700,1,Delhi,31900
Yamaha FZs 150cc,Yamaha,11,150,64901,3,Delhi,18000
Royal Enfield Thunderbird 350cc,Royal Enfield,4,350,3400,1,Mumbai,117000
Hero Splendor iSmart 110cc,Hero,5,110,8000,1,Gwalior,40000
Hero CBZ Xtreme 150cc,Hero,7,150,32030,1,Ghaziabad,30000
Yamaha YZF-R15 2.0 150cc,Yamaha,3,150,19000,1,Siliguri,102700
Bajaj Pulsar AS150,Bajaj,6,150,15675,1,Faridabad,43600
Hero Passion Pro 100cc,Hero,11,100,35000,1,Mumbai,21400
Bajaj Pulsar 135LS,Bajaj,7,135,32000,1,Delhi,30000
Royal Enfield‎ Bullet 350cc,Royal Enfield,39,350,500,1,Hyderabad,115000
Royal Enfield Himalayan 410cc,Royal Enfield,5,410,12302,1,Hyderabad,145000
Royal Enfield Himalayan 410cc,Royal Enfield,4,410,26157,1,Hyderabad,150000
Yamaha Fazer 150cc,Yamaha,10,150,16400,1,Alwar,21000
Bajaj Avenger Street 150,Bajaj,4,150,15000,1,Gurgaon,49000
Honda CB Hornet 160R CBS,Honda,5,160,16017,1,Gurgaon,45000
Royal Enfield Classic 350cc,Royal Enfield,3,350,14200,1,Pune,133000
Hero Splendor Plus 100cc,Hero,15,100,56500,1,Bhopal,11000
Royal Enfield Himalayan 410cc,Royal Enfield,4,410,22444,1,Mumbai,135000
Bajaj Platina 100cc,Bajaj,8,100,17260,1,Gurgaon,24500
Bajaj CT 100 100cc,Bajaj,5,100,21700,1,Gurgaon,24000
Bajaj Discover 150F,Bajaj,6,150,18000,1,Mumbai,25000
Royal Enfield Bullet Electra 350cc,Royal Enfield,6,350,40000,1,Ahmedabad,80000
Royal Enfield Classic 350cc,Royal Enfield,7,350,23379,1,Ahmedabad,87000
Royal Enfield Classic 350cc,Royal Enfield,3,350,10789,1,Ahmedabad,150000
Royal Enfield Classic 350cc,Royal Enfield,6,350,23000,1,Ahmedabad,90000
Honda CB Shine 125cc,Honda,11,125,56000,1,Ahmedabad,18000
Royal Enfield Himalayan 410cc,Royal Enfield,5,410,23758,1,Bangalore,125000
Royal Enfield Classic 350cc Dual Disc,Royal Enfield,3,350,7303,1,Faridabad,125000
Hero Glamour 125cc,Hero,12,125,90382,1,Pune,16200
Bajaj Pulsar NS200,Bajaj,9,200,77600,1,Delhi,35000
Hero Splendor iSmart 110cc,Hero,4,110,16581,1,Lucknow,36000
Hero Glamour 125cc,Hero,12,125,33046,1,Bangalore,20000
Bajaj Pulsar RS200,Bajaj,6,200,41000,1,Bangalore,81990
Royal Enfield Classic 500cc,Royal Enfield,6,500,8866,1,Jalandhar,131000
Royal Enfield Bullet Electra 350cc,Royal Enfield,9,350,17965,1,Delhi,63326
Bajaj Pulsar 150cc,Bajaj,11,150,45000,1,Virar,26000
Yamaha FZs 150cc,Yamaha,9,150,78309,1,Faridabad,25000
Hero Super Splendor 125cc i3s,Hero,3,125,18276,1,Lucknow,54000
Kawasaki ER-6n 650cc,Kawasaki,4,650,9000,1,Mumbai,400000
Benelli 302R 300CC,Benelli,3,302,8025,1,Pune,283000
Bajaj Avenger Street 150,Bajaj,5,150,8800,1,Lucknow,62000
Royal Enfield Thunderbird 350cc,Royal Enfield,10,350,72400,1,Bangalore,60000
Hero CD Dawn 100cc,Hero,15,100,21000,1,Ahmedabad,15000
Hero Splendor Plus 100cc,Hero,12,100,64578,1,Ahmedabad,22500
Harley-Davidson Iron 883,Harley-Davidson,4,883,20000,2,Delhi,670000
Hero Karizma R 223cc,Hero,14,223,49000,1,Bangalore,22000
Yamaha YZF-R15 V3 150cc,Yamaha,3,150,11700,1,Gurgaon,114300
Royal Enfield Classic 350cc,Royal Enfield,5,350,24745,1,Bangalore,95000
Bajaj Pulsar 150cc,Bajaj,12,150,51855,2,Gurgaon,12000
Honda CBR 650 F,Honda,6,650,10000,2,Vapi,440000
Royal Enfield Classic 350cc,Royal Enfield,5,350,40497,1,Chandigarh,96000
Suzuki Gixxer SF 150cc Rear Disc,Suzuki,3,150,4951,1,Nagpur,91000
Hero Glamour i3s 125cc,Hero,4,125,22049,1,Hyderabad,43000
Royal Enfield Classic 350cc,Royal Enfield,3,350,11166,1,Bangalore,140000
Honda CBR 250R,Honda,9,250,21623,1,Delhi,50000
Royal Enfield Interceptor 650cc,Royal Enfield,2,650,12000,1,Nellore,265500
Royal Enfield Continental GT 535cc,Royal Enfield,5,535,4610,1,Coimbatore,165000
Yamaha Fazer 150cc,Yamaha,7,150,42000,1,Chandigarh,50000
Bajaj Avenger 220cc,Bajaj,9,220,24530,3,Ahmedabad,32000
Bajaj Pulsar 220F,Bajaj,7,220,77000,2,Pune,38000
Yamaha FZs 150cc,Yamaha,13,150,15000,2,Delhi,17000
Royal Enfield Thunderbird 350cc,Royal Enfield,18,350,93108,3,Bangalore,45000
Royal Enfield Bullet Electra 350cc,Royal Enfield,6,350,45000,1,Bangalore,85000
Royal Enfield Classic 350cc Signals Edition,Royal Enfield,3,350,18000,1,Bangalore,160000
Royal Enfield Thunderbird 500cc,Royal Enfield,4,500,4828,1,Bangalore,129000
Royal Enfield Classic 350cc,Royal Enfield,7,350,26536,1,Delhi,78000
Royal Enfield Electra 350cc,Royal Enfield,5,350,19489,1,Pune,100000
Bajaj Discover 100T,Bajaj,8,100,93968,1,Delhi,15500
Royal Enfield Bullet Electra 350cc,Royal Enfield,3,350,3900,1,Pune,135000
Bajaj Avenger Cruise 220,Bajaj,5,220,19800,1,Pune,60000
Benelli TNT 300,Benelli,4,300,15000,2,Chennai,199999
KTM Duke 200cc,KTM,3,200,8000,1,Mumbai,130000
TVS Apache RTR 180cc ABS,TVS,6,180,36000,1,Kolkata,48900
Kawasaki Z800,Kawasaki,5,800,8821,1,Mumbai,528000
KTM RC 390cc,KTM,6,390,40800,1,Kolkata,102165
KTM RC 390cc,KTM,4,390,13000,1,Kolkata,145000
Hero Super Splendor 125cc,Hero,2,125,3200,1,Noida,57000
KTM Duke 200cc,KTM,7,200,29500,1,Mangalore,115000
KTM Duke 200cc,KTM,7,200,19960,1,Delhi,75000
Bajaj Pulsar 150cc,Bajaj,9,150,16954,1,Faridabad,19000
Hero Glamour 125cc,Hero,12,125,48000,1,Delhi,19000
Royal Enfield Bullet Twinspark Kickstart 350cc,Royal Enfield,2,350,7255,1,Faridabad,105000
Hero Passion Pro 100cc,Hero,11,100,33300,2,Mumbai,23000
Royal Enfield Bullet Electra 350cc,Royal Enfield,14,350,60095,2,Bangalore,70000
Royal Enfield Bullet Electra 350cc,Royal Enfield,13,350,28922,1,Gautam Buddha Nagar,58000
Royal Enfield Thunderbird X 350cc,Royal Enfield,3,350,9200,1,Bhopal,141800
Honda CB Twister 110cc,Honda,11,110,42573,1,Bangalore,25000
Honda CBR 150R 150cc,Honda,7,150,25385,1,Mumbai,59000
Honda CBR 150R 150cc,Honda,8,150,55000,2,Mumbai,55999
Bajaj Pulsar 150cc,Bajaj,8,150,17250,3,Lucknow,28000
Hero Passion Pro 100cc,Hero,7,100,45000,1,Mumbai,31000
Harley-Davidson Street 750,Harley-Davidson,7,750,11982,1,Ghaziabad,270200
Honda Livo Disc 110cc,Honda,5,110,43500,1,Surat,45000
Bajaj Discover 125cc,Bajaj,3,125,13008,1,Faridabad,30000
Royal Enfield Thunderbird 350cc,Royal Enfield,12,350,15000,2,Bangalore,250000
Honda CB Twister 110cc,Honda,10,110,37000,1,Pune,27000
Bajaj Pulsar AS200,Bajaj,5,200,40000,2,Bangalore,58000
Yamaha FZ S V 3.0 150cc ABS Dark Knight BS VI,Yamaha,2,150,6000,1,Hyderabad,98000
Bajaj V15 150cc,Bajaj,5,150,12000,1,Bangalore,36800
TVS Apache RTR 160cc,TVS,8,160,22000,2,Lucknow,28000
Bajaj Discover 125cc,Bajaj,8,125,21400,1,Gurgaon,19500
Yamaha Fazer FI V 2.0 150cc,Yamaha,5,150,11787,1,Hyderabad,75000
Kawasaki Ninja 250cc,Kawasaki,9,250,24000,3,Mumbai,110000
Bajaj Pulsar 135LS,Bajaj,3,135,14956,1,Mumbai,45801
Royal Enfield Classic 350cc,Royal Enfield,8,350,22000,1,Pune,84100
Royal Enfield Classic 350cc,Royal Enfield,7,350,22500,1,Pune,80000
Bajaj Pulsar NS200,Bajaj,4,200,7500,1,Udhampur,80000
KTM Duke 390cc,KTM,7,390,25000,1,Mumbai,95000
TVS Apache RR310,TVS,3,310,11950,1,Mumbai,195000
Bajaj Pulsar NS200,Bajaj,3,200,5000,1,Chandigarh,87000
Bajaj Platina 100cc,Bajaj,10,100,36578,1,Gurgaon,14500
Bajaj Pulsar 220cc,Bajaj,10,220,59423,2,Thane,25000
TVS Star City 110cc,TVS,10,110,31000,1,Jaipur,22000
Royal Enfield Bullet 350cc,Royal Enfield,5,350,29200,1,Trivandrum,108000
Bajaj Avenger Street 220,Bajaj,5,220,19380,1,Visakhapatnam,62000
Yamaha FZ16 150cc,Yamaha,5,150,10000,1,Bangalore,55000
Bajaj Avenger 220cc,Bajaj,8,220,15000,1,Mumbai,45000
KTM Duke 250cc,KTM,2,250,4362,1,Chennai,185000
Honda CB Trigger 150cc,Honda,7,150,8000,1,Kolkata,35000
Bajaj Discover 125ST,Bajaj,8,125,28425,1,Gurgaon,20000
Honda CB Hornet 160R CBS,Honda,3,160,11000,1,Kolkata,65000
Bajaj Avenger 220cc,Bajaj,5,220,30377,1,Pune,65000
Hero Karizma R 223cc,Hero,8,223,26000,1,Gurgaon,35000
Suzuki Gixxer 150cc Dual Tone Rear Disc,Suzuki,4,150,31000,1,Mumbai,56900
Yamaha YZF-R15 150cc,Yamaha,9,150,42000,1,Chennai,47000
KTM RC 200cc,KTM,5,200,6500,1,Bangalore,160000
Suzuki Gixxer 150cc,Suzuki,5,150,15500,1,Bangalore,70000
Royal Enfield Bullet Electra Twinspark 350cc,Royal Enfield,6,350,9500,1,Bangalore,120000
Bajaj Avenger 220cc,Bajaj,10,220,52340,1,Pune,35000
Bajaj CT 100 ES Alloy,Bajaj,3,100,17652,1,Chennai,36000
Hero Ignitor 125cc,Hero,8,125,35000,1,Dhamtari,20600
Royal Enfield Thunderbird 350cc,Royal Enfield,5,350,13624,1,Noida,140000
Royal Enfield Classic Desert Storm 500cc,Royal Enfield,5,500,14307,1,Mumbai,145000
Bajaj Pulsar 150cc,Bajaj,9,150,34698,1,Ahmedabad,22200
Royal Enfield Classic 350cc,Royal Enfield,4,350,26000,1,Nagaon,95500
Bajaj Pulsar 150cc,Bajaj,7,150,60000,2,24 Pargana,30000
Bajaj Avenger 220cc,Bajaj,8,220,13915,1,Bangalore,55000
Yamaha YZF-R15 V3 150cc,Yamaha,3,150,14050,1,Delhi,135000
KTM Duke 200cc,KTM,6,200,29249,1,Mumbai,85000
Suzuki Gixxer SF 150cc,Suzuki,6,150,29936,1,Delhi,36000
Hero Passion Pro 100cc,Hero,11,100,17420,1,Faridabad,16500
Bajaj Avenger 220cc,Bajaj,7,220,32000,1,Ahmedabad,26333
Hero HF Deluxe Eco 100cc,Hero,3,100,20928,1,Faridabad,35000
Bajaj Pulsar 150cc,Bajaj,10,150,24669,2,Bangalore,33000
Bajaj Platina  Alloy ES-100cc,Bajaj,3,100,13187,1,Faridabad,32000
TVS Apache RTR 160 4V Carburetor,TVS,2,160,900,1,Delhi,90700
KTM RC 200cc,KTM,3,200,5230,1,Erode,165000
TVS Apache RTR 200 4V Carburetor,TVS,4,200,30000,1,Noida,55000
Hero Passion Pro 100cc,Hero,12,100,45000,1,Bardhaman,17000
Hero Splendor Plus 100cc,Hero,9,100,43000,1,Noida,21500
Royal Enfield Classic 500cc,Royal Enfield,4,500,9400,1,Hyderabad,145700
Bajaj Pulsar 135LS,Bajaj,10,135,21062,1,Ghaziabad,21000
Honda CB Shine 125cc,Honda,6,125,15768,1,Ghaziabad,28000
Royal Enfield Bullet Twinspark 500cc,Royal Enfield,7,500,146642,1,Mumbai,82000
Hero Passion Xpro 110cc,Hero,9,110,18000,2,Delhi,23000
Bajaj Avenger Street 150,Bajaj,4,150,19068,1,Ghaziabad,53000
Bajaj CT 100 100cc,Bajaj,4,100,27571,1,Ghaziabad,30000
Royal Enfield Bullet Electra 350cc,Royal Enfield,10,350,20000,1,Mumbai,85000
KTM Duke 200cc,KTM,8,200,30000,1,Bangalore,115000
Royal Enfield Bullet Electra 350cc,Royal Enfield,12,350,40000,1,Ghaziabad,55000
Hero HF Deluxe Self Spoke 100cc,Hero,3,100,15148,1,Pune,42000
Hero Passion Pro 100cc,Hero,11,100,25000,1,Vadodara,23500
Honda Dream Neo 110cc,Honda,8,110,24000,1,Vadodara,25000
Honda CB Shine 125cc,Honda,9,125,43000,1,Jaipur,21000
Royal Enfield Classic Gunmetal Grey 350cc ABS,Royal Enfield,2,350,1753,1,Guwahati,161100
Bajaj Pulsar RS200,Bajaj,5,200,37415,1,Bangalore,70500
Royal Enfield Classic Desert Storm 500cc,Royal Enfield,6,500,6500,1,Delhi,110000
Royal Enfield Thunderbird X 500cc,Royal Enfield,3,500,1500,1,Jaisalmer,158000
Honda CB ShineSP 125cc Disc,Honda,3,125,5400,1,Delhi,48000
Suzuki Gixxer 150cc,Suzuki,7,150,20000,1,Kalyan,38500
Suzuki Gixxer SF 150cc,Suzuki,5,150,41000,1,Bangalore,60000
Harley-Davidson Street 750 ABS,Harley-Davidson,3,750,11164,1,Gurgaon,470000
Royal Enfield Bullet 350cc,Royal Enfield,5,350,16693,1,Delhi,78500
Bajaj Discover 125cc,Bajaj,6,125,27683,1,Ghaziabad,25000
TVS Sport 100cc,TVS,7,100,23182,1,Ghaziabad,22000
Yamaha FZ16 150cc,Yamaha,8,150,40500,1,Panipat,25000
Hero Passion Pro 100cc,Hero,8,100,29494,2,Ghaziabad,37000
Bajaj Platina 100cc,Bajaj,6,100,25144,1,Gurgaon,23000
Bajaj Pulsar 220F,Bajaj,3,220,15000,1,Mumbai,68000
Royal Enfield Machismo 350cc,Royal Enfield,14,350,38933,2,Mumbai,100000
Yamaha SZR 150cc,Yamaha,10,150,12300,1,Mumbai,31000
TVS Sports plus ES 100cc,TVS,7,100,25981,1,Hyderabad,30000
Honda CB Shine 125cc,Honda,10,125,21228,1,Hyderabad,35000
Bajaj Discover 150cc,Bajaj,7,150,45000,1,Vandalur,19000
Honda CBF Stunner 125cc,Honda,12,125,28516,1,Gurgaon,17000
Honda Livo 110cc,Honda,5,110,17000,1,Ahmedabad,42000
Hero Ignitor 125cc,Hero,8,125,24921,1,Gurgaon,18000
Bajaj V15 150cc,Bajaj,5,150,36027,1,Bangalore,35000
Bajaj Pulsar 220cc,Bajaj,6,220,52000,1,Aligarh,40100
Bajaj V15 150cc,Bajaj,4,150,11800,1,Ahmedabad,47000
Bajaj V15 150cc,Bajaj,4,150,19346,1,Gurgaon,26000
Royal Enfield Bullet Electra 350cc,Royal Enfield,5,350,30678,1,Delhi,100000
Bajaj Dominar 400 ABS,Bajaj,4,400,19000,1,Bangalore,140000
TVS Apache RTR 200 4V Carburetor,TVS,3,200,30664,1,Delhi,68000
Hero Ignitor 125cc,Hero,7,125,33232,1,Delhi,29999
Royal Enfield Electra 350cc,Royal Enfield,7,350,50000,1,Bangalore,97999
Royal Enfield Thunderbird 350cc,Royal Enfield,6,350,25000,1,Bangalore,90000
Honda CB Hornet 160R CBS,Honda,5,160,19000,1,Pune,70000
Hero CBZ Xtreme 150cc,Hero,14,150,37181,1,Faridabad,13000
TVS Apache RR310,TVS,3,310,12000,1,Mumbai,199000
TVS Apache RR310,TVS,2,310,5432,1,Noida,220000
Bajaj Pulsar 220F,Bajaj,9,220,23000,1,Gurgaon,27000
Bajaj Pulsar RS200 ABS,Bajaj,2,200,2351,1,Lucknow,143000
Benelli TNT 300,Benelli,5,300,13000,1,Chennai,225000
Bajaj Pulsar NS200,Bajaj,8,200,29000,2,Howrah,46000
Honda CB Shine 125cc,Honda,7,125,12308,1,Ghaziabad,35000
Bajaj Discover 100M,Bajaj,9,100,75537,1,Faridabad,16000
Royal Enfield Classic 350cc,Royal Enfield,4,350,5580,1,Delhi,130000
Bajaj Pulsar 150cc,Bajaj,6,150,21585,1,Faridabad,30000
Bajaj Pulsar 150cc,Bajaj,4,150,25000,1,Gurgaon,47000
TVS Sport 100cc,TVS,7,100,20000,1,Jaipur,31000
TVS Apache RTR 180cc,TVS,8,180,25223,1,Ghaziabad,30000
BMW F750 GS 850cc,BMW,3,850,4600,1,Delhi,1350000
TVS Star Sport 100cc,TVS,7,100,18813,1,Bangalore,30000
TVS Star City Plus 110cc,TVS,5,110,99813,1,Gurgaon,28000
KTM RC 200cc,KTM,2,200,7902,1,Jaipur,190000
TVS Star City Plus 110cc,TVS,5,110,45393,1,Ghaziabad,25000
TVS Star Sport 100cc,TVS,9,100,22620,1,Jaipur,25000
TVS Apache RTR 180cc,TVS,14,180,20885,1,Jaipur,24000
KTM Duke 200cc,KTM,4,200,16000,1,Ghaziabad,150000
TVS Sport 100cc,TVS,6,100,15095,1,Faridabad,23000
TVS Star City 110cc,TVS,7,110,20019,1,Gurgaon,23000
TVS Sport 100cc,TVS,7,100,24461,1,Ghaziabad,22500
TVS Apache RTR 180cc,TVS,12,180,25560,1,Gurgaon,22000
TVS Sport 100cc,TVS,7,100,24691,1,Ghaziabad,22000
Hero Passion Pro 100cc,Hero,9,100,12000,1,Ludhiana,27500
Hero Hunk 150cc,Hero,11,150,18240,1,Jaipur,27000
Hero HF Deluxe 100cc,Hero,9,100,20787,1,Jaipur,29000
Bajaj Pulsar 150cc,Bajaj,7,150,18020,1,Jaipur,35000
Honda CB Shine 125cc,Honda,8,125,26000,1,Vadodara,27500
Hero Splendor Plus 100cc,Hero,6,100,25000,1,Vadodara,30500
Hero CD Deluxe 100cc,Hero,12,100,62000,1,Vadodara,20000
Royal Enfield Bullet Electra Twinspark 350CC ABS,Royal Enfield,2,350,83,1,Mumbai,127000
Honda CB Unicorn 150cc,Honda,7,150,26900,1,Mumbai,48000
Honda CB Unicorn 160 CBS,Honda,5,160,30977,1,Mumbai,50000
Honda CB Unicorn 150cc,Honda,7,150,24504,1,Mumbai,40000
Honda CB Shine 125cc Disc,Honda,6,125,34000,1,Mumbai,35000
Honda CB Shine 125cc,Honda,4,125,20805,1,Mumbai,53000
Bajaj Pulsar 150cc,Bajaj,2,150,12500,2,Belgaum,78000
Royal Enfield Bullet 500cc,Royal Enfield,5,500,16000,1,Bangalore,95000
KTM RC 200cc,KTM,6,200,25000,3,Mumbai,84400
Hero Glamour Fi 125cc,Hero,6,125,30579,1,Patna,29000
Kawasaki Ninja 650cc,Kawasaki,7,650,6000,1,Kanchipuram,425000
Royal Enfield Bullet Twinspark 350cc,Royal Enfield,3,350,1661,1,Delhi,114000
Bajaj Pulsar 220F,Bajaj,4,220,400,1,Bangalore,91400
Hero Splendor Plus 100cc,Hero,5,100,15000,1,Faridabad,26000
TVS Apache RTR 200 4V Carburetor,TVS,4,200,35693,1,Faridabad,59000
Yamaha SS 125 125cc,Yamaha,10,125,65798,1,Jaipur,22000
Honda CB Shine 125cc Disc,Honda,8,125,69000,1,Motihari,21500
Hero Karizma R 223cc,Hero,8,223,39000,1,Howrah,55000
Hero CBZ 150cc,Hero,19,150,25000,1,Mumbai,20000
Royal Enfield Bullet Electra 350cc,Royal Enfield,10,350,13000,2,Nagpur,73000
Royal Enfield Himalayan 410cc,Royal Enfield,3,410,1500,1,Delhi,150900
Bajaj Pulsar AS150,Bajaj,5,150,41000,1,Mumbai,54147
Bajaj Pulsar AS200,Bajaj,6,200,11500,1,Mumbai,51000
Bajaj Pulsar 150cc,Bajaj,11,150,39000,1,Thane,22300
Bajaj Avenger Street 220,Bajaj,5,220,23500,2,Bhubaneshwar,60000
Suzuki Gixxer 150cc Dual Tone Rear Disc,Suzuki,4,150,22825,1,Lucknow,46000
Suzuki Intruder 150cc,Suzuki,3,150,1500,1,Bangalore,93300
Royal Enfield Thunderbird 350cc,Royal Enfield,3,350,11306,1,Lucknow,150000
Bajaj Discover 135cc,Bajaj,13,135,68000,1,Chennai,22100
Bajaj Pulsar RS200 ABS,Bajaj,5,200,7250,1,Ahmedabad,70000
Bajaj Pulsar 150cc,Bajaj,13,150,26000,1,Bhopal,22000
KTM Duke 390cc,KTM,4,390,27096,1,Bhubaneshwar,150000
KTM Duke 390cc,KTM,2,390,2280,1,Gurgaon,234000
Bajaj V15 150cc,Bajaj,5,150,19000,1,Bhubaneshwar,42000
Bajaj Pulsar NS200,Bajaj,9,200,20000,1,Mumbai,46000
Hero Honda Splendor 100cc,Hero,10,100,2897,1,Faridabad,12000
Yamaha YZF-R15 S 150cc,Yamaha,5,150,22400,1,Chennai,73800
Yamaha FZS FI 150cc,Yamaha,5,150,12000,1,Delhi,60000
Hero Splendor Pro 100cc,Hero,8,100,35000,3,Jhansi,22500
Hero Passion Pro 100cc,Hero,5,100,23000,1,Jhansi,34800
Hero Splendor Pro 100cc,Hero,7,100,26000,2,Jhansi,26600
Hero Splendor Pro 100cc,Hero,9,100,30000,2,Jhansi,23500
Bajaj Avenger Street 150,Bajaj,5,150,11000,1,Jhansi,54900
Hero HF Deluxe i3s 100cc,Hero,4,100,16000,1,Jhansi,41800
Bajaj Pulsar 200 NS 200cc,Bajaj,7,200,44000,1,Ahmedabad,50000
Hero Passion Plus 100cc,Hero,10,100,28000,1,Delhi,23000
Royal Enfield‎ Bullet 350cc,Royal Enfield,7,350,5000,1,Delhi,99000
Hero Passion Plus 100cc,Hero,16,100,40000,2,Jhansi,17000
Royal Enfield Bullet 350cc,Royal Enfield,27,350,19890,4,Lucknow,89000
Bajaj Discover 100cc,Bajaj,11,100,22000,1,Jhansi,19000
Royal Enfield Standard 350cc,Royal Enfield,11,350,46000,2,Faridabad,70000
Royal Enfield Classic 350cc,Royal Enfield,6,350,17600,1,Bangalore,105600
Bajaj Pulsar 150cc,Bajaj,13,150,61084,1,Bangalore,20999
Royal Enfield Standard 350cc,Royal Enfield,18,350,25000,2,Ludhiana,72000
Bajaj Dominar 400 ABS,Bajaj,2,400,3000,1,Silchar,177500
Bajaj Dominar 400,Bajaj,2,400,16000,1,Bangalore,150000
Honda CB Trigger 150cc,Honda,6,150,5000,1,Pune,50400
KTM Duke 200cc,KTM,8,200,33000,1,Chennai,78000
Bajaj Avenger Street 150,Bajaj,5,150,59886,1,Alipore,52843
Honda CB Shine 125cc,Honda,8,125,20000,1,Dharwar,22000
Yamaha Fazer FI V 2.0 150cc,Yamaha,3,150,9103,2,Mumbai,68000
Royal Enfield Thunderbird 350cc,Royal Enfield,4,350,11738,1,Ahmedabad,100000
Hero Super Splendor 125cc,Hero,8,125,33766,1,Faridabad,20000
Bajaj Pulsar NS200 ABS,Bajaj,4,200,4304,1,Hyderabad,82000
Royal Enfield Standard 350cc,Royal Enfield,6,350,24363,1,Noida,85500
Royal Enfield Bullet 350cc,Royal Enfield,4,350,4587,1,Noida,100000
Bajaj Discover 150S Disc,Bajaj,6,150,82000,1,Gurgaon,20990
Suzuki Slingshot Plus 125cc,Suzuki,10,125,39000,1,Ahmedabad,15900
Yamaha YZF-R15 150cc,Yamaha,10,150,15684,1,Mumbai,48000
KTM Duke 250cc,KTM,4,250,12507,1,Jaipur,135000
Bajaj Pulsar 220cc,Bajaj,9,220,35000,1,Dehradun,38000
Kawasaki Ninja 650cc,Kawasaki,4,650,2000,1,Delhi,481000
Bajaj Avenger 220cc,Bajaj,8,220,25751,3,Gurgaon,32000
Bajaj Pulsar 220F,Bajaj,7,220,32897,1,Mumbai,42000
Bajaj Pulsar 150cc,Bajaj,8,150,67776,1,Delhi,22000
Royal Enfield Continental GT 535cc,Royal Enfield,6,535,4607,1,Noida,104076
Hero HF Deluxe 100cc,Hero,4,100,11000,1,Mumbai,42000
Hero HF Deluxe 100cc,Hero,4,100,21145,1,Jaipur,42000
Suzuki Gixxer SF 150cc Special MOTOGP Edition Rear Disc,Suzuki,4,150,13678,1,Delhi,70000
Royal Enfield Bullet Electra 350cc,Royal Enfield,17,350,69025,2,Chennai,90000
Hero Glamour 125cc,Hero,6,125,14249,1,Delhi,32000
Royal Enfield Bullet 350cc,Royal Enfield,8,350,23552,1,Gurgaon,115000
Royal Enfield Classic Chrome 500cc,Royal Enfield,7,500,13100,1,Shimoga,150000
Bajaj Avenger 220cc,Bajaj,5,220,29700,1,Dakshina Kannada,51000
Bajaj Platina 100cc,Bajaj,4,100,23000,1,Jaipur,32000
Bajaj Avenger 220cc,Bajaj,4,220,19700,1,Noida,65000
Honda CB Shine 125cc,Honda,11,125,44500,1,Gurgaon,20000
Bajaj Dominar 400,Bajaj,3,400,22000,1,Ghaziabad,140000
KTM Duke 390cc,KTM,4,390,27874,1,Mumbai,180000
Bajaj V15 150cc,Bajaj,5,150,28550,1,Delhi,25000
Hero HF Deluxe 100cc,Hero,6,100,9184,1,Gurgaon,28000
Bajaj V15 150cc,Bajaj,3,150,15047,1,Gurgaon,35500
Hero Passion Plus 100cc,Hero,13,100,35400,1,Gurgaon,15000
Bajaj Platina  Alloy ES-100cc,Bajaj,4,100,25000,1,Gurgaon,30000
TVS Apache RTR 160cc,TVS,4,160,17237,1,Ghaziabad,52000
Hero Passion Pro 100cc,Hero,9,100,12100,1,Delhi,27000
Hero HF Deluxe 100cc,Hero,4,100,11799,1,Faridabad,38000
Hero HF Deluxe 100cc,Hero,4,100,5323,1,Faridabad,36000
Hero CD Deluxe 100cc,Hero,6,100,16096,1,Gurgaon,36000
Hero Splendor iSmart 110cc,Hero,5,110,11571,1,Delhi,36000
Yamaha YZF-R15 150cc,Yamaha,6,150,21544,1,Faridabad,65000
Yamaha Fazer 150cc,Yamaha,7,150,38040,1,Bangalore,45000
Yamaha FZs 150cc,Yamaha,7,150,18237,1,Jaipur,45000
Yamaha FZ 150cc,Yamaha,7,150,16000,1,Delhi,45000
Yamaha FZs 150cc,Yamaha,7,150,32000,1,Jaipur,44000
Yamaha FZ16 150cc,Yamaha,7,150,18250,1,Jaipur,44000
Yamaha FZs 150cc,Yamaha,8,150,27000,1,Jaipur,44000
Yamaha FZ16 150cc,Yamaha,6,150,25000,1,Jaipur,42000
Yamaha FZ 150cc,Yamaha,8,150,19560,2,Ghaziabad,42000
Yamaha FZs 150cc,Yamaha,7,150,20000,1,Delhi,40000
Bajaj Avenger 220cc,Bajaj,5,220,5000,1,Delhi,59500
Bajaj V15 150cc,Bajaj,3,150,1400,1,Delhi,57000
Honda CB Shine 125cc CBS,Honda,5,125,8687,1,Jaipur,37000
Bajaj Pulsar 220cc,Bajaj,8,220,15011,1,Gurgaon,46000
Bajaj Pulsar 150cc,Bajaj,6,150,20134,1,Jaipur,43000
Bajaj Pulsar AS150,Bajaj,6,150,31942,1,Gurgaon,41000
Hero CBZ 150cc,Hero,11,150,40000,1,Jalandhar,22000
Hero Hunk 150cc,Hero,13,150,20000,1,Noida,22000
Hero Splendor Plus 100cc,Hero,6,100,16587,1,Faridabad,33000
Hero Splendor Plus 100cc,Hero,4,100,10438,1,Faridabad,33000
Bajaj CT 100 100cc,Bajaj,4,100,31969,1,Gurgaon,27000
Bajaj Discover 125cc,Bajaj,7,125,35000,1,Gurgaon,27000
Bajaj CT 100 100cc,Bajaj,5,100,22477,1,Ghaziabad,27000
Bajaj Pulsar 150cc,Bajaj,7,150,26888,1,Gurgaon,26500
Bajaj Discover 135cc,Bajaj,10,135,18345,1,Jaipur,26500
Bajaj Pulsar 150cc,Bajaj,7,150,22778,1,Faridabad,26000
Bajaj Pulsar 135LS,Bajaj,11,135,16023,1,Gurgaon,26000
Bajaj CT 100 100cc,Bajaj,5,100,30075,1,Faridabad,26000
Bajaj Discover 125cc,Bajaj,11,125,80725,1,Mumbai,25000
Bajaj CT 100 100cc,Bajaj,5,100,54151,1,Faridabad,25000
Bajaj CT 100 100cc,Bajaj,5,100,22000,1,Ludhiana,25000
Hero CD Deluxe 100cc,Hero,11,100,73031,1,Gurgaon,18000
Bajaj Avenger 220cc,Bajaj,8,220,20000,1,Delhi,38000
Hero Glamour 125cc,Hero,3,125,10721,1,Faridabad,47500
Hero HF Deluxe 100cc,Hero,4,100,20748,1,Jaipur,47000
Hero Passion Pro 100cc,Hero,3,100,6756,1,Faridabad,46000
Hero Splendor Plus 100cc,Hero,3,100,10883,1,Faridabad,46000
Hero Passion Pro 100cc,Hero,3,100,13451,1,Ghaziabad,45000
Hero Splendor Plus 100cc,Hero,3,100,10000,1,Gurgaon,45000
Hero Passion Pro 100cc,Hero,4,100,2017,1,Noida,45000
Hero Splendor Plus 100cc,Hero,3,100,4351,1,Faridabad,45000
Hero Splendor iSmart 110cc,Hero,4,110,22000,1,Jaipur,45000
Hero CBZ Xtreme 150cc,Hero,6,150,32416,1,Ahmedabad,45000
Hero Splendor Plus 100cc,Hero,3,100,12296,1,Faridabad,43000
Hero Passion Xpro 110cc,Hero,6,110,15000,1,Delhi,35800
Honda CBF Stunner 125cc,Honda,12,125,48824,1,Gurgaon,22000
Honda CB Shine 125cc,Honda,9,125,22000,1,Jaipur,22000
Honda Dream Yuga 110cc,Honda,9,110,18157,1,Gurgaon,18000
Honda CB Shine 125cc,Honda,13,125,40877,1,Gurgaon,17000
Yamaha YZF-R15 V3 150cc,Yamaha,3,150,14088,1,Faridabad,115000
Hero CBZ Xtreme 150cc,Hero,9,150,35244,3,Ghaziabad,25000
Hero Splendor Plus 100cc,Hero,8,100,30027,1,Gurgaon,25000
Hero Splendor Plus 100cc,Hero,8,100,18456,1,Gurgaon,25000
Yamaha FZ25 250cc,Yamaha,3,250,10144,1,Faridabad,90000
Hero Passion Pro 100cc,Hero,9,100,19296,1,Jaipur,25000
Yamaha FZs 150cc,Yamaha,3,150,12000,1,Jaipur,80000
Hero Glamour 125cc,Hero,10,125,13000,1,Delhi,25000
Yamaha FZ V 2.0 150cc,Yamaha,3,150,11592,1,Faridabad,70000
Bajaj Pulsar 220cc,Bajaj,6,220,18096,1,Chennai,50000
Bajaj Pulsar AS150,Bajaj,6,150,18510,1,Bangalore,49000
Honda CBR 250R,Honda,5,250,44000,1,Chennai,120000
Honda CBF Stunner 125cc,Honda,9,125,26520,1,Gurgaon,24000
Bajaj Discover 125cc,Bajaj,10,125,59752,1,Ghaziabad,14000
Hero Splendor iSmart 100cc,Hero,7,100,42000,1,Indore,40000
Royal Enfield Classic 350cc,Royal Enfield,3,350,16690,1,Hyderabad,142000
Yamaha Fazer 150cc,Yamaha,10,150,30920,1,Delhi,30000
Bajaj Avenger Street 150,Bajaj,5,150,29000,1,Vadodara,45000
Bajaj CT 100 100cc,Bajaj,5,100,22174,1,Gurgaon,22000
TVS Apache RTR 200 4V Carburetor,TVS,4,200,20000,1,Ranchi,70000
Honda Livo 110cc,Honda,2,110,5900,1,Jhunjhunu,54000
Yamaha Fazer 25 250cc,Yamaha,4,250,21613,1,Pune,110000
Yamaha YZF-R15 150cc,Yamaha,2,150,6900,1,Delhi,105000
Hero Passion Pro i3S Alloy 100cc,Hero,3,100,8324,1,Mumbai,45000
Bajaj Pulsar RS200 ABS,Bajaj,5,200,38000,1,Alibag,89000
Bajaj Pulsar 150cc,Bajaj,14,150,42000,1,Ghaziabad,16000
TVS Apache RTR 200 4V Fi,TVS,5,200,46790,1,Hyderabad,60000
Royal Enfield Bullet Electra 350cc,Royal Enfield,11,350,36000,3,Delhi,60000
Royal Enfield Himalayan 410cc Sleet ABS,Royal Enfield,2,410,1800,1,Alipore,175000
Royal Enfield Continental GT 535cc,Royal Enfield,6,535,7000,1,Delhi,145000
Royal Enfield Thunderbird 350cc,Royal Enfield,10,350,59544,2,Pune,68000
Hero Karizma ZMR 223cc,Hero,6,223,30100,1,Bangalore,47900
Harley-Davidson Street 750,Harley-Davidson,7,750,12000,1,Delhi,340000
KTM RC 200cc,KTM,5,200,2343,1,Bangalore,113000
Bajaj Pulsar 220cc,Bajaj,10,220,46267,2,Mumbai,26000
Bajaj Pulsar NS 200cc,Bajaj,8,200,26000,1,Mumbai,52949
Hero CBZ Xtreme 150cc,Hero,13,150,32000,1,Ghaziabad,18000
Royal Enfield Classic 350cc,Royal Enfield,9,350,15000,1,Mumbai,74000
Bajaj Pulsar RS200 ABS,Bajaj,6,200,11063,1,Hyderabad,85000
KTM Duke 200cc,KTM,4,200,24699,1,Ghaziabad,97000
Yamaha FZ16 150cc,Yamaha,13,150,45000,1,Gautam Buddha Nagar,34999
Royal Enfield Classic Gunmetal Grey 350cc,Royal Enfield,3,350,12050,1,Bangalore,148000
Hero Karizma ZMR 223cc,Hero,7,223,18500,1,Mumbai,45000
Royal Enfield Bullet Electra Twinspark 350CC ABS,Royal Enfield,2,350,2000,1,Mumbai,140000
Harley-Davidson Iron 883,Harley-Davidson,5,883,28000,1,Pune,573300
Yamaha YBR 110cc,Yamaha,9,110,12200,1,Delhi,18000
TVS Star Sport 100cc,TVS,5,100,11536,1,Jaipur,34000
Hero HF Deluxe 100cc,Hero,11,100,23878,1,Faridabad,19000
Hero Splendor 100cc,Hero,16,100,32184,1,Ahmedabad,18500
Hero HF Deluxe 100cc,Hero,6,100,19598,1,Jaipur,37000
Honda CD 110 Dream,Honda,6,110,14192,1,Gurgaon,36000
Honda Dream Neo 110cc,Honda,6,110,14210,1,Gurgaon,36000
Honda CB Shine 125cc,Honda,8,125,21172,1,Jaipur,36000
Honda CB Shine 125cc,Honda,7,125,17405,1,Jaipur,35500
Honda Dream Neo 110cc,Honda,6,110,15242,1,Gurgaon,35000
TVS Sport 100cc,TVS,3,100,4474,1,Jaipur,34000
KTM Duke 390cc,KTM,5,390,11735,1,Mumbai,120000
Yamaha YZF-R15 2.0 150cc,Yamaha,8,150,18835,1,Delhi,50000
Honda CB Twister 110cc,Honda,10,110,45000,1,Gurgaon,20000
Royal Enfield Classic Chrome 500cc,Royal Enfield,10,500,40000,1,Bangalore,95000
Royal Enfield Classic Desert Storm 500cc,Royal Enfield,6,500,13631,1,Bangalore,114000
Royal Enfield Classic Desert Storm 500cc,Royal Enfield,7,500,19111,1,Bangalore,105000
Yamaha YZF-R15 2.0 150cc,Yamaha,9,150,39000,2,Bijnor,48000
Bajaj Discover 125ST,Bajaj,8,125,61906,1,Pune,18000
Bajaj Discover 125cc,Bajaj,8,125,15000,1,Delhi,28000
Yamaha FZ16 150cc,Yamaha,9,150,32702,1,Pune,42000
Hero CBZ 150cc,Hero,19,150,300000,2,Navsari,15000
Kawasaki Ninja 300cc,Kawasaki,7,300,22000,1,Kolkata,186000
Yamaha Saluto 125cc,Yamaha,5,125,16300,1,Gurgaon,28000
Royal Enfield Himalayan 410cc,Royal Enfield,5,410,10158,1,Delhi,125000
TVS Apache RTR 200 4V Race Edition 2.0,TVS,3,200,16646,1,Bangalore,98000
Royal Enfield Classic 350cc,Royal Enfield,7,350,2069,1,Jaipur,120000
Royal Enfield Thunderbird 350cc,Royal Enfield,9,350,17000,1,Lucknow,95000
Honda CD 110 Dream,Honda,4,110,24056,1,Jaipur,40000
Royal Enfield Electra 350cc,Royal Enfield,2,350,3688,1,Faridabad,130000
Bajaj Pulsar 180cc,Bajaj,8,180,33500,1,Jalandhar,33000
Bajaj Pulsar 150cc,Bajaj,8,150,24079,1,Ghaziabad,32000
Bajaj Pulsar 150cc,Bajaj,9,150,18136,1,Jaipur,32000
Bajaj CT 100 100cc,Bajaj,3,100,14118,1,Faridabad,32000
Bajaj CT 100 100cc,Bajaj,4,100,7652,1,Faridabad,32000
Bajaj Platina 100cc,Bajaj,4,100,15989,1,Faridabad,32000
Bajaj Pulsar 150cc,Bajaj,7,150,42305,1,Aurangabad,30894
Bajaj CT 100 100cc,Bajaj,6,100,51132,1,Faridabad,30000
Bajaj CT 100 100cc,Bajaj,3,100,15369,1,Faridabad,29000
Bajaj Pulsar 180cc,Bajaj,7,180,15000,1,Noida,39000
Bajaj V15 150cc,Bajaj,5,150,26885,1,Jaipur,39000
Bajaj Pulsar 150cc,Bajaj,7,150,22724,1,Jaipur,38000
Bajaj Platina  Alloy ES-100cc,Bajaj,3,100,66731,1,Gurgaon,38000
Bajaj CT 100 100cc,Bajaj,3,100,6000,1,Ludhiana,36400
Bajaj Platina  Alloy ES-100cc,Bajaj,4,100,10160,1,Faridabad,36000
Bajaj Pulsar 150cc,Bajaj,9,150,15202,1,Faridabad,35000
Bajaj Pulsar 135LS,Bajaj,8,135,30000,1,Jalandhar,35000
Bajaj CT 100 ES Alloy,Bajaj,3,100,18672,1,Faridabad,34000
Bajaj CT 100 Spoke,Bajaj,3,100,10841,1,Jaipur,34000
Mahindra Centuro 110cc,Mahindra,7,110,18000,1,Jaipur,29000
Hero Honda Splendor 100cc,Hero,10,100,21336,1,Jaipur,28000
Bajaj Avenger Street 180,Bajaj,3,180,12833,1,Aurangabad,74084
Bajaj Pulsar 220cc,Bajaj,4,220,21389,1,Bangalore,72000
Bajaj Avenger 220cc,Bajaj,6,220,19134,1,Jaipur,65000
Bajaj Avenger Street 150,Bajaj,4,150,21435,1,Faridabad,56000
Bajaj Avenger 220cc,Bajaj,5,220,18000,1,Jaipur,55000
Bajaj Pulsar NS200,Bajaj,8,200,23000,1,Delhi,46000
Bajaj Avenger 220cc,Bajaj,7,220,22222,1,Delhi,45000
Hero Splendor Plus 100cc,Hero,7,100,37877,1,Gurgaon,26000
Hero CBZ Xtreme 150cc,Hero,11,150,14000,1,Noida,26000
Hero HF Deluxe 100cc,Hero,9,100,20000,1,Jaipur,26000
Hero Splendor iSmart 100cc,Hero,6,100,35655,1,Delhi,26000
Honda CB Shine 125cc,Honda,9,125,2392,1,Gurgaon,24000
Honda Dream Yuga 110cc,Honda,8,110,38706,1,Gurgaon,24000
Honda CB Shine 125cc,Honda,12,125,20509,1,Jaipur,24000
Hero Passion Pro 100cc,Hero,6,100,18000,1,Gurgaon,30000
Hero HF Deluxe 100cc,Hero,7,100,21326,1,Jaipur,30000
Hero Ignitor 125cc,Hero,8,125,18251,1,Jaipur,30000
Hero Splendor Plus 100cc,Hero,6,100,33824,1,Faridabad,30000
Hero CBZ Xtreme 150cc,Hero,5,150,6500,1,Gurgaon,42000
Hero Splendor Plus 100cc,Hero,3,100,9164,1,Faridabad,42000
Hero Splendor Plus 100cc,Hero,3,100,9817,1,Faridabad,42000
Hero Passion Pro 100cc,Hero,3,100,23000,1,Jaipur,42000
Hero Splendor iSmart 110cc,Hero,4,110,5000,1,Jaipur,40000
Hero Splendor iSmart 100cc,Hero,5,100,20000,1,Jaipur,40000
Royal Enfield Bullet Electra 350cc,Royal Enfield,5,350,5222,1,Delhi,118000
Royal Enfield Bullet Twinspark 350cc,Royal Enfield,3,350,9820,1,Faridabad,115000
Royal Enfield Classic 500cc,Royal Enfield,7,500,9282,1,Delhi,114000
Hero Splendor Plus 100cc,Hero,3,100,5500,1,Gurgaon,50000
Royal Enfield Classic 350cc,Royal Enfield,6,350,6646,1,Delhi,112000
Royal Enfield Classic 350cc,Royal Enfield,4,350,55532,1,Delhi,111000
Bajaj Platina 100cc,Bajaj,10,100,24614,1,Jaipur,25000
Bajaj Discover 125cc,Bajaj,7,125,35000,1,Gurgaon,24000
Bajaj Discover 100cc,Bajaj,7,100,25000,1,Gurgaon,24000
Bajaj CT 100 100cc,Bajaj,5,100,20014,1,Gurgaon,24000
Yamaha FZ25 250cc,Yamaha,4,250,14672,1,Ahmedabad,75000
Royal Enfield Bullet Electra 350cc,Royal Enfield,7,350,73000,1,Chennai,83000
TVS Sport 100cc,TVS,8,100,14736,1,Faridabad,17500
Yamaha FZs 150cc,Yamaha,7,150,99999,1,Faridabad,33000
Bajaj Discover 100cc,Bajaj,11,100,18999,1,Faridabad,12000
Bajaj Platina 100cc,Bajaj,12,100,53135,1,Faridabad,13000
Hero Hunk 150cc,Hero,8,150,20000,1,Jaipur,31000
Hero Splendor plus 100cc,Hero,5,100,36584,1,Ludhiana,30900
Bajaj Avenger Street 220,Bajaj,4,220,28854,1,Mumbai,50000
Hero Super Splendor 125cc,Hero,8,125,18857,1,Gurgaon,24000
Hero Passion Pro 100cc,Hero,8,100,15570,1,Faridabad,24000
Honda CB Twister 110cc,Honda,11,110,49250,1,Mumbai,22500
TVS Apache RTR 160cc,TVS,9,160,19394,1,Ghaziabad,64000
TVS Apache RTR 160cc,TVS,5,160,18588,1,Gurgaon,60000
TVS Apache RTR 180cc,TVS,6,180,18583,1,Jaipur,58000
Royal Enfield Thunderbird 350cc,Royal Enfield,6,350,8000,1,Delhi,95000
Bajaj V15 150cc,Bajaj,3,150,3983,1,Gurgaon,57000
Bajaj Avenger Cruise 220,Bajaj,5,220,24400,1,Delhi,75000
Suzuki GS 150 R 150cc,Suzuki,9,150,30000,1,Bangalore,25000
Bajaj Avenger Street 220,Bajaj,5,220,8583,1,Bangalore,57000
Honda CB Trigger 150cc,Honda,7,150,9060,1,Jaipur,50000
Bajaj Avenger Street 150,Bajaj,4,150,15000,1,Hyderabad,56000
Bajaj Avenger Cruise 220,Bajaj,5,220,18007,1,Bangalore,57000
Bajaj Pulsar 200 NS 200cc,Bajaj,7,200,22700,1,Mumbai,55000
Bajaj Avenger 220cc,Bajaj,5,220,47043,1,Bangalore,49000
Bajaj Pulsar 150cc,Bajaj,13,150,88000,1,Chandigarh,21000
Honda CB Twister 110cc,Honda,11,110,65719,2,Delhi,16000
Bajaj Pulsar NS200,Bajaj,8,200,42345,2,Mumbai,43959
Hero CD Deluxe 100cc,Hero,10,100,26146,1,Faridabad,19500
Suzuki Intruder 150cc,Suzuki,4,150,4700,1,Delhi,92000
Suzuki Gixxer 150cc,Suzuki,6,150,16000,1,Delhi,40000
Suzuki Gixxer 150cc,Suzuki,6,150,85000,1,Delhi,34000
Hero Splendor Plus 100cc,Hero,5,100,19371,1,Faridabad,27500
Bajaj Pulsar RS200 ABS,Bajaj,6,200,31000,1,Thane,87900
KTM Duke 390cc,KTM,3,390,7500,1,Mumbai,200000
Hero HF Deluxe 100cc,Hero,5,100,18056,1,Faridabad,28500
Hero Splendor Pro 100cc,Hero,9,100,18000,1,Ludhiana,27000
Yamaha FZs 150cc,Yamaha,8,150,30112,1,Ghaziabad,50000
KTM Duke 390cc,KTM,3,390,11500,1,Chennai,216100
Suzuki Intruder 150cc,Suzuki,4,150,1217,1,Delhi,70000
Yamaha FZs 150cc,Yamaha,7,150,38554,1,Gurgaon,25000
Royal Enfield Classic 350cc,Royal Enfield,6,350,20615,1,Delhi,90000
Bajaj Pulsar 150cc,Bajaj,10,150,40000,1,Tirunelveli,20000
Honda CB Hornet 160R Special Edition STD,Honda,4,160,12500,1,Hyderabad,65000
Yamaha FZ25 250cc,Yamaha,3,250,12398,1,Hyderabad,84000
Bajaj Pulsar NS160,Bajaj,4,160,20802,1,Delhi,55000
Hero CD Deluxe 100cc,Hero,14,100,22967,1,Gurgaon,15000
Hero Hunk 150cc,Hero,14,150,18563,1,Gurgaon,15000
Hero Passion Pro 100cc,Hero,12,100,47075,1,Gurgaon,19000
Honda CD 110 Dream,Honda,4,110,13114,1,Gurgaon,33000
Hero Passion Plus 100cc,Hero,12,100,41118,1,Mumbai,19000
TVS Sport 100cc,TVS,5,100,32969,1,Gurgaon,23000
Honda Dream Yuga 110cc,Honda,8,110,20719,1,Gurgaon,21000
Yamaha FZ16 150cc,Yamaha,8,150,13496,2,Pune,35000
Yamaha YZF-R15 150cc,Yamaha,9,150,36000,1,Yemmiganur,47000
Bajaj Pulsar 180cc,Bajaj,7,180,51210,2,Delhi,40000
Bajaj Avenger 200cc,Bajaj,14,200,62554,1,Gurgaon,17000
Bajaj CT 100 100cc,Bajaj,3,100,6541,1,Gurgaon,35000
Honda CBF Stunner 125cc,Honda,10,125,27000,2,Mohali,17000
Bajaj Pulsar 150cc,Bajaj,15,150,49999,1,Patiala,10000
Honda Dream Yuga 110cc,Honda,8,110,38706,1,Gurgaon,22000
KTM RC 390cc,KTM,2,390,168,1,Aurangabad,180000
Bajaj Discover 125cc,Bajaj,9,125,24530,1,Gurgaon,20000
Honda CBF Stunner 125cc,Honda,6,125,23208,1,Gurgaon,25800
Honda CBF Stunner 125cc,Honda,8,125,87056,1,Gurgaon,22000
Bajaj V15 150cc,Bajaj,5,150,35467,1,Gurgaon,33000
Royal Enfield Thunderbird 350cc,Royal Enfield,4,350,17500,1,Bangalore,130000
Honda Dream Yuga 110cc,Honda,7,110,25878,1,Gurgaon,19000
Yamaha YZF-R15 2.0 150cc,Yamaha,8,150,40000,2,Noida,50000
Royal Enfield Thunderbird 350cc,Royal Enfield,11,350,30000,1,Delhi,70000
Bajaj Pulsar RS200,Bajaj,5,200,10687,1,Mumbai,75000
Bajaj V15 150cc,Bajaj,5,150,20785,1,Mumbai,36000
Bajaj Pulsar RS200 ABS,Bajaj,3,200,14636,1,Bangalore,145000
Royal Enfield Thunderbird 350cc,Royal Enfield,12,350,51396,2,Bangalore,45918
Hero Passion Pro 100cc,Hero,9,100,28642,1,Delhi,24000
Honda CB Trigger 150cc,Honda,6,150,25000,1,Bokaro,45000
Royal Enfield Thunderbird 350cc,Royal Enfield,6,350,2000,1,Hyderabad,91000
Bajaj Discover 150F,Bajaj,7,150,19000,1,Kolkata,30000
Bajaj Discover 150F,Bajaj,7,150,40000,1,Agra,20000
Bajaj Discover 150F,Bajaj,6,150,34883,1,Noida,35800
Bajaj Discover 150F,Bajaj,6,150,46995,1,Delhi,25000
Kawasaki Ninja 250cc,Kawasaki,9,250,11500,1,Kasargode,122000
Bajaj Avenger Street 150,Bajaj,5,150,17000,1,Solapur,62000
KTM Duke 200cc,KTM,7,200,43000,1,Bangalore,88000
Royal Enfield Classic Stealth Black 500cc,Royal Enfield,3,500,5700,1,Sambalpur,170000
Ducati Multistrada 1200 Enduro,Ducati,5,1200,12500,1,Delhi,1490000
Royal Enfield Classic 350cc,Royal Enfield,9,350,36000,1,Delhi,78000
Royal Enfield Bullet Electra 350cc,Royal Enfield,9,350,9821,1,Delhi,62900
Hero Splendor Plus 100cc,Hero,7,100,12015,1,Faridabad,24000
Suzuki Gixxer 150cc SP Rear Disc,Suzuki,4,150,15500,1,Varanasi,72000
Hero Super Splendor 125cc,Hero,14,125,16787,1,Delhi,19000
Royal Enfield Classic 500cc,Royal Enfield,9,500,10000,1,Chinchwad,95000
Hero Passion Xpro 110cc,Hero,7,110,22588,1,Faridabad,25000
Hero CD Deluxe 100cc,Hero,10,100,16208,1,Faridabad,19000
Hero Splendor Plus 100cc,Hero,9,100,23990,1,Faridabad,22000
Hero Splendor Plus 100cc,Hero,8,100,22788,1,Faridabad,22000
Bajaj Pulsar AS150,Bajaj,6,150,28500,2,Chennai,38700
Honda CB Shine 125cc,Honda,6,125,10975,1,Jaipur,35000
Hero HF Deluxe Eco 100cc,Hero,3,100,20930,1,Faridabad,35000
Honda Livo 110cc,Honda,3,110,10637,1,Faridabad,40000
Bajaj Avenger Street 180,Bajaj,2,180,6903,1,Faridabad,65000
Royal Enfield Thunderbird 350cc,Royal Enfield,3,350,11000,1,Ahmedabad,140000
Bajaj Avenger 220cc,Bajaj,7,220,6000,1,Mumbai,43000
Honda CBR 150R 150cc,Honda,5,150,20000,1,Bilaspur,75000
Bajaj Pulsar RS200 ABS,Bajaj,6,200,4703,1,Delhi,80000
Hero Ignitor 125cc,Hero,8,125,64500,2,Pune,20000
Bajaj Pulsar NS200,Bajaj,9,200,56000,1,Kolkata,48928
Royal Enfield Classic 350cc,Royal Enfield,7,350,37500,1,Pune,90100
Bajaj Pulsar 220cc,Bajaj,6,220,32000,1,Pune,52000
Bajaj Discover 125cc,Bajaj,4,125,17500,2,Ahmedabad,34000
Yamaha YZF-R15 S 150cc,Yamaha,4,150,14400,1,Chennai,75000
Bajaj Avenger 220cc,Bajaj,8,220,11000,1,Mehsana,32900
Bajaj Discover 125cc,Bajaj,8,125,16181,1,Faridabad,16500
Hero Honda Splendor Plus 100cc,Hero,9,100,19071,1,Faridabad,20000
Hero Splendor Plus 100cc,Hero,7,100,14888,1,Faridabad,24000
Hero Ignitor 125cc,Hero,8,125,33000,1,Pune,33000
Bajaj Platina 100cc,Bajaj,2,100,15383,1,Faridabad,38000
Bajaj V15 150cc,Bajaj,5,150,23276,1,Mumbai,36000
Honda CBR 150R 150cc,Honda,9,150,30000,1,Rohtak,55000
Hero Splendor 100cc,Hero,14,100,70000,1,Hosur,17000
Bajaj Platina 100cc,Bajaj,15,100,24184,1,Faridabad,14800
Harley-Davidson Street 750,Harley-Davidson,5,750,5043,2,Bangalore,395000
Bajaj Pulsar RS200 ABS,Bajaj,4,200,6462,1,Nadiad,105000
Hero Ignitor 125cc,Hero,8,125,79000,1,Pune,19326
Bajaj Platina  Alloy ES-100cc,Bajaj,4,100,16544,1,Faridabad,30000
Royal Enfield Classic 350cc,Royal Enfield,4,350,11776,1,Faridabad,110000
Hero HF Deluxe Eco 100cc,Hero,3,100,12561,1,Gurgaon,36000
Yamaha SZR 150cc,Yamaha,10,150,25081,1,Jaipur,20000
Yamaha Crux 110cc,Yamaha,10,110,18431,1,Faridabad,16000
TVS Apache RTR 160 4V Carburetor,TVS,2,160,15228,1,Faridabad,86000
Royal Enfield Classic 350cc,Royal Enfield,6,350,12028,1,Faridabad,120000
Royal Enfield Thunderbird 500cc,Royal Enfield,5,500,32737,1,Delhi,102000
TVS Apache RTR 160 4V Disc,TVS,3,160,9385,1,Faridabad,61000
Suzuki Gixxer SF 150cc,Suzuki,5,150,31000,1,Bangalore,78000
Hero Splendor Plus 100cc,Hero,4,100,17226,1,Faridabad,42000
Suzuki Gixxer 150cc ABS,Suzuki,2,150,3240,1,Mumbai,68000
Royal Enfield Classic 350cc,Royal Enfield,4,350,15932,1,Faridabad,105000
Hero HF Deluxe 100cc,Hero,5,100,7960,1,Faridabad,27000
Hero Splendor Pro 100cc,Hero,10,100,18821,1,Faridabad,20000
Bajaj Platina  Alloy ES-100cc,Bajaj,4,100,24451,1,Faridabad,31000
Bajaj Pulsar 220cc,Bajaj,5,220,39000,1,Mumbai,50800
Royal Enfield Thunderbird 500cc,Royal Enfield,5,500,22493,1,Hyderabad,114000
Honda CB Shine 125cc,Honda,5,125,31646,1,Gurgaon,29000
Bajaj Discover 150cc,Bajaj,6,150,7193,1,Ghaziabad,23000
Bajaj Dominar 400 ABS,Bajaj,4,400,25000,1,Chennai,110000
Hero Splendor Pro 100cc,Hero,7,100,19224,1,Faridabad,22000
Honda CB Shine 125cc,Honda,6,125,15768,1,Ghaziabad,26000
Royal Enfield Bullet Twinspark 350cc,Royal Enfield,5,350,15837,1,Faridabad,90000
Royal Enfield Classic 350cc,Royal Enfield,2,350,19249,1,Ghaziabad,130000
Honda Dream Yuga 110cc,Honda,3,110,15833,1,Jaipur,42000
Honda CB Shine 125cc,Honda,4,125,16974,1,Ghaziabad,42000
Suzuki Intruder 150cc,Suzuki,3,150,14547,1,Gurgaon,80000
Suzuki Gixxer SF 150cc,Suzuki,6,150,45263,1,Pune,62000
Suzuki Gixxer 150cc,Suzuki,5,150,27167,1,Bangalore,58000
Suzuki Gixxer 150cc,Suzuki,6,150,23541,1,Jaipur,48000
Hero HF Deluxe 100cc,Hero,4,100,18000,1,Pune,55000
Hero Splendor iSmart 110cc,Hero,6,110,18000,1,Jaipur,38500
Hero HF Deluxe 100cc,Hero,4,100,10031,1,Faridabad,35000
Hero Splendor Plus 100cc,Hero,6,100,17105,1,Ghaziabad,35000
Hero HF Deluxe 100cc,Hero,4,100,10996,1,Faridabad,35000
Hero HF Deluxe 100cc,Hero,4,100,18000,1,Gurgaon,35000
Hero Splendor iSmart 110cc,Hero,5,110,13273,1,Faridabad,35000
Hero Splendor Plus 100cc,Hero,9,100,17537,1,Faridabad,23000
Hero Splendor Plus 100cc,Hero,8,100,15711,1,Gurgaon,23000
Bajaj Pulsar 150cc,Bajaj,11,150,32458,1,Faridabad,17000
Honda CB Shine 125cc,Honda,9,125,22705,1,Ghaziabad,23000
Honda CB Shine 125cc,Honda,9,125,2392,1,Gurgaon,23000
TVS Apache RR310,TVS,3,310,5700,1,Kurnool,180000
TVS Apache RTR 160 4V Carburetor With Rear Disc,TVS,3,160,11877,2,Delhi,80000
Bajaj Discover 135cc,Bajaj,13,135,50856,1,Surat,17500
Bajaj Platina  Alloy ES-100cc,Bajaj,3,100,10430,1,Faridabad,35000
Hero HF Deluxe self Alloy 100cc,Hero,2,100,5448,1,Faridabad,39500
Bajaj Discover 125cc,Bajaj,3,125,12808,1,Faridabad,40000
Bajaj Pulsar 220cc,Bajaj,6,220,32057,1,Mumbai,40000
Bajaj Pulsar 180cc,Bajaj,9,180,40422,1,Faridabad,24000
Bajaj Discover 100cc,Bajaj,7,100,45335,1,Gurgaon,24000
Bajaj CT 100 100cc,Bajaj,6,100,26739,1,Gurgaon,23000
Bajaj CT 100 100cc,Bajaj,5,100,22397,1,Gurgaon,23000
Bajaj CT 100 100cc,Bajaj,6,100,17775,1,Faridabad,23000
Bajaj  Pulsar 180cc,Bajaj,10,180,15000,2,Delhi,22800
Bajaj Pulsar 135LS,Bajaj,8,135,19777,1,Faridabad,22500
Bajaj Platina 100cc,Bajaj,10,100,32500,1,Ahmedabad,22000
Bajaj Discover 100cc,Bajaj,8,100,21448,1,Jaipur,22000
Bajaj Pulsar 150cc,Bajaj,9,150,19877,1,Faridabad,21000
Bajaj Discover 125cc,Bajaj,9,125,65822,1,Ghaziabad,21000
Honda CB Hornet 160R STD,Honda,4,160,28850,1,Puri,53000
Royal Enfield Thunderbird X 500cc,Royal Enfield,3,500,5000,2,Surat,194999
Royal Enfield Bullet Electra 350cc,Royal Enfield,12,350,17000,1,Hamirpur(hp),65000
Yamaha FZ S V 3.0 150cc ABS Dark Knight BS VI,Yamaha,2,150,748,1,Ahmedabad,97000
KTM Duke 250cc,KTM,4,250,17573,1,Mumbai,145000
Honda CBR 250R,Honda,8,250,15600,1,Guwahati,95000
Royal Enfield Classic Chrome 500cc,Royal Enfield,5,500,7000,1,Jaipur,175000
TVS Star City Plus 110cc,TVS,3,110,5400,1,Delhi,44000
Bajaj Pulsar RS200 ABS,Bajaj,5,200,4000,1,Mysore,113500
Royal Enfield Himalayan 410cc,Royal Enfield,5,410,3300,1,Saharanpur,115000
TVS Apache RTR 180cc,TVS,5,180,6202,1,Raipur,65000
Hero Splendor Pro 100cc,Hero,6,100,11000,1,Ludhiana,40000
Hero HF Deluxe 100cc,Hero,4,100,16289,1,Aurangabad,39107
Hero Splendor Plus 100cc,Hero,11,100,18218,1,Faridabad,20000
Hero Splendor iSmart 100cc,Hero,5,100,15000,1,Noida,39000
Royal Enfield Classic 350cc,Royal Enfield,6,350,2100,1,Chennai,95000
Honda CBF Stunner 125cc,Honda,8,125,70000,1,Noida,16000
Bajaj Pulsar NS160,Bajaj,4,160,1300,1,Chennai,89000
KTM Duke 200cc,KTM,4,200,6800,1,Pune,125000
TVS Apache RTR 200 4V Race Edition 2.0,TVS,3,200,8686,1,Pune,91000
Honda Livo Disc 110cc,Honda,3,110,3747,1,Varanasi,50000
Royal Enfield Classic Stealth Black 500cc,Royal Enfield,2,500,16659,1,Noida,162000
Bajaj Discover 125cc,Bajaj,10,125,65000,1,Mumbai,25000
Kawasaki Versys 650cc,Kawasaki,4,650,18250,1,Mumbai,550000
Hyosung GT250R,Hyosung,7,250,8903,1,Delhi,185000
Harley-Davidson Street 750 ABS,Harley-Davidson,2,750,6000,1,Kolhapur,499000
Royal Enfield Classic 500cc,Royal Enfield,4,500,8500,1,Mumbai,150000
Bajaj Pulsar 150cc,Bajaj,7,150,19255,1,Chennai,33000
Mahindra Centuro NXT 110cc,Mahindra,5,110,18305,1,Ahmedabad,37999
Honda CD 110 Dream,Honda,6,110,10533,1,Gurgaon,34500
Yamaha FZ 150cc,Yamaha,11,150,23850,1,Ghaziabad,25000
Yamaha YZF-R15 S 150cc,Yamaha,4,150,48000,1,Hyderabad,83000
Royal Enfield Classic 350cc,Royal Enfield,6,350,41000,1,Bangalore,90047
Bajaj Dominar 400,Bajaj,4,400,4000,1,Gurgaon,109999
Royal Enfield‎ Bullet 350cc,Royal Enfield,38,350,8000,3,Bangalore,120000
Royal Enfield Bullet Twinspark 500cc,Royal Enfield,8,500,15961,1,Gurgaon,76000
Hero Honda Splendor 100cc,Hero,10,100,42344,1,Delhi,17000
KTM Duke 250cc,KTM,3,250,3000,1,Srinagar,178200
Royal Enfield‎ Bullet 350cc,Royal Enfield,63,350,32000,2,Delhi,70000
Bajaj Pulsar RS200,Bajaj,6,200,18000,1,Bangalore,85000
Royal Enfield Thunderbird 350cc,Royal Enfield,5,350,16000,1,Delhi,120000
Royal Enfield Bullet 500cc,Royal Enfield,3,500,20472,1,Delhi,122000
Hero Karizma R 223cc,Hero,7,223,18223,1,Ahmedabad,30000
Suzuki Gixxer 150cc,Suzuki,6,150,8457,1,Ahmedabad,40000
Bajaj Pulsar NS200,Bajaj,9,200,62837,1,Gautam Buddha Nagar,39000
Royal Enfield Classic 500cc,Royal Enfield,5,500,15000,1,Ranip,130000
Suzuki Gixxer 150cc,Suzuki,6,150,57000,1,Kanpur,40000
Bajaj Pulsar 135LS,Bajaj,9,135,27420,1,Ghaziabad,20000
Kawasaki Ninja 650cc,Kawasaki,7,650,6000,1,Davanagere,299300
Kawasaki Versys 650cc,Kawasaki,3,650,6500,1,Mumbai,700000
Bajaj Pulsar 150cc,Bajaj,16,150,50000,1,Delhi,9500
Bajaj Pulsar 150cc,Bajaj,15,150,43000,1,Delhi,10414
Royal Enfield Classic 500cc,Royal Enfield,7,500,18000,1,Delhi,120000
Yamaha FZ 150cc,Yamaha,6,150,21500,1,Gurgaon,45500
Royal Enfield Classic 350cc,Royal Enfield,5,350,30000,1,Chennai,100000
Bajaj Platina 100cc,Bajaj,14,100,61000,1,Gurgaon,12000
Yamaha YZF-R15 2.0 150cc,Yamaha,9,150,26000,1,Bangalore,70000
Royal Enfield Bullet Electra 350cc,Royal Enfield,10,350,30000,1,Delhi,75000
Suzuki Gixxer 150cc SP Rear Disc,Suzuki,4,150,14000,1,Mumbai,60000
Hero CD Deluxe 100cc,Hero,9,100,16999,1,Faridabad,18000
Bajaj Platina 100cc,Bajaj,10,100,12090,1,Faridabad,17000
TVS Apache RTR 160cc,TVS,4,160,20712,1,Faridabad,50000
Royal Enfield Classic Desert Storm 500cc,Royal Enfield,6,500,24667,1,Bangalore,115000
Royal Enfield Classic Desert Storm 500cc,Royal Enfield,8,500,12800,1,Bangalore,110000
Honda CB Shine 125cc,Honda,3,125,15000,2,Mumbai,55000
Bajaj Pulsar RS200 ABS,Bajaj,5,200,18023,1,Ghaziabad,103700
Mahindra Mojo 300cc,Mahindra,5,300,35000,1,Pune,124900
KTM RC 200cc,KTM,4,200,15000,1,Jaipur,128000
Yamaha YZF-R15 150cc,Yamaha,4,150,10799,1,Delhi,85500
Honda CB Trigger 150cc,Honda,8,150,43561,1,Delhi,34500
Royal Enfield Standard 500cc,Royal Enfield,4,500,18056,1,Bangalore,120000
Bajaj Discover 125cc,Bajaj,14,125,44004,1,Mumbai,12000
Yamaha YZF-R15 2.0 150cc,Yamaha,9,150,49600,1,Pune,63098
Bajaj Discover 100cc,Bajaj,5,100,24870,1,Mumbai,20000
Bajaj Avenger Cruise 220,Bajaj,3,220,7098,1,Mumbai,80000
Royal Enfield‎ Bullet 350cc,Royal Enfield,24,350,70000,2,Delhi,70000
TVS Apache RTR 200 4V ABS,TVS,3,200,21620,1,Ahmedabad,75500
Hero Splendor Plus 100cc,Hero,9,100,38185,1,Faridabad,20000
Honda CBF Stunner 125cc,Honda,12,125,83742,1,Faridabad,17500
Bajaj Pulsar 220cc,Bajaj,5,220,31651,1,Faridabad,41000
Hero Splendor Pro 100cc,Hero,7,100,18754,1,Faridabad,25000
Hero Splendor Plus 100cc,Hero,3,100,18576,1,Faridabad,45000
Hero Splendor Plus 100cc,Hero,3,100,5120,1,Faridabad,51000
Hero Passion Pro 100cc,Hero,8,100,20757,1,Faridabad,20800
Hero Passion Pro 100cc,Hero,6,100,16754,1,Faridabad,24700
KTM Duke 390cc,KTM,5,390,15186,1,Mumbai,120000
Honda CB Shine 125cc,Honda,13,125,22700,1,Jaipur,19000
Bajaj Discover 125ST,Bajaj,7,125,34716,1,Mumbai,24000
TVS Apache RTR 200 4V Race Edition 2.0,TVS,3,200,13000,1,Kolkata,81000
Bajaj Avenger Street 220,Bajaj,5,220,841,1,Faridabad,45000
Royal Enfield Classic 350cc,Royal Enfield,4,350,8253,1,Bangalore,119000
Bajaj Pulsar 135LS,Bajaj,10,135,50000,1,Noida,22000
Yamaha Saluto RX 110cc,Yamaha,5,110,7200,1,Bangalore,38800
TVS Apache RTR 200 4V Race Edition 2.0,TVS,2,200,7157,1,Mumbai,106000
Honda CBR 250R,Honda,7,250,12000,1,Delhi,70000
Harley-Davidson Iron 883,Harley-Davidson,7,883,17000,2,Delhi,450000
Bajaj Dominar 400 ABS,Bajaj,3,400,10936,1,Bangalore,140000
Bajaj Dominar 400 ABS,Bajaj,3,400,6177,1,Bangalore,160000
MV Agusta Brutale 1090,MV,5,1090,1911,1,Bangalore,1350000
Triumph Street Triple 765,Triumph,4,765,13000,1,Pune,789000
Triumph Tiger 800 XCA,Triumph,4,800,25800,1,Hyderabad,1200000
Triumph Street Triple 765,Triumph,2,765,750,1,Rajkot,875000
Royal Enfield Thunderbird 350cc,Royal Enfield,6,350,10400,1,Delhi,100000
Yamaha YZF-R15 2.0 150cc,Yamaha,7,150,16500,1,Rajouri,61300
Bajaj Dominar 400,Bajaj,4,400,10164,1,Surat,94000
Bajaj Avenger Street 180,Bajaj,3,180,5500,1,Faridabad,70705
Hero Xtreme Sports Rear Disc 150cc,Hero,4,150,22300,1,Howrah,45000
Bajaj Discover 125M,Bajaj,6,125,12000,1,Delhi,35000
Hero CBZ Xtreme 150cc,Hero,9,150,60000,1,Visakhapatnam,25000
Royal Enfield Classic 350cc,Royal Enfield,9,350,17000,1,Indore,99900
Royal Enfield Classic Chrome 500cc,Royal Enfield,4,500,14000,1,Jaipur,160000
Yamaha FZs 150cc,Yamaha,12,150,12785,2,Noida,32000
Bajaj Pulsar NS160,Bajaj,4,160,23264,1,Ghaziabad,50000
Yamaha YZF-R15 2.0 150cc,Yamaha,8,150,60000,1,Bangalore,65000
Bajaj Discover 125ST,Bajaj,3,125,13146,1,Delhi,35000
Bajaj Pulsar AS150,Bajaj,5,150,20349,1,Lucknow,51000
TVS Apache RTR 200 4V ABS Race Edition,TVS,3,200,87735,1,Chennai,100000
Hero Passion Xpro 110cc,Hero,8,110,27020,1,Jaipur,23000
Hero Splendor Plus 100cc,Hero,12,100,20779,1,Gurgaon,18000
Hero Splendor Plus 100cc,Hero,5,100,22405,1,Gurgaon,32000
Bajaj Avenger Street 150,Bajaj,5,150,17477,1,Faridabad,41000
Yamaha Fazer 150cc,Yamaha,11,150,10589,1,Kolkata,33000
Royal Enfield Thunderbird 500cc,Royal Enfield,9,500,30453,1,Mumbai,70000
Bajaj Platina 100cc,Bajaj,7,100,17300,1,Gurgaon,23000
Royal Enfield Bullet Electra 350cc,Royal Enfield,12,350,10000,1,Hyderabad,70300
Royal Enfield Himalayan 410cc Fi,Royal Enfield,3,410,9500,1,Hyderabad,170000
Bajaj Platina 100cc,Bajaj,8,100,27161,1,Gurgaon,20800
Bajaj Pulsar RS200 ABS,Bajaj,4,200,5500,1,Udaipur,130000
Yamaha Fazer 150cc,Yamaha,7,150,13000,1,Gurgaon,39000
Royal Enfield Classic 500cc,Royal Enfield,7,500,13254,1,Delhi,95000
Royal Enfield Thunderbird 500cc,Royal Enfield,5,500,3136,1,Udaipur,158300
Royal Enfield Classic 350cc,Royal Enfield,7,350,12732,1,Nagpur,105800
Hero HF Deluxe Self 100cc,Hero,6,100,45000,1,Jodhpur,30000
Honda CBR 250R,Honda,7,250,35741,1,Hyderabad,80000
Bajaj Avenger Street 150,Bajaj,5,150,25400,1,Delhi,46000
Bajaj Avenger Street 150,Bajaj,5,150,23980,1,Delhi,47000
MV Agusta F3 800cc,MV,3,800,2000,1,Hubli,1500000
Bajaj V15 150cc,Bajaj,5,150,19896,1,Delhi,38000
Bajaj Avenger Street 150,Bajaj,5,150,33881,2,Delhi,45000
KTM RC 200cc,KTM,6,200,30000,1,Hyderabad,95000
Royal Enfield Bullet Electra 350cc,Royal Enfield,7,350,22000,1,Gurgaon,78500
Hero Glamour 125cc,Hero,8,125,59270,1,Delhi,24000
KTM RC 200cc,KTM,6,200,22300,1,Bangalore,103800
Bajaj Pulsar 180cc,Bajaj,8,180,16000,2,Navi Mumbai,36000
Yamaha FZ 150cc,Yamaha,11,150,25108,1,Jaipur,35000
Royal Enfield Classic 500cc,Royal Enfield,10,500,35000,2,Indore,84550
Royal Enfield Thunderbird 350cc,Royal Enfield,4,350,3537,1,Hyderabad,111467
Kawasaki Ninja 400,Kawasaki,2,400,190,1,Surat,300000
Yamaha FZ S V 2.0 150cc,Yamaha,6,150,21000,1,Delhi,49000
Yamaha FZ V 2.0 150cc,Yamaha,6,150,28000,2,Delhi,40000
Royal Enfield Bullet Electra 350cc,Royal Enfield,12,350,28000,1,Panchkula,70000
Bajaj Pulsar 150cc,Bajaj,10,150,10000,1,Ahmedabad,19786
Bajaj Pulsar 200 NS 200cc,Bajaj,7,200,43000,1,Chennai,53000
KTM RC 390cc,KTM,6,390,12006,1,Ahmedabad,130000
Yamaha YZF-R15 150cc,Yamaha,11,150,30583,1,Chandigarh,40000
Hero Splendor Pro 100cc,Hero,8,100,33333,1,Ahmedabad,30200
Kawasaki Ninja 300cc,Kawasaki,8,300,36102,1,Bangalore,200000
Royal Enfield Classic Stealth Black 500cc,Royal Enfield,3,500,16796,1,Thane,175000
TVS Star Sport 100cc,TVS,7,100,23000,1,Chennai,21000
TVS Sport 100cc,TVS,5,100,23522,1,Faridabad,24000
Royal Enfield Classic 350cc,Royal Enfield,5,350,12542,1,Kolkata,102000
Royal Enfield Thunderbird 350cc,Royal Enfield,3,350,13500,1,Jaipur,135000
Royal Enfield Himalayan 410cc,Royal Enfield,5,410,19600,2,Bangalore,150000
Royal Enfield Himalayan 410cc,Royal Enfield,5,410,7300,1,Bangalore,150000
Benelli TRK 502X,Benelli,2,502,7000,1,Mumbai,550000
Kawasaki Z900,Kawasaki,3,900,19300,1,Bangalore,830000
Royal Enfield Thunderbird 350cc,Royal Enfield,4,350,9876,1,Kolkata,110000
Royal Enfield Thunderbird 350cc,Royal Enfield,5,350,2000,1,Kolkata,109000
Royal Enfield Thunderbird 350cc,Royal Enfield,8,350,23000,1,Faridabad,63000
Hero Hunk 150cc,Hero,8,150,44200,1,Gurgaon,24500
Honda CBR 150R 150cc,Honda,7,150,25385,1,Mumbai,55000
Hero CD Deluxe 100cc,Hero,12,100,34904,1,Mumbai,12000
Bajaj Platina  Alloy ES-100cc,Bajaj,5,100,40929,1,Jaipur,24500
Benelli TNT 600i,Benelli,4,600,6400,1,Pune,580000
Bajaj Discover 100cc,Bajaj,11,100,13049,1,Noida,18000
Hero CBZ Xtreme 150cc,Hero,7,150,50000,2,Raipur,25000
Bajaj Avenger Street 150,Bajaj,5,150,24675,1,Bangalore,51000
Suzuki Gixxer 150cc,Suzuki,4,150,4583,1,Ghaziabad,49000
Honda CB Shine 125cc,Honda,4,125,51751,1,Delhi,30000
Yamaha YZF-R15 2.0 150cc,Yamaha,7,150,20265,1,Faridabad,55000
KTM RC 390cc,KTM,4,390,12280,1,Gurgaon,152500
Royal Enfield Continental GT 535cc,Royal Enfield,5,535,19000,1,Mumbai,139300
Hero CBZ Xtreme 150cc,Hero,9,150,21000,1,Bangalore,38000
Hero CBZ Xtreme 150cc,Hero,9,150,19864,2,Delhi,18000
Bajaj V15 150cc,Bajaj,3,150,8533,1,Delhi,47000
Yamaha YZF-R15 2.0 150cc,Yamaha,9,150,19500,1,Mumbai,58700
Bajaj Avenger Street 150,Bajaj,5,150,17500,1,Begusarai,43500
Bajaj Pulsar 200cc,Bajaj,9,200,46507,1,Pune,40000
Bajaj Pulsar 180cc,Bajaj,7,180,45000,1,Bangalore,45000
Bajaj Avenger 220cc,Bajaj,5,220,23000,1,Dehradun,65000
Honda CB Hornet 160R CBS,Honda,5,160,25533,1,Hyderabad,65000
Bajaj Pulsar NS200 ABS,Bajaj,4,200,13241,1,Ghaziabad,70000
KTM RC 390cc,KTM,6,390,24322,1,Ghaziabad,115000
Bajaj Pulsar 150cc,Bajaj,11,150,31477,1,Ahmedabad,23000
Bajaj Pulsar RS200 ABS,Bajaj,5,200,18992,1,Hyderabad,100000
Kawasaki Z650,Kawasaki,4,650,5989,1,Mumbai,500000
TVS Phoenix 125cc,TVS,8,125,20000,1,Alipore,22980
TVS Star City 110cc,TVS,6,110,20000,1,Alipore,28980
TVS Apache RTR 160cc,TVS,4,160,6668,1,Sonepat,75000
Royal Enfield Classic 350cc,Royal Enfield,4,350,7000,1,Ghaziabad,140000
Hero Hunk 150cc,Hero,11,150,8188,1,Noida,14000
Royal Enfield Classic Gunmetal Grey 350cc,Royal Enfield,3,350,12000,1,Delhi,135000
Hero Splendor Pro 100cc,Hero,7,100,16462,1,Ghaziabad,37000
Hero CBZ Xtreme 150cc,Hero,12,150,20000,1,Alipore,25989
Hero Passion Pro 100cc,Hero,9,100,26590,1,Delhi,24000
TVS Apache RTR 160cc Rear Disc,TVS,3,160,6539,1,Ghaziabad,56000
Hero Passion Pro 110cc Drum,Hero,2,110,1168,1,Delhi,56000
Royal Enfield Classic 350cc Dual Disc,Royal Enfield,3,350,3734,1,Faridabad,130000
KTM RC 390cc,KTM,5,390,37326,1,Mumbai,150000
KTM RC 390cc,KTM,7,390,51137,1,Pune,125000
Royal Enfield Classic 350cc,Royal Enfield,7,350,43740,4,Ghaziabad,90000
Royal Enfield Thunderbird 350cc,Royal Enfield,9,350,32182,2,Bangalore,95000
Yamaha FZ16 150cc,Yamaha,6,150,32119,1,Bangalore,45000
TVS Apache RTR 200 4V FI,TVS,4,200,9200,1,Adalaj,65000
Royal Enfield Bullet Electra Twinspark 350cc,Royal Enfield,6,350,23000,1,Delhi,118000
Yamaha FZ16 150cc,Yamaha,8,150,10000,1,Bangalore,55000
Bajaj Avenger Cruise 220,Bajaj,4,220,26359,1,Gautam Buddha Nagar,60000
Bajaj Avenger Street 160 ABS,Bajaj,2,160,3509,1,Delhi,80000
Suzuki Gixxer 150cc,Suzuki,4,150,43599,1,Mumbai,45900
TVS Apache RTR 180cc ABS,TVS,5,180,9707,1,Bangalore,70000
Royal Enfield Classic 350cc,Royal Enfield,7,350,60000,1,Bangalore,94900
Royal Enfield Classic 350cc,Royal Enfield,5,350,61129,1,Bangalore,90000
Hero HF Deluxe i3s iBS 100cc,Hero,3,100,10000,1,Jhansi,48800
TVS Victor 110cc Disc,TVS,3,110,6000,1,Surat,42985
TVS Apache RTR 200 4V FI,TVS,4,200,13637,1,Mumbai,72000
Yamaha YZF-R15 V3 150cc,Yamaha,3,150,11996,1,Gurgaon,103000
Royal Enfield Thunderbird 500cc,Royal Enfield,5,500,17000,1,Tiruvallur,118000
Royal Enfield Electra 350cc,Royal Enfield,2,350,10779,1,Ahmedabad,135000
Bajaj Avenger Cruise 220,Bajaj,4,220,5195,1,Bangalore,60000
Bajaj Avenger Cruise 220,Bajaj,4,220,2981,1,Bangalore,66000
Royal Enfield Himalayan 410cc,Royal Enfield,4,410,12000,1,Pune,150000
Bajaj Avenger Street 150,Bajaj,5,150,21587,1,Faridabad,40500
KTM RC 390cc,KTM,2,390,3900,2,Hyderabad,215900
Suzuki Intruder 150cc,Suzuki,3,150,8728,1,Delhi,55000
Royal Enfield Thunderbird 350cc,Royal Enfield,12,350,3622,2,Mumbai,51426
Hero Karizma R 223cc,Hero,7,223,50000,1,Durg,43198
KTM Duke 390cc,KTM,5,390,19000,1,Bangalore,150000
KTM Duke 390cc,KTM,5,390,8900,1,Bangalore,185000
KTM Duke 390cc,KTM,3,390,19000,1,Bangalore,214000
Royal Enfield Bullet Electra 350cc,Royal Enfield,18,350,60000,4,Delhi,35000
Hero Hunk 150cc,Hero,8,150,12000,1,Bhopal,35000
Honda CB Unicorn 150cc,Honda,9,150,9213,1,Gurgaon,18000
Royal Enfield Standard 350cc,Royal Enfield,7,350,43678,1,Delhi,75000
Royal Enfield Bullet 350cc,Royal Enfield,4,350,18000,1,Bankura,100000
Suzuki Gixxer SF 150cc Special MOTOGP Edition Rear Disc,Suzuki,4,150,15500,2,Bangalore,58500
Hero Passion Pro 110cc Drum,Hero,3,110,23000,1,Mumbai,48000
Honda CB Unicorn Dazzler 150cc,Honda,10,150,51700,1,Kanchipuram,16000
Hero Passion Pro i3S Alloy 100cc,Hero,3,100,10000,1,Mumbai,46000
Bajaj Platina 100cc,Bajaj,11,100,67945,1,Delhi,15000
Honda CB Twister 110cc,Honda,11,110,36000,3,Lucknow,27000
Royal Enfield Electra 350cc,Royal Enfield,17,350,65000,1,Saharanpur,50000
TVS Sport 100cc,TVS,2,100,6222,1,Faridabad,46000
Suzuki Gixxer SF 150cc,Suzuki,6,150,59835,1,Mumbai,35000
Hero Splendor 100cc,Hero,5,100,2820,1,Delhi,32000
Royal Enfield Himalayan 410cc,Royal Enfield,5,410,1500,1,Lucknow,153300
Honda CB Shine 125cc,Honda,10,125,10835,1,Delhi,22000
Bajaj Discover 150cc,Bajaj,10,150,92000,1,Delhi,17500
Bajaj V15 150cc,Bajaj,5,150,26476,1,Ghaziabad,34500
Harley-Davidson Fat Bob 107 Ci,Harley-Davidson,4,107,24000,1,Delhi,1100000
Royal Enfield Thunderbird 350cc,Royal Enfield,6,350,27500,1,Surat,87000
Bajaj Pulsar 135LS,Bajaj,11,135,41000,2,Bangalore,22999
Bajaj Pulsar 200 NS 200cc,Bajaj,7,200,20000,1,Hyderabad,54000
Hero Splendor iSmart 100cc,Hero,6,100,21062,1,Jaipur,30000
Bajaj Discover 100cc,Bajaj,7,100,27212,1,Pune,28000
Bajaj Dominar 400 ABS,Bajaj,4,400,1600,1,Kolkata,164200
Hero Karizma 223cc,Hero,16,223,52000,2,Vadodara,13700
Hero CBZ 150cc,Hero,9,150,25536,1,Ghaziabad,22000
Suzuki Gixxer 150cc,Suzuki,6,150,23765,1,Faridabad,38000
Bajaj Pulsar 180cc,Bajaj,11,180,43500,1,Pune,40000
Harley-Davidson Street 750,Harley-Davidson,5,750,10741,1,Pune,445600
Bajaj Dominar 400 ABS,Bajaj,3,400,21900,1,Bangalore,135000
Bajaj Platina  Alloy ES-100cc,Bajaj,5,100,4000,1,Ludhiana,34200
KTM Duke 390cc,KTM,5,390,9382,1,Pune,180000
Bajaj Avenger 220cc,Bajaj,8,220,17529,1,Delhi,32000
Bajaj Pulsar 180cc,Bajaj,14,180,39637,1,Delhi,15000
Royal Enfield Thunderbird 500cc,Royal Enfield,6,500,12184,1,Gurgaon,97000
Bajaj Avenger Cruise 220,Bajaj,5,220,40700,1,Chennai,50900
Bajaj Pulsar 150cc,Bajaj,5,150,29250,1,Ahmedabad,52500
Bajaj Platina 100cc,Bajaj,8,100,14252,1,Ghaziabad,30000
Yamaha FZ S V 2.0 150cc,Yamaha,4,150,25961,1,Pune,61000
Bajaj Pulsar NS160,Bajaj,3,160,15000,1,Indore,69500
Hero Splendor 100cc,Hero,17,100,69000,2,Surat,9000
Bajaj Pulsar RS200,Bajaj,3,200,390,1,Bangalore,106000
Bajaj Pulsar 150cc,Bajaj,7,150,40588,1,Ahmedabad,35000
Yamaha YZF-R15 V3 150cc,Yamaha,3,150,8117,1,Ahmedabad,110000
TVS Apache RTR 200 4V FI,TVS,4,200,8800,3,Sonepat,65000
TVS Apache RTR 160 4V Disc,TVS,3,160,19000,1,Delhi,75000
Bajaj Pulsar AS150,Bajaj,6,150,25000,1,Delhi,44000
Royal Enfield Classic 350cc,Royal Enfield,10,350,20513,1,Noida,80800
Yamaha YZF-R15 2.0 150cc,Yamaha,8,150,28864,3,Faridabad,55000
Hero HF Deluxe 100cc,Hero,5,100,21000,2,Jhansi,33200
Royal Enfield Classic 350cc Dual Disc,Royal Enfield,3,350,8800,1,Mumbai,150000
Royal Enfield Bullet Electra 350cc,Royal Enfield,4,350,22000,1,Mumbai,110000
Bajaj Avenger 220cc,Bajaj,8,220,26110,1,Bangalore,34000
Honda CB Hornet 160R CBS,Honda,3,160,24063,1,Mumbai,67000
Royal Enfield Classic 350cc,Royal Enfield,6,350,3467,1,Jaipur,132000
Honda CBR 250R ABS,Honda,8,250,25708,1,Ahmedabad,65000
TVS Apache RTR 160cc,TVS,10,160,50000,1,Pune,25700
Royal Enfield Thunderbird 350cc,Royal Enfield,3,350,3500,1,Dehradun,130000
Royal Enfield Bullet Electra Twinspark 350cc,Royal Enfield,6,350,13431,1,Pune,99000
Bajaj Platina 125cc,Bajaj,13,125,10000,1,Mumbai,13000
Hero Splendor Plus Kick Alloy 100cc,Hero,4,100,11211,1,Delhi,35000
Royal Enfield Bullet 350cc,Royal Enfield,11,350,27813,1,Faridabad,62000
KTM RC 390cc,KTM,7,390,61000,1,Trivandrum,130000
Bajaj Pulsar 200 NS 200cc,Bajaj,7,200,7230,1,Delhi,44000
Bajaj Pulsar NS200,Bajaj,9,200,80402,1,Delhi,40000
Yamaha YZF-R15 150cc,Yamaha,9,150,21734,1,Jaipur,62000
Royal Enfield Classic 350cc,Royal Enfield,3,350,12800,1,Gurgaon,125000
KTM RC 200cc,KTM,3,200,7123,1,Lucknow,170200
Suzuki Gixxer SF Fi 150cc,Suzuki,5,150,21000,1,Mumbai,69600
Royal Enfield Bullet Twinspark 350cc,Royal Enfield,7,350,17000,1,Trivandrum,90000
Bajaj Avenger Street 220,Bajaj,6,220,20094,1,Bangalore,64000
Royal Enfield Himalayan 410cc,Royal Enfield,3,410,1200,1,Varanasi,150900
TVS Apache RTR 160cc,TVS,14,160,85086,1,Gurgaon,15000
Honda CB Unicorn 150cc,Honda,15,150,67503,3,Mumbai,25000
Yamaha Fazer 150cc,Yamaha,7,150,20199,1,Ghaziabad,36000
Honda CB Hornet 160R STD,Honda,5,160,30000,1,Hyderabad,70000
Yamaha FZs 150cc,Yamaha,7,150,28176,1,Hyderabad,46000
Hero Passion Pro TR 100cc,Hero,6,100,46448,1,Ghaziabad,35000
Bajaj Platina 100cc ComforTec Alloy,Bajaj,4,100,20273,1,Pune,39000
Bajaj Avenger Street 220,Bajaj,4,220,6457,1,Pune,60000
Bajaj XCD 125,Bajaj,12,125,25000,1,Delhi,16000
TVS Apache RTR 180cc ABS,TVS,4,180,29800,1,Delhi,53000
Bajaj Pulsar RS200 ABS,Bajaj,6,200,16000,1,Mumbai,75000
KTM Duke 390cc,KTM,5,390,32267,1,Pune,150000
Honda CBF Stunner 125cc,Honda,13,125,70347,1,Gautam Buddha Nagar,15000
Royal Enfield Classic 350cc,Royal Enfield,5,350,2876,1,Pune,120000
Bajaj Pulsar RS200,Bajaj,6,200,10000,1,Lucknow,78500
TVS Apache RTR 160cc,TVS,4,160,20000,2,Mehsana,49500
TVS Apache RR310,TVS,3,310,8000,1,Thane,189400
Royal Enfield Thunderbird 500cc,Royal Enfield,3,500,301,1,Udaipur,154000
Hero Achiever 150cc,Hero,7,150,25000,1,Kolkata,35800
Royal Enfield Thunderbird 500cc,Royal Enfield,6,500,9494,1,Pune,121000
Bajaj Pulsar 220cc,Bajaj,8,220,6000,1,Jalandhar,49000
Yamaha YZF-R15 2.0 150cc,Yamaha,6,150,43241,1,Ghaziabad,70000
Yamaha FZ S V 2.0 150cc,Yamaha,4,150,14391,2,Jaipur,65000
Bajaj Pulsar RS200 ABS,Bajaj,5,200,12000,1,Pune,118000
TVS Apache RTR 200 4V Carburetor,TVS,4,200,8500,1,Goregaon,75000
Yamaha Fazer FI 150cc,Yamaha,7,150,36000,1,Bangalore,45612
Yamaha Fazer 150cc,Yamaha,8,150,21000,2,Delhi,30500
Royal Enfield Classic 500cc,Royal Enfield,7,500,48898,1,Pune,80000
Royal Enfield Thunderbird 500cc,Royal Enfield,5,500,19200,2,Gurgaon,130000
Bajaj Pulsar 135LS,Bajaj,10,135,45000,1,Jabalpur,22000
KTM RC 390cc,KTM,3,390,7000,1,Nashik,170000
Royal Enfield Classic 350cc,Royal Enfield,7,350,29850,1,Bangalore,80000
Yamaha YZF-R15 150cc,Yamaha,5,150,26925,1,Faridabad,65000
Honda CB Shine 125cc,Honda,9,125,28090,1,Gurgaon,20000
Honda Livo 110cc,Honda,1,110,74,1,Delhi,60000
Bajaj V15 150cc,Bajaj,5,150,59217,1,Delhi,30000
Bajaj Avenger 220cc,Bajaj,6,220,7000,1,Pune,52000
Honda CBF Stunner 125cc,Honda,11,125,54246,2,Gurgaon,15000
Bajaj Pulsar 150cc,Bajaj,13,150,42083,1,Gurgaon,12000
Honda Livo Disc 110cc CBS,Honda,2,110,2505,1,Gurgaon,53000
Honda Livo Disc 110cc CBS,Honda,2,110,2505,1,Gurgaon,55000
Hero Splendor Pro 100cc,Hero,10,100,32162,2,Gurgaon,25000
Royal Enfield Thunderbird 350cc,Royal Enfield,7,350,25000,1,Bally,70000
Royal Enfield Classic 500cc,Royal Enfield,6,500,34000,1,Kurnool,120000
Honda Livo 110cc,Honda,4,110,10000,1,Mumbai,45000
Honda Livo 110cc,Honda,3,110,8000,1,Mumbai,65000
Bajaj Avenger 220cc,Bajaj,7,220,46000,1,Delhi,49990
Yamaha FZs 150cc,Yamaha,7,150,70000,2,Delhi,30000
Royal Enfield Himalayan 410cc,Royal Enfield,5,410,14000,1,Bangalore,146000
Royal Enfield Classic Gunmetal Grey 350cc,Royal Enfield,3,350,6600,1,Jalandhar,149000
Hero CD Deluxe 100cc,Hero,8,100,17122,1,Faridabad,23000
Bajaj Discover 150cc,Bajaj,8,150,17540,1,Faridabad,24000
Hero Splendor Plus 100cc,Hero,7,100,21990,1,Faridabad,24000
Hero HF Deluxe 100cc,Hero,8,100,15451,1,Faridabad,24000
Hero HF Deluxe 100cc,Hero,6,100,17980,1,Faridabad,24000
Hero HF Deluxe 100cc,Hero,7,100,14244,1,Faridabad,24000
Yamaha SZR 150cc,Yamaha,9,150,21007,1,Faridabad,14000
Hero Splendor Plus 100cc,Hero,6,100,11332,1,Faridabad,25000
Hero Splendor Plus 100cc,Hero,6,100,10721,1,Faridabad,25000
Hero Passion Pro 100cc,Hero,7,100,3192,1,Faridabad,25000
Hero HF Deluxe 100cc,Hero,6,100,30489,1,Faridabad,26000
Royal Enfield Standard 350cc,Royal Enfield,6,350,21000,1,Gautam Buddha Nagar,87000
TVS Apache RR310,TVS,3,310,2503,1,Bangalore,195200
Honda CB Shine 125cc,Honda,5,125,17000,1,Roorkee,45000
Bajaj Pulsar 150cc,Bajaj,11,150,80828,1,Bangalore,19000
Bajaj Avenger Street 220,Bajaj,3,220,6135,1,Pune,70000
Bajaj CT 100 ES Alloy,Bajaj,2,100,4877,1,Faridabad,38500
Bajaj V15 150cc,Bajaj,5,150,35466,1,Gurgaon,32000
Royal Enfield Bullet Electra 350cc,Royal Enfield,6,350,16135,1,Gurgaon,75000
Hero Passion Pro 100cc,Hero,5,100,16217,1,Faridabad,30000
Bajaj Pulsar 150cc,Bajaj,3,150,14788,1,Faridabad,46000
Hero Hunk 150cc,Hero,10,150,31214,1,Gurgaon,17000
Bajaj Avenger Street 150,Bajaj,5,150,16298,1,Bangalore,80000
Honda CBF Stunner 125cc,Honda,8,125,28619,1,Gurgaon,29000
KTM RC 390cc,KTM,6,390,38000,1,Bangalore,120000
Yamaha YZF-R15 2.0 150cc,Yamaha,5,150,23085,1,Delhi,75000
Royal Enfield Standard 500cc,Royal Enfield,6,500,26098,1,Gurgaon,100000
Royal Enfield Bullet Electra 350cc,Royal Enfield,9,350,41000,1,Delhi,75000
Yamaha YBR 110cc,Yamaha,8,110,22457,1,Faridabad,16500
Bajaj Dominar 400 ABS,Bajaj,4,400,10805,1,Bangalore,148000
Royal Enfield Thunderbird 350cc,Royal Enfield,4,350,96046,1,Rajkot,130000
Royal Enfield Classic 350cc,Royal Enfield,11,350,29716,1,Delhi,75000
TVS Apache RTR 160cc,TVS,11,160,32500,2,Vellore,23000
Bajaj Dominar 400 ABS,Bajaj,4,400,38813,1,Mumbai,115000
Yamaha YZF-R15 2.0 150cc,Yamaha,7,150,38057,1,Delhi,65000
TVS Apache RTR 160cc,TVS,5,160,26528,3,Delhi,41000
KTM RC 200cc,KTM,3,200,6078,1,Ghaziabad,175000
KTM RC 390cc,KTM,6,390,8000,1,Delhi,162000
Royal Enfield Classic 350cc-Redditch Edition,Royal Enfield,2,350,1608,1,Mumbai,133500
TVS Apache RTR 180cc ABS,TVS,4,180,21963,1,Coimbatore,67000
Royal Enfield Classic Squadron Blue 500cc,Royal Enfield,4,500,3004,1,Hyderabad,185000
Royal Enfield Bullet Electra 350cc,Royal Enfield,10,350,38430,1,Delhi,80000
Royal Enfield Bullet Electra 350cc,Royal Enfield,8,350,35678,1,Bangalore,83000
Bajaj Avenger 220cc,Bajaj,10,220,37469,1,Faridabad,26000
Bajaj V15 150cc,Bajaj,4,150,14107,1,Ahmedabad,44000
Hero Xtreme 150cc,Hero,8,150,50000,1,Bardhaman,35000
Yamaha Gladiator 125cc,Yamaha,8,125,55000,1,Jaipur,21000
Bajaj Pulsar 220cc,Bajaj,12,220,14500,1,Ernakulam,24000
TVS Apache RTR 180cc,TVS,5,180,25943,1,Faridabad,41000
Hero Honda Splendor Plus 100cc,Hero,10,100,19492,1,Faridabad,18500
TVS Apache RTR 180cc,TVS,6,180,21578,1,Faridabad,36000
Mahindra Centuro 110cc,Mahindra,7,110,21587,1,Faridabad,17800
Yamaha Saluto 125cc,Yamaha,5,125,15775,1,Faridabad,25000
Yamaha YZF-R15 V3 150cc,Yamaha,2,150,9500,1,Pune,145000
TVS Apache RTR 160cc White Race Edition,TVS,3,160,9999,1,Delhi,63000
TVS Apache RTR 180cc,TVS,2,180,207102,1,Jaipur,70000
Honda CB Unicorn 150cc,Honda,11,150,29825,2,Tiruvallur,10000
Honda CB Hornet 160R Special Edition STD,Honda,4,160,12600,1,Kachchh,52000
Hero Splendor Plus 100cc,Hero,11,100,35550,1,Gurgaon,18000
Yamaha Saluto 125cc,Yamaha,6,125,19720,1,Faridabad,23500
Royal Enfield Thunderbird 350cc,Royal Enfield,5,350,19339,1,Thane,103000
Royal Enfield Classic Squadron Blue 500cc,Royal Enfield,5,500,22000,1,Delhi,135000
Bajaj Pulsar RS200,Bajaj,6,200,17300,1,Bangalore,89300
Suzuki Gixxer 150cc,Suzuki,6,150,6500,1,Virar,43800
TVS Sport 100cc,TVS,6,100,10649,1,Faridabad,20000
Royal Enfield Thunderbird 350cc,Royal Enfield,6,350,20241,1,Pune,95000
KTM Duke 390cc,KTM,5,390,23500,1,Bangalore,175000
Royal Enfield Thunderbird X 350cc,Royal Enfield,3,350,27356,1,Bangalore,150000
Suzuki Gixxer 150cc,Suzuki,5,150,40000,1,Ghaziabad,38700
Honda CB Twister 110cc,Honda,8,110,31000,1,Nagaur,18000
Royal Enfield Thunderbird 350cc,Royal Enfield,5,350,1543,1,Jaipur,105000
Bajaj Avenger 220cc,Bajaj,7,220,33807,2,Bangalore,43000
TVS Apache RTR 180cc,TVS,5,180,23481,1,Faridabad,45000
Ducati Monster 797,Ducati,2,797,7224,1,Pune,836000
Hyosung GT650R,Hyosung,4,650,2500,2,Delhi,446200
Royal Enfield Thunderbird 350cc,Royal Enfield,11,350,4779,1,Jaipur,55000
TVS Apache RTR 180cc ABS,TVS,3,180,6300,1,Delhi,74200
Bajaj Pulsar 150cc,Bajaj,2,150,10121,1,Faridabad,60000
Bajaj Discover 100M,Bajaj,7,100,19075,1,Bangalore,21666
Bajaj Pulsar 150cc,Bajaj,13,150,86845,1,Chandigarh,22000
Yamaha Fazer 150cc,Yamaha,10,150,33000,1,Pune,45000
Bajaj Avenger 220cc,Bajaj,9,220,27000,1,Pune,45000
Royal Enfield Thunderbird 350cc,Royal Enfield,7,350,25000,1,Delhi,90000
Yamaha YZF-R15 150cc,Yamaha,8,150,12668,1,Gurgaon,51000
Bajaj CT 100 Alloy,Bajaj,4,100,11131,1,Faridabad,28000
Bajaj Platina  Alloy ES-100cc,Bajaj,5,100,14267,1,Faridabad,31500
Hero Passion Pro 100cc,Hero,10,100,67731,1,Delhi,16500
Suzuki Gixxer SF 150cc,Suzuki,3,150,12266,1,Delhi,70000
Hero Splendor Plus 100cc,Hero,9,100,28870,1,Faridabad,23000
Hero HF Deluxe 100cc,Hero,5,100,18643,1,Faridabad,33000
Hero CD Deluxe 100cc,Hero,8,100,22844,1,Jaipur,32000
Bajaj Pulsar 220cc,Bajaj,11,220,34304,1,Faridabad,20000
Honda CB Shine 125cc,Honda,6,125,21822,1,Jaipur,38000
Hero Splendor Plus 100cc,Hero,9,100,19774,1,Faridabad,21000
Bajaj CT 100 100cc,Bajaj,3,100,22115,1,Faridabad,27000
Hero HF Deluxe 100cc,Hero,9,100,17210,1,Faridabad,21000
Hero Splendor Plus 100cc,Hero,8,100,16057,1,Faridabad,21000
Hero HF Deluxe Eco 100cc,Hero,3,100,18303,1,Faridabad,35000
Honda CB Trigger 150cc,Honda,5,150,14244,1,Gurgaon,33000
TVS Apache RTR 160cc,TVS,5,160,15880,3,Delhi,41000
TVS Apache RTR 160 4V Disc,TVS,3,160,10906,2,Ghaziabad,65000
Bajaj Pulsar 220F,Bajaj,3,220,23885,1,Ahmedabad,76000
Hero HF Deluxe 100cc,Hero,6,100,20000,1,Jaipur,38000
Hero Splendor Plus 100cc,Hero,11,100,35778,1,Faridabad,18000
Hero HF Deluxe Eco 100cc,Hero,2,100,11309,1,Faridabad,46000
Honda Livo 110cc,Honda,4,110,23060,1,Gurgaon,32000
Royal Enfield Bullet 350cc,Royal Enfield,14,350,52904,1,Gurgaon,48000
Bajaj Pulsar NS200,Bajaj,8,200,21890,1,Bahadurgarh,53500
Honda CB Shine 125cc Disc,Honda,9,125,51000,1,Pune,30000
Bajaj Avenger Street 150,Bajaj,5,150,24580,1,Gurgaon,47000
Yamaha SS 125 125cc,Yamaha,7,125,25794,1,Faridabad,19000
Hero Karizma ZMR 223cc,Hero,7,223,52000,2,Chennai,42000
TVS Apache RTR 160cc,TVS,7,160,20000,1,Alipore,41900
Hero CD Deluxe 100cc,Hero,4,100,12000,1,Delhi,33000
Hero Karizma R 223cc,Hero,11,223,25000,1,Bangalore,23400
KTM Duke 200cc,KTM,9,200,35000,2,Nagpur,67500
Bajaj Avenger Cruise 220,Bajaj,5,220,9900,1,Delhi,70000
Bajaj Avenger 220cc,Bajaj,5,220,12000,1,Delhi,60000
Hyosung GT650R,Hyosung,8,650,210,1,Anekal,170000
Honda CBF Stunner 125cc,Honda,9,125,43000,2,Agra,14500
Yamaha FZs 150cc,Yamaha,7,150,29800,1,Hyderabad,50000
Royal Enfield Thunderbird 350cc,Royal Enfield,6,350,26000,1,Navi Mumbai,89700
Royal Enfield Thunderbird 350cc,Royal Enfield,7,350,26000,2,Mumbai,80600
Royal Enfield Thunderbird 350cc,Royal Enfield,6,350,8979,1,Navi Mumbai,97942
Yamaha FZ 150cc,Yamaha,10,150,46006,2,Bangalore,27000
Bajaj Pulsar 180cc,Bajaj,12,180,28000,1,Hissar,25000
Bajaj Pulsar 200 NS 200cc,Bajaj,7,200,57000,1,Ahmedabad,42200
Royal Enfield Classic 350cc,Royal Enfield,6,350,13452,1,Kolkata,95000
Honda CB Trigger 150cc,Honda,6,150,75838,1,Pune,34850
Bajaj Avenger Street 150,Bajaj,5,150,60055,1,Pune,34918
Yamaha FZ16 150cc,Yamaha,5,150,15500,1,Chennai,60000
Hyosung Aquila Pro GV650,Hyosung,7,650,12000,1,Bhubaneshwar,273200
Harley-Davidson Street 750,Harley-Davidson,7,750,21000,2,Gurgaon,350000
Bajaj Dominar 400 ABS,Bajaj,3,400,8298,1,Bangalore,160000
Hero Splendor iSmart 100cc,Hero,6,100,26000,1,Ahmedabad,27333
Bajaj Pulsar 150cc,Bajaj,5,150,37000,1,Bangalore,46000
Ideal Jawa Yezdi CL-II 250 cc,Ideal,41,250,80000,2,Thiruvananthapuram,100000
Hero CD Dawn 100cc,Hero,10,100,65000,1,Adalaj,11000
Yamaha FZ S V 2.0 150cc,Yamaha,5,150,44000,1,Delhi,40000
Yamaha FZs 150cc,Yamaha,5,150,6168,1,Faridabad,41000
Yamaha FZs 150cc,Yamaha,6,150,40828,1,Gurgaon,32000
Yamaha FZs 150cc,Yamaha,6,150,13007,2,Delhi,33000
Bajaj Platina  Alloy ES-100cc,Bajaj,7,100,28000,1,Delhi,24000
Harley-Davidson Street 750,Harley-Davidson,7,750,13900,2,Pune,340000
Hero Splendor Pro Classic 100cc,Hero,6,100,7005,1,Ahmedabad,39000
Yamaha YZF-R3 320cc,Yamaha,5,320,45000,1,Bangalore,250000
Yamaha YZF-R3 320cc,Yamaha,4,320,19100,1,Gorakhpur,254581
Yamaha FZs 150cc,Yamaha,7,150,37000,1,Delhi,40000
TVS Star City 110cc,TVS,12,110,35000,1,Indore,14500
Hero Passion Pro 100cc,Hero,8,100,50000,1,Indore,20000
Suzuki Hayabusa 1300cc,Suzuki,6,1300,9875,1,Delhi,1149000
Bajaj Avenger Street 150,Bajaj,6,150,9600,1,Mumbai,44300
Bajaj Discover 135cc,Bajaj,13,135,36301,1,Jodhpur,23000
Hero Xtreme 150cc,Hero,7,150,12653,1,Jaipur,29000
Royal Enfield Classic 350cc,Royal Enfield,5,350,5400,1,Visakhapatnam,139300
Bajaj Pulsar 150cc,Bajaj,16,150,53700,2,Bangalore,12500
Bajaj Discover 150cc,Bajaj,11,150,34997,1,Mumbai,15000
Bajaj Avenger Street 150,Bajaj,5,150,8200,1,Thane,55000
Royal Enfield Classic 500cc,Royal Enfield,7,500,8821,1,Kolkata,109999
Bajaj Avenger Street 150,Bajaj,4,150,13551,1,Ahmedabad,52000
Royal Enfield Classic 350cc,Royal Enfield,4,350,7292,1,Patna,125000
Bajaj Pulsar 220cc,Bajaj,13,220,43750,2,Delhi,20000
Bajaj Pulsar 135LS,Bajaj,8,135,41999,1,Delhi,19000
Bajaj Discover 125M,Bajaj,7,125,35609,1,Noida,12000
Royal Enfield Classic Stealth Black 500cc,Royal Enfield,3,500,18140,1,Pune,170000
Honda CB Hornet 160R Special Edition-CBS,Honda,3,160,8152,1,Pune,70500
Honda CB Twister 110cc,Honda,10,110,48763,1,Ghaziabad,13500
Bajaj Discover 125cc,Bajaj,9,125,28954,1,Ghaziabad,13000
Hero Super Splendor 125cc,Hero,6,125,41153,1,Ghaziabad,27000
TVS Apache RTR 160cc Rear Disc,TVS,3,160,7024,1,Gurgaon,65000
Yamaha FZ Fi Version 2.0 150cc,Yamaha,5,150,2100,1,Bangalore,80000
KTM Duke 390cc,KTM,4,390,1100,1,Delhi,235000
Honda CB Unicorn 160 STD,Honda,3,160,10000,1,Mumbai,67500
Bajaj Pulsar NS200,Bajaj,8,200,44696,2,Mumbai,42273
Yamaha FZs 150cc,Yamaha,9,150,13574,1,Raipur,35800
Suzuki Gixxer 150cc,Suzuki,6,150,43399,2,Mumbai,35000
Hero Splendor Pro 100cc,Hero,9,100,18000,1,Delhi,26000
Harley-Davidson Street Rod XG750A ABS,Harley-Davidson,4,750,6000,1,Delhi,525000
Hyosung GT250R,Hyosung,7,250,19000,1,Delhi,145000
Benelli TNT 300,Benelli,5,300,11000,1,Mumbai,195000
Benelli TNT 300,Benelli,5,300,11400,1,Mumbai,250000
Bajaj Discover 125cc,Bajaj,7,125,27000,1,Delhi,26000
Bajaj  Pulsar 180cc,Bajaj,13,180,28881,1,Mansa,13000
Yamaha FZ V 2.0 150cc,Yamaha,4,150,8000,1,Mumbai,50600
Honda CBR 250R,Honda,7,250,20500,1,Ahmedabad,75000
Bajaj CT 100 100cc,Bajaj,6,100,42852,1,Delhi,17500
Honda CB Unicorn 150cc,Honda,3,150,21952,1,Bangalore,59000
Yamaha Fazer 150cc,Yamaha,7,150,8000,1,Delhi,38000
Bajaj Dominar 400 ABS,Bajaj,3,400,1038,1,Hyderabad,138000
Bajaj Pulsar 150cc,Bajaj,5,150,5900,1,Ambala,33000
Yamaha YZF-R15 V3 150cc,Yamaha,3,150,5500,1,Hyderabad,110000
Yamaha FZ S V 2.0 150cc,Yamaha,7,150,42966,1,Bangalore,40000
Honda CB Shine 125cc,Honda,9,125,47000,1,Hyderabad,30000
Honda CBR 250R,Honda,9,250,30900,2,Pune,80000
Honda CBR 250R ABS,Honda,10,250,44811,1,Pune,50000
Yamaha FZs 150cc,Yamaha,7,150,34900,1,Hyderabad,45000
Benelli TNT 300,Benelli,5,300,15000,1,Chennai,200000
Hero CD Dawn 100cc,Hero,11,100,80000,1,Amravati,15000
Yamaha FZs 150cc,Yamaha,4,150,13959,1,Ahmedabad,49000
TVS Apache RTR 160cc,TVS,5,160,19400,1,Delhi,55000
Bajaj Pulsar 200 NS 200cc,Bajaj,7,200,33247,1,Jodhpur,45000
Royal Enfield Thunderbird 350cc,Royal Enfield,5,350,7530,1,Mumbai,125000
Bajaj Platina 100cc,Bajaj,12,100,65536,1,Gurgaon,12000
Bajaj Platina 100cc,Bajaj,14,100,26542,1,Ahmedabad,21500
Royal Enfield Classic 350cc,Royal Enfield,4,350,45000,1,Hyderabad,120000
Honda CB Shine 125cc,Honda,4,125,22500,1,Mumbai,48000
Bajaj Pulsar 220cc,Bajaj,9,220,51106,1,Mumbai,29000
Honda CBF Stunner 125cc,Honda,8,125,48000,2,Delhi,15000
KTM Duke 250cc,KTM,4,250,3500,1,Delhi,170000
KTM Duke 250cc,KTM,4,250,12500,1,Jaipur,150000
Bajaj Discover 125ST,Bajaj,8,125,42,1,Kolkata,37000
Hero CD Deluxe 100cc,Hero,8,100,16900,1,Kolkata,30000
Hero Passion Pro 100cc,Hero,5,100,8962,1,Kolkata,38000
Yamaha Fazer 150cc,Yamaha,9,150,34000,1,Tiruchirappalli,45000
Hero CBZ Star 160cc,Hero,16,160,15000,1,Kolkata,15000
Honda CB Unicorn 160,Honda,6,160,22000,1,Nanded,51000
Bajaj Discover 125cc,Bajaj,9,125,39000,1,Mumbai,23490
Hero Ignitor 125cc,Hero,7,125,10009,1,Mumbai,23000
Royal Enfield Electra 350cc,Royal Enfield,4,350,6200,1,Dharamasala,106000
Honda CB Unicorn 150cc,Honda,15,150,53254,1,Delhi,11000
Royal Enfield Thunderbird 350cc,Royal Enfield,5,350,14934,1,Delhi,74500
Kawasaki Ninja 650cc,Kawasaki,5,650,16000,1,Pune,333333
Honda CB Shine 125cc,Honda,9,125,59516,1,Gurgaon,20000
Bajaj Discover 100cc,Bajaj,8,100,45000,1,Chhindwara,26799
Royal Enfield Classic Gunmetal Grey 350cc,Royal Enfield,3,350,11689,1,Pune,160000
Hero Splendor Plus 100cc,Hero,6,100,20375,1,Faridabad,24000
Hero Ignitor Disc 125cc,Hero,6,125,18000,1,Ghaziabad,23000
Ducati Monster 797,Ducati,4,797,5034,1,Delhi,655000
Ducati Monster 796 Corse Stripe,Ducati,9,796,31000,1,Bangalore,380000
Hero Karizma ZMR 223cc,Hero,7,223,33500,2,Bangalore,34154
Royal Enfield Continental GT 535cc,Royal Enfield,6,535,21000,2,Bhopal,125000
Bajaj Pulsar NS200 ABS,Bajaj,2,200,7684,1,Bangalore,105000
TVS Apache RTR 180cc ABS,TVS,3,180,26454,1,Jaipur,65000
KTM Duke 200cc,KTM,4,200,12888,1,Hyderabad,127600
Honda Livo 110cc,Honda,5,110,10909,1,Faridabad,32000
Bajaj Pulsar 150cc,Bajaj,13,150,1223,1,Delhi,10000
Ducati Panigale 959,Ducati,3,959,289,1,Delhi,1070500
KTM Duke 200cc,KTM,8,200,10000,1,Hyderabad,72500
BMW G 310 R,BMW,3,310,11000,1,Bangalore,260000
Yamaha SZR 150cc,Yamaha,7,150,80000,1,Mumbai,22500
Yamaha FZ16 150cc,Yamaha,10,150,13382,2,Mumbai,25000
KTM Duke 250cc,KTM,3,250,3822,1,Hyderabad,170000
Yamaha FZs 150cc,Yamaha,9,150,22917,1,Mumbai,25000
Yamaha FZs 150cc,Yamaha,9,150,37000,1,Mumbai,26000
Yamaha SZS 150cc,Yamaha,5,150,566931,1,Mumbai,28000
KTM RC 390cc,KTM,5,390,5550,1,Kolkata,134700
Kawasaki Ninja 650 KRT Edition,Kawasaki,4,650,4800,2,Gurgaon,425000
Honda CB Unicorn 160,Honda,6,160,41230,1,Aurangabad,45000
Bajaj Pulsar 135LS,Bajaj,11,135,38000,1,Kalyan,18900
Bajaj Pulsar RS200,Bajaj,6,200,36000,1,Hyderabad,65000
Hero CD Deluxe 100cc,Hero,11,100,25000,1,Ahmedabad,29000
Bajaj Pulsar 150cc,Bajaj,15,150,80000,3,Ahmedabad,7000
TVS Star Sport 100cc,TVS,11,100,49730,2,Faridabad,8000
TVS Star Sport 100cc,TVS,11,100,49730,1,Faridabad,8100
Hero Splendor Plus 100cc,Hero,9,100,16764,1,Faridabad,20000
Honda CBR 150R 150cc,Honda,7,150,18300,1,Hyderabad,76200
Bajaj Platina 100cc,Bajaj,13,100,42500,1,Bhopal,23000
Honda CBR 150R 150cc,Honda,9,150,17407,2,Chennai,46000
Harley-Davidson Street 750,Harley-Davidson,5,750,7600,3,Ahmedabad,250000
Bajaj Pulsar 135LS,Bajaj,11,135,35000,2,Mumbai,22000
Honda CB ShineSP 125cc Disc,Honda,5,125,11246,1,Delhi,35000
Triumph Daytona 675 ABS,Triumph,5,675,9000,3,Delhi,699000
Hero Splendor Plus 100cc,Hero,5,100,20511,1,Jaipur,37500
Yamaha YZF-R15 V3 150cc,Yamaha,3,150,10500,1,Hyderabad,121700
Bajaj Pulsar RS200,Bajaj,5,200,11270,1,Kochi,108000
Bajaj Pulsar 150cc,Bajaj,12,150,71943,3,Jamnagar,15344
Bajaj Pulsar 220cc,Bajaj,3,220,11000,1,Hyderabad,70000
Benelli TNT 600i ABS,Benelli,4,600,22800,1,Delhi,530000
Bajaj Pulsar 150cc,Bajaj,11,150,11374,1,Bangalore,21000
Hero Splendor Pro 100cc,Hero,8,100,81260,1,Delhi,20000
Hero Splendor Pro 100cc,Hero,10,100,750000,1,Delhi,18000
Bajaj Pulsar NS200,Bajaj,4,200,6041,1,Bangalore,73000
KTM Duke 200cc,KTM,9,200,20000,1,Bangalore,90000
KTM Duke 200cc,KTM,9,200,32000,3,Mumbai,55000
TVS Phoenix 125cc,TVS,6,125,34860,1,Delhi,18000
Kawasaki Z650,Kawasaki,3,650,1234,1,Jaipur,478000
Yamaha YZF-R15 2.0 150cc,Yamaha,8,150,63371,1,Bangalore,48000
Yamaha YZF-R15 2.0 150cc,Yamaha,7,150,28000,1,Bangalore,75000
Yamaha YZF-R15 150cc,Yamaha,8,150,14490,1,Bangalore,62000
Bajaj Pulsar 220F,Bajaj,8,220,54250,1,Kolkata,33700
Bajaj Avenger 200cc,Bajaj,11,200,45000,1,Noida,20000
Royal Enfield Classic 350cc,Royal Enfield,6,350,28000,1,Pune,120000
Bajaj Pulsar 135LS,Bajaj,7,135,21814,1,Faridabad,15500
TVS Sport 100cc,TVS,10,100,58000,1,Ghaziabad,12200
Bajaj Avenger Street 220,Bajaj,4,220,26592,1,Bangalore,65000
Bajaj Pulsar 135LS,Bajaj,11,135,26434,2,Bangalore,29000
Hero Splendor 100cc,Hero,13,100,24527,1,Bangalore,24000
Hero Splendor Plus 100cc,Hero,5,100,35000,1,Ahmedabad,36000
Hero Passion Xpro 110cc,Hero,7,110,52500,1,Ahmedabad,32000
Yamaha FZ 150cc,Yamaha,10,150,27629,1,Bangalore,33000
Bajaj Avenger 200cc,Bajaj,12,200,25000,1,Delhi,25000
Royal Enfield Continental GT 535cc,Royal Enfield,4,535,7582,1,Chennai,135000
Honda CB Hornet 160R Special Edition STD,Honda,4,160,13000,1,Mangalore,67300
MV Agusta F3 800cc,MV,6,800,6898,1,Delhi,950000
Yamaha YZF-R1 1000cc,Yamaha,6,1000,9800,2,Delhi,1550000
TVS Sport 100cc,TVS,3,100,23000,1,Gurgaon,32000
Yamaha FZ 150cc,Yamaha,10,150,24000,1,Bangalore,33000
Yamaha FZ 150cc,Yamaha,8,150,25220,1,Bangalore,44000
Honda CB Hornet 160R CBS,Honda,4,160,47493,1,Bangalore,67000
Bajaj Avenger 220cc,Bajaj,5,220,24220,1,Bangalore,58000
Bajaj Pulsar NS200,Bajaj,7,200,54500,1,Bangalore,58000
Yamaha FZS FI 150cc,Yamaha,5,150,18200,1,Bangalore,58000
Suzuki Gixxer 150cc,Suzuki,4,150,4258,1,Bangalore,59000
Hero Karizma R 223cc,Hero,13,223,42000,1,Bangalore,40000
Yamaha YZF-R15 2.0 150cc,Yamaha,9,150,34721,1,Bangalore,56000
Hero Passion Plus 100cc,Hero,11,100,21000,1,Pune,25000
Royal Enfield Bullet Electra Twinspark 350cc,Royal Enfield,3,350,6000,1,Vadodara,116200
Royal Enfield Classic Chrome 500cc ABS,Royal Enfield,2,500,417,1,Delhi,215000
Bajaj Pulsar 220F,Bajaj,5,220,47042,1,Bangalore,55000
Suzuki Intruder 150cc,Suzuki,4,150,4961,1,Chennai,68000
Bajaj Pulsar NS200 ABS,Bajaj,2,200,4268,1,Chennai,105000
Royal Enfield Classic 500cc,Royal Enfield,10,500,12100,1,Bangalore,100000
Royal Enfield Classic 350cc,Royal Enfield,7,350,7794,1,Bangalore,96000
Royal Enfield Bullet 350cc,Royal Enfield,4,350,9537,2,Delhi,85000
Bajaj Pulsar 180cc,Bajaj,9,180,15234,1,Ghaziabad,28000
Bajaj Pulsar 220F,Bajaj,5,220,2000,1,Kalyan,50000
Honda CB Shine 125cc Disc,Honda,7,125,13919,1,Delhi,37000
Bajaj Pulsar 220F,Bajaj,6,220,5578,1,Mumbai,83000
Yamaha FZ 150cc,Yamaha,10,150,36845,1,Bangalore,35000
Royal Enfield Himalayan 410cc,Royal Enfield,4,410,4832,1,Pune,140000
Royal Enfield Classic 350cc,Royal Enfield,7,350,25000,1,Warangal,105000
Hero Passion Pro 100cc,Hero,9,100,40000,1,Nagpur,34000
Yamaha FZ Fi Version 2.0 150cc,Yamaha,4,150,7500,1,Zirakpur,72000
Bajaj Pulsar 150cc,Bajaj,8,150,10100,1,Hyderabad,50000
TVS Star Sport 100cc,TVS,8,100,19111,1,Jaipur,31599
Bajaj Avenger 220cc,Bajaj,6,220,27350,1,Chennai,56000
Royal Enfield Thunderbird 350cc,Royal Enfield,6,350,14400,1,Bankura,103000
KTM Duke 200cc,KTM,5,200,13000,1,Mumbai,125000
Royal Enfield Classic 350cc,Royal Enfield,7,350,30000,1,Delhi,100000
Honda CB Hornet 160R STD,Honda,5,160,11100,1,Guwahati,68000
Bajaj Pulsar RS200,Bajaj,5,200,5655,1,Delhi,110000
Hero Passion Pro 100cc,Hero,11,100,37500,1,Chennai,23600
Bajaj Discover 125M,Bajaj,7,125,43000,1,Lucknow,26000
Honda CB Trigger 150cc,Honda,7,150,25000,1,Bangalore,52000
Royal Enfield Classic 350cc,Royal Enfield,8,350,9000,1,Abohar,95000
Bajaj Pulsar 220cc,Bajaj,5,220,20775,1,Alipore,70000
Honda CB Trigger 150cc,Honda,7,150,17000,1,Bangalore,50000
Honda CBF Stunner 125cc,Honda,12,125,40000,1,Noida,15000
Suzuki Gixxer SF 150cc Special MOTOGP Edition Rear Disc,Suzuki,4,150,3000,1,Chennai,80000
Bajaj Pulsar 220F,Bajaj,4,220,3450,1,Gurgaon,76000
Bajaj Avenger Street 150,Bajaj,5,150,14000,1,Hyderabad,58100
Hero Ignitor 125cc,Hero,8,125,5792,1,Surat,20000
Honda CB Hornet 160R CBS,Honda,4,160,17475,1,Bangalore,75000
TVS Apache RTR 160cc,TVS,5,160,17746,1,Delhi,48000
Royal Enfield Bullet Electra 350cc,Royal Enfield,7,350,21977,1,Ghaziabad,85000
Harley-Davidson Sportster 883,Harley-Davidson,9,883,30000,1,Noida,350000
Hero Passion Xpro 110cc,Hero,8,110,31288,1,Delhi,28000
TVS Apache RTR 160cc,TVS,7,160,1200,1,Anjar,39000
TVS Star City 110cc,TVS,10,110,49500,1,Palakkad,20000
Royal Enfield Classic 350cc,Royal Enfield,5,350,18832,1,Gurgaon,115000
TVS Star Sport 100cc,TVS,10,100,38056,1,Noida,18000
Hero CBZ Xtreme 150cc,Hero,14,150,54000,1,Amraoti,12800
Hero Splendor 100cc,Hero,24,100,46000,1,Rajkot,23000
Honda CBR 250R,Honda,6,250,4700,1,Surat,110000
Royal Enfield Classic 350cc,Royal Enfield,5,350,11000,1,Bangalore,147000
Bajaj Discover 110cc,Bajaj,9,110,27000,1,Chennai,20000
Bajaj Avenger 220cc,Bajaj,9,220,32342,1,Chennai,35000
Bajaj Pulsar 135LS,Bajaj,5,135,8000,1,Delhi,48500
Bajaj Avenger 220cc,Bajaj,7,220,32000,1,Hyderabad,54000
Hero Passion Xpro 110cc,Hero,8,110,78000,2,Ghaziabad,22600
Bajaj Pulsar NS200,Bajaj,9,200,1276,1,Mumbai,67500
Bajaj Platina 100cc,Bajaj,12,100,29000,1,Ahmedabad,17300
Hero Passion Xpro 110cc,Hero,6,110,23000,1,Delhi,35000
Hero CD Deluxe 100cc,Hero,5,100,18000,1,Delhi,33000
Bajaj Avenger 220cc,Bajaj,6,220,38943,1,Barabanki,52000
Hero Splendor Plus 100cc,Hero,7,100,13500,1,Ludhiana,32000
KTM RC 390cc,KTM,6,390,24000,1,Pune,149600
Royal Enfield Classic 350cc,Royal Enfield,4,350,24000,1,Delhi,130000
Yamaha YZF-R15 2.0 150cc,Yamaha,10,150,33000,1,Lucknow,46000
Yamaha YZF-R15 150cc,Yamaha,4,150,9000,1,Delhi,100000
Hero Splendor Pro 100cc,Hero,9,100,21250,1,Kota,25000
Hero Passion Plus 100cc,Hero,15,100,17999,3,Delhi,14500
Hero Passion Pro 100cc,Hero,4,100,22000,1,Delhi,39000
TVS Apache RTR 180cc,TVS,9,180,6639,1,Karnal,30000
Bajaj Avenger Street 220,Bajaj,6,220,20373,1,Delhi,60000
Hero Super Splendor 125cc,Hero,16,125,84186,1,Jaipur,15600
Bajaj Pulsar 150cc,Bajaj,13,150,60857,1,Pune,22000
Bajaj Pulsar 220cc,Bajaj,12,220,40000,1,Faridabad,35000
Suzuki Gixxer 150cc,Suzuki,7,150,24000,1,Kolkata,52000
Honda Dream Yuga 110cc,Honda,5,110,10000,1,Aurangabad,41000
Hero CBZ Xtreme 150cc,Hero,9,150,53000,1,Margao,38000
Bajaj Pulsar 220F,Bajaj,7,220,10000,1,Patna,80000
Royal Enfield Thunderbird 350cc,Royal Enfield,6,350,33800,1,Mumbai,110000
Royal Enfield Thunderbird 500cc,Royal Enfield,6,500,25000,1,Hyderabad,160000
Hero Splendor plus 100cc,Hero,5,100,59154,1,Nabha,41500
Bajaj Avenger 200cc,Bajaj,12,200,27875,1,Bangalore,40000
Royal Enfield Thunderbird 350cc,Royal Enfield,5,350,22000,1,Bangalore,140000
Hero Passion Pro 100cc,Hero,5,100,10883,1,Wardha,42000
TVS Apache RTR 180cc,TVS,4,180,6400,1,Unnao,78000
Hero Passion Pro 100cc,Hero,12,100,23236,1,Pune,26000
Bajaj Avenger 220cc,Bajaj,6,220,19820,1,Delhi,77000
Hero CBZ Xtreme 150cc,Hero,11,150,66000,1,Mumbai,28000
Honda CBF Stunner 125cc,Honda,11,125,40266,1,Jaipur,18000
Bajaj Avenger 220cc,Bajaj,7,220,15000,1,Delhi,53000
Royal Enfield Bullet Electra Twinspark 350cc,Royal Enfield,8,350,14000,1,Pune,85000
Bajaj Pulsar 150cc,Bajaj,16,150,55200,1,Delhi,14200
Royal Enfield Classic 500cc,Royal Enfield,4,500,2200,1,Gurgaon,175000
Bajaj Dominar 400 ABS,Bajaj,4,400,19631,2,Delhi,140000
Bajaj Pulsar RS200 ABS,Bajaj,6,200,22271,1,Delhi,80000
Royal Enfield Bullet Electra 350cc,Royal Enfield,14,350,15000,1,Delhi,65000
Honda CB Unicorn 160,Honda,6,160,27000,1,Thane,45000
Hero Karizma 223cc,Hero,16,223,57000,1,Surat,18000
Bajaj Pulsar 150cc,Bajaj,18,150,47000,1,Ahmedabad,10000
Mahindra Mojo 300cc,Mahindra,5,300,6500,1,Delhi,120000
Bajaj Pulsar 180cc,Bajaj,4,180,3500,1,Gurgaon,60000
Honda CBF Stunner 125cc,Honda,10,125,33000,1,Vadodara,23200
Bajaj Pulsar AS150,Bajaj,5,150,22840,1,Delhi,38000
Bajaj Pulsar 150cc,Bajaj,10,150,90000,1,Mumbai,21500
Bajaj Avenger Street 150,Bajaj,5,150,28000,1,Pune,55000
Bajaj Avenger Street 150,Bajaj,4,150,20314,1,Delhi,65000
Bajaj Discover 125cc,Bajaj,16,125,78500,2,Trivandrum,12000
TVS Star City Plus 110cc,TVS,4,110,33767,1,Delhi,32000
Honda CBF Stunner 125cc,Honda,10,125,46915,2,Mumbai,28000
Bajaj Avenger Street 150,Bajaj,5,150,27918,1,Patna,50000
Bajaj Avenger 220cc,Bajaj,7,220,35497,1,Indore,45000
Mahindra Mojo Tourer Edition 300cc,Mahindra,4,300,7500,2,Bangalore,160000
Hero Splendor Plus 100cc,Hero,11,100,67209,1,Delhi,20000
Royal Enfield Classic 350cc,Royal Enfield,9,350,23045,1,Pune,75000
Bajaj Platina 100cc,Bajaj,6,100,20000,1,Lucknow,23000
Suzuki Slingshot Plus 125cc,Suzuki,7,125,22697,1,Lucknow,32000
Yamaha SZ-RR 150cc,Yamaha,10,150,52000,1,Kanchipuram,20000
Bajaj Avenger Street 220,Bajaj,5,220,6600,1,Godhara,55005
Royal Enfield Classic 350cc,Royal Enfield,7,350,16336,1,Gautam Buddha Nagar,87000
Royal Enfield Thunderbird 350cc,Royal Enfield,11,350,13858,2,Mumbai,70000
Suzuki Zeus 125cc,Suzuki,12,125,11885,1,Ahmedabad,35000
KTM RC 390cc,KTM,4,390,13216,1,Mumbai,196700
Bajaj Pulsar 150cc,Bajaj,9,150,32588,1,Delhi,25000
Yamaha Fazer 25 250cc,Yamaha,4,250,14500,1,Kadapa,123000
Royal Enfield Classic 350cc,Royal Enfield,8,350,18000,1,Delhi,95500
Hero Passion Pro 100cc,Hero,6,100,12000,1,Delhi,32000
Bajaj Avenger 220cc,Bajaj,11,220,20245,2,Delhi,41000
Hero Passion 100cc,Hero,19,100,35000,2,Perumbavoor,15000
Bajaj Discover 110cc,Bajaj,3,110,3000,1,24 Pargana,41500
Royal Enfield Thunderbird 500cc,Royal Enfield,5,500,23560,1,Delhi,115000
TVS Apache 150cc,TVS,15,150,28350,1,Gurgaon,16000
Bajaj Avenger Street 220,Bajaj,5,220,35000,1,Delhi,60000
Bajaj V15 150cc,Bajaj,5,150,13300,1,Gurgaon,45000
Royal Enfield Classic 350cc,Royal Enfield,5,350,16505,1,Delhi,107000
Yamaha Fazer 25 250cc,Yamaha,4,250,20099,1,Delhi,89000
Hero Xtreme 200R,Hero,3,200,5900,1,Guntur,98000
Yamaha FZ 150cc,Yamaha,12,150,36111,1,Delhi,17000
TVS Victor 110cc Disc,TVS,4,110,18000,1,Delhi,36000
Bajaj Pulsar 200 NS 200cc,Bajaj,7,200,23080,1,Gurgaon,50000
Honda CBR 250R ABS,Honda,8,250,15000,1,Sundargarh,130000
Royal Enfield Bullet Twinspark 350cc,Royal Enfield,3,350,10350,1,Delhi,115000
Yamaha FZs 150cc,Yamaha,11,150,19134,1,Delhi,35000
Bajaj Pulsar 180cc,Bajaj,11,180,52000,1,Thrissur,20000
Bajaj CT 100 KS Alloy,Bajaj,2,100,1501,1,Chandigarh,40000
Honda Dream Yuga 110cc,Honda,6,110,32579,1,Gurgaon,22000
KTM RC 390cc,KTM,6,390,20449,1,Bangalore,155000
TVS Star City Plus 110cc,TVS,4,110,23700,1,Gurgaon,38000
Hero Splendor NXG 100cc,Hero,10,100,14000,1,Delhi,22400
Bajaj Pulsar 150cc,Bajaj,9,150,58000,1,Delhi,23000
Yamaha FZs 150cc,Yamaha,13,150,32000,1,Delhi,22000
Suzuki Gixxer 150cc,Suzuki,7,150,39889,1,Delhi,45000
Bajaj Discover 125ST,Bajaj,7,125,25398,1,Pune,35000
Bajaj Discover 110cc,Bajaj,3,110,19827,1,Ghaziabad,45000
Bajaj Avenger 220cc,Bajaj,8,220,30000,1,Faridabad,51000
Bajaj Platina 100cc,Bajaj,9,100,53085,1,Gurgaon,22000
Royal Enfield Bullet Electra Twinspark 350cc,Royal Enfield,6,350,44777,1,Gurgaon,90000
Royal Enfield Thunderbird 350cc,Royal Enfield,4,350,8000,1,Dharwar,130000
TVS Apache RTR 180cc,TVS,7,180,12600,1,Nazira,70000
Yamaha YZF-R15 2.0 150cc,Yamaha,4,150,16000,1,Samastipur,75000
Royal Enfield Classic 350cc,Royal Enfield,5,350,23719,1,Delhi,120000
Kawasaki Z800,Kawasaki,5,800,7500,1,Trivandrum,750000
Bajaj Pulsar AS150,Bajaj,5,150,31769,1,Gurgaon,60000
KTM Duke 390cc,KTM,6,390,26709,1,Pune,120000
Bajaj Pulsar 150cc,Bajaj,13,150,20000,1,Noida,26000
Royal Enfield Classic 350cc,Royal Enfield,4,350,1700,1,Delhi,134100
Royal Enfield Standard 350cc,Royal Enfield,8,350,16589,1,Delhi,85999
Royal Enfield Standard 500cc,Royal Enfield,10,500,65000,1,Ahmedabad,70000
Royal Enfield Bullet Electra 350cc,Royal Enfield,5,350,5770,1,Pune,90000
Royal Enfield‎ Bullet 350cc,Royal Enfield,34,350,14101,3,Gurgaon,65000
Royal Enfield Standard 500cc,Royal Enfield,4,500,14418,1,Gurgaon,110000
Royal Enfield Classic 350cc,Royal Enfield,7,350,26900,1,Ghaziabad,92000
Hero Passion Plus 100cc,Hero,17,100,88808,1,Nellore,15995
Yamaha Fazer 150cc,Yamaha,9,150,45139,1,Patiala,40000
Hero Ignitor Disc 125cc,Hero,8,125,15982,1,Saharanpur,30000
Bajaj Avenger Street 150,Bajaj,5,150,12486,1,Delhi,52000
Bajaj Avenger Cruise 220,Bajaj,3,220,24500,1,Hyderabad,75500
Hero Passion Pro i3S Disc 100cc,Hero,4,100,6843,1,Gurgaon,42000
Suzuki GS 150 R 150cc,Suzuki,11,150,39022,1,Mumbai,30009
Bajaj Platina 100cc,Bajaj,14,100,92666,1,Dehradun,16000
Hero Karizma R 223cc,Hero,9,223,71000,1,Latur,57500
Bajaj Discover 125cc,Bajaj,15,125,105000,1,Latur,29600
Royal Enfield Classic 500cc,Royal Enfield,5,500,22191,1,Pune,126508
Bajaj Pulsar 220cc,Bajaj,12,220,54262,2,Ahmedabad,29000
Royal Enfield Classic 350cc,Royal Enfield,5,350,6000,1,Pune,132000
Bajaj Pulsar 150cc,Bajaj,5,150,8089,1,Surat,56000
Bajaj Discover 125ST,Bajaj,8,125,30032,1,Thane,26675
Royal Enfield Classic Gunmetal Grey 350cc,Royal Enfield,3,350,13333,1,Tiruvallur,136000
Bajaj Avenger 220cc,Bajaj,6,220,15200,1,Unnao,65000
Bajaj Discover 125cc,Bajaj,5,125,5995,1,Chandigarh,40000
Hero Passion Pro 100cc,Hero,11,100,25000,1,Delhi,22600
Suzuki Gixxer 150cc SP Rear Disc,Suzuki,4,150,200,1,24 Pargana,84000
Bajaj Pulsar 150cc,Bajaj,7,150,34000,1,Delhi,38500
Yamaha FZ 150cc,Yamaha,10,150,41048,1,Delhi,29900
Royal Enfield Thunderbird 500cc,Royal Enfield,6,500,5200,1,Faridabad,150000
Suzuki Gixxer SF 150cc,Suzuki,5,150,15000,1,Gurgaon,70000
Honda CB Trigger 150cc,Honda,7,150,27015,1,Bangalore,51300
Bajaj Avenger 220cc,Bajaj,7,220,21000,1,Delhi,60000
Bajaj Pulsar 220cc,Bajaj,6,220,17000,1,Bangalore,80000
Honda CB Shine 125cc,Honda,12,125,33000,1,Ahmedabad,28000
Royal Enfield Classic 500cc,Royal Enfield,7,500,19000,1,Pune,124600
Royal Enfield Thunderbird 350cc,Royal Enfield,8,350,24000,1,Bangalore,117000
Honda CB Unicorn 160,Honda,6,160,8000,1,Mumbai,70000
Honda CBF Stunner 125cc,Honda,12,125,69200,1,Noida,20500
Hero HF Deluxe 100cc,Hero,12,100,24010,1,Vadodara,25000
Hero Ignitor 125cc,Hero,8,125,26000,1,Gurgaon,35000
Royal Enfield Classic 350cc,Royal Enfield,7,350,13000,1,Bangalore,125000
Yamaha SS 125 125cc,Yamaha,9,125,10500,1,Jaipur,25000
Bajaj Avenger 220cc,Bajaj,6,220,27000,1,Gurgaon,54400
Bajaj Avenger Street 220,Bajaj,5,220,3650,1,Ghaziabad,75000
Bajaj Pulsar 150cc,Bajaj,4,150,10000,1,Jaipur,70000
Royal Enfield Classic 350cc,Royal Enfield,7,350,18000,2,Delhi,99000
Royal Enfield Bullet Twinspark 350cc,Royal Enfield,7,350,12200,1,Bangalore,112000
Hero Passion Pro 100cc,Hero,11,100,35698,1,Delhi,21000
KTM RC 200cc,KTM,4,200,11466,1,Delhi,180900
Kawasaki Ninja 650cc,Kawasaki,4,650,3500,2,Mumbai,550000
Bajaj Avenger Street 220,Bajaj,5,220,15500,1,Hyderabad,70000
Honda CBR 150R 150cc,Honda,6,150,22650,2,Dehradun,71800
Bajaj Avenger Street 220,Bajaj,3,220,7500,1,Kalyan,90000
Bajaj Discover 125cc,Bajaj,5,125,15000,1,Pratapgarh,37800
Hero Splendor Pro Classic 100cc,Hero,6,100,19000,1,Ambala,31621
Royal Enfield Standard 350cc,Royal Enfield,8,350,33885,1,Chandigarh,89720
Honda CB Hornet 160R CBS,Honda,5,160,12609,1,Hyderabad,60000
Royal Enfield Thunderbird 350cc,Royal Enfield,9,350,11811,1,Delhi,65000
Bajaj Dominar 400 ABS,Bajaj,4,400,33647,1,Mumbai,120000
Bajaj V15 150cc,Bajaj,5,150,14290,1,Hyderabad,48000
Royal Enfield Thunderbird 350cc,Royal Enfield,8,350,30000,2,Amraoti,72000
Bajaj Pulsar 150cc,Bajaj,7,150,45322,1,Gurgaon,30000
Bajaj V15 150cc,Bajaj,5,150,10440,1,Hosur,55000
Hero Karizma R 223cc,Hero,12,223,17299,1,Delhi,16979
Honda CB Unicorn Dazzler 150cc,Honda,10,150,57298,1,Ahmedabad,30000
Bajaj Avenger 220cc,Bajaj,8,220,10000,2,Surat,36000
KTM RC 390cc,KTM,6,390,9800,1,Mumbai,135000
Honda CBR 150R 150cc,Honda,9,150,39000,1,Puri,55400
Yamaha Fazer 150cc,Yamaha,9,150,38000,2,Ghaziabad,30000
Bajaj Avenger 220cc,Bajaj,8,220,46527,1,Pune,50000
Honda CB Shine 125cc Disc,Honda,8,125,73625,1,Ahmedabad,25000
Bajaj Pulsar 150cc,Bajaj,9,150,26000,2,Asansol,29000
Hero Passion Xpro 110cc,Hero,7,110,42000,1,Jhajjar,26000
Bajaj Pulsar RS200,Bajaj,5,200,6000,1,Hamirpur(hp),82000
Royal Enfield Thunderbird 500cc,Royal Enfield,6,500,10000,1,Bangalore,150000
Bajaj Pulsar 220cc,Bajaj,8,220,2600,1,Ahmedabad,42000
Suzuki Gixxer SF 150cc,Suzuki,6,150,15000,1,Ahmedabad,60000
Yamaha YZF-R15 2.0 150cc,Yamaha,7,150,40000,1,Ahmedabad,58000
TVS Apache RTR 200 4V Carburetor,TVS,4,200,13500,1,Thane,75000
KTM Duke 200cc,KTM,5,200,10500,1,Dharmapuri,121900
Royal Enfield Thunderbird 500cc,Royal Enfield,5,500,1450,1,Noida,149100
Suzuki Gixxer SF 150cc,Suzuki,5,150,9300,1,Bangalore,80000
Bajaj V15 150cc,Bajaj,5,150,3325,2,Ghaziabad,42200
Bajaj Avenger Street 150,Bajaj,4,150,7000,1,Delhi,65000
TVS Star Sport 100cc,TVS,7,100,20750,1,Ludhiana,22800
Royal Enfield Thunderbird 350cc,Royal Enfield,7,350,6742,1,Chennai,100000
Bajaj Avenger Street 150,Bajaj,5,150,26800,1,Pune,60311
Hero Passion Pro 100cc,Hero,9,100,51320,1,Delhi,20500
Bajaj Pulsar 150cc,Bajaj,11,150,55297,1,Nagpur,30000
Hero Glamour 125cc,Hero,12,125,25000,1,Chennai,18000
Bajaj Pulsar AS200,Bajaj,5,200,12511,1,Thangadh,75000
Hero Passion Plus 100cc,Hero,15,100,5639,1,Pune,22000
Bajaj V15 150cc,Bajaj,3,150,15581,1,Pune,55000
Royal Enfield Standard 500cc,Royal Enfield,4,500,33125,1,Bangalore,130000
Royal Enfield Bullet Electra 350cc,Royal Enfield,7,350,19549,1,Delhi,87000
Hero Passion Pro i3S Alloy 100cc,Hero,3,100,9643,1,Mumbai,55000
Harley-Davidson Iron 883,Harley-Davidson,5,883,10963,1,Thane,650000
Yamaha YZF-R15 2.0 150cc,Yamaha,6,150,42386,1,Mumbai,64466
Bajaj Discover 125ST,Bajaj,8,125,25804,1,Delhi,24000
Bajaj V15 150cc,Bajaj,4,150,17000,1,Kanchipuram,45000
Hero Glamour Fi 125cc,Hero,4,125,22226,1,Chennai,47000
Yamaha YZF-R15 150cc,Yamaha,6,150,12530,1,Mumbai,75700
Yamaha FZ 150cc,Yamaha,8,150,18000,1,Surat,42000
KTM Duke 200cc,KTM,3,200,6859,1,Ahmedabad,110000
Royal Enfield Thunderbird 350cc,Royal Enfield,8,350,38069,1,Delhi,69000
Bajaj Pulsar 220cc,Bajaj,8,220,24500,2,Delhi,45000
Hero Ignitor 125cc,Hero,7,125,36000,1,Ghaziabad,26900
Bajaj Pulsar NS200 ABS,Bajaj,3,200,1230,1,Bangalore,125000
Yamaha YZF-R15 150cc,Yamaha,8,150,14000,1,Chennai,68000
Royal Enfield Himalayan 410cc,Royal Enfield,5,410,5500,1,Thane,140000
Yamaha SZR 150cc,Yamaha,10,150,42000,2,Ahmedabad,19000
Bajaj Pulsar 220F,Bajaj,4,220,7000,1,Hyderabad,92000
Bajaj Pulsar AS150,Bajaj,6,150,9400,1,Bally,62000
Royal Enfield Bullet Electra 350cc,Royal Enfield,7,350,16904,1,Vadodara,85000
Bajaj Dominar 400,Bajaj,4,400,17169,1,Dehradun,111000
Bajaj Pulsar NS160,Bajaj,4,160,8000,1,Bareilly,72000
Honda CD 110 Dream,Honda,7,110,20000,1,Jhansi,24100
Royal Enfield Classic 350cc,Royal Enfield,7,350,38000,1,Jaipur,114000
TVS Star City Plus 110cc,TVS,3,110,1363,1,Chitradurga,45000
Bajaj Pulsar 200 NS 200cc,Bajaj,7,200,14200,1,Delhi,60000
TVS Apache RR310,TVS,3,310,4288,1,Gurgaon,190000
Royal Enfield Machismo 500cc,Royal Enfield,12,500,9000,1,Pune,110000
Bajaj V15 150cc,Bajaj,5,150,15440,1,Chennai,34000
Royal Enfield Classic 500cc,Royal Enfield,6,500,27044,1,Bangalore,130000
Bajaj Pulsar 180cc,Bajaj,11,180,50028,1,Ahmedabad,30000
Suzuki Gixxer 150cc,Suzuki,5,150,12000,2,Dakshina Kannada,45500
Hero Karizma R 223cc,Hero,10,223,55141,1,Ghaziabad,28000
Royal Enfield Bullet Twinspark 350cc,Royal Enfield,5,350,9000,1,Delhi,90000
Suzuki Gixxer 150cc,Suzuki,6,150,10121,1,Pune,60000
KTM Duke 390cc,KTM,4,390,9500,1,Lonavala,190104
Bajaj XCD 135,Bajaj,10,135,21466,1,Noida,25000
Yamaha Fazer 150cc,Yamaha,12,150,54000,2,Alibag,25000
Royal Enfield Bullet 350cc,Royal Enfield,4,350,20764,1,Meerut,110000
Honda CB Shine 125cc,Honda,9,125,62593,2,Ahmedabad,25000
Bajaj Pulsar AS200,Bajaj,6,200,55250,1,Delhi,35000
TVS Apache RTR 200 4V Carburetor,TVS,4,200,8527,1,Hyderabad,84000
Yamaha YZF-R15 2.0 150cc,Yamaha,9,150,24000,1,Hyderabad,75000
Bajaj Pulsar 150cc,Bajaj,3,150,3000,1,Mumbai,74400
Bajaj Avenger Street 220,Bajaj,6,220,15000,1,Delhi,55000
Bajaj Platina  Alloy ES-100cc,Bajaj,4,100,9000,1,Virudhunagar,45500
Harley-Davidson Street 750,Harley-Davidson,5,750,1300,1,Delhi,478000
Honda CB Unicorn 160,Honda,6,160,25600,1,Chennai,52000
Honda CB Shine 125cc,Honda,7,125,13000,1,Delhi,35000
Royal Enfield Classic 350cc,Royal Enfield,7,350,26000,1,Delhi,115000
Mahindra Mojo 300cc,Mahindra,3,300,5500,1,Barasat,170000
Royal Enfield Thunderbird 350cc,Royal Enfield,6,350,11824,1,Palanpur,100300
Bajaj Pulsar 150cc,Bajaj,17,150,82000,2,Mumbai,12000
Bajaj Avenger Street 150,Bajaj,4,150,9300,1,Bhiwadi,65000
KTM Duke 390cc,KTM,5,390,15000,2,Delhi,130000
Hero Passion Pro 100cc,Hero,7,100,18168,1,Chennai,30000
KTM Duke 390cc,KTM,6,390,8600,1,Delhi,145000
Royal Enfield Classic 350cc,Royal Enfield,7,350,15000,1,Delhi,107000
Royal Enfield Thunderbird 350cc,Royal Enfield,10,350,29000,1,Mumbai,68700
Honda CB Unicorn 150cc,Honda,6,150,23000,1,Chennai,55000
Yamaha Saluto 125cc-Special Edition,Yamaha,4,125,7000,1,Dhanbad,47000
Royal Enfield Thunderbird 350cc,Royal Enfield,9,350,30000,1,Pune,75000
Bajaj Avenger Street 220,Bajaj,6,220,20100,1,Bangalore,65000
Bajaj Avenger Street 150,Bajaj,4,150,9319,1,Ahmedabad,53000
Royal Enfield Thunderbird 500cc,Royal Enfield,8,500,9450,1,Allahabad,103000
Honda CB Trigger 150cc,Honda,8,150,33000,1,Bangalore,47100
Bajaj Pulsar 180cc,Bajaj,9,180,25866,1,Delhi,25500
Royal Enfield Standard 500cc,Royal Enfield,4,500,10409,1,Gurgaon,125000
Yamaha FZs 150cc,Yamaha,11,150,18818,1,Ghaziabad,32000
Royal Enfield Thunderbird 350cc,Royal Enfield,5,350,6153,1,Pune,155000
Bajaj Dominar 400 ABS,Bajaj,3,400,11535,1,Mumbai,150000
Bajaj Pulsar 220cc,Bajaj,6,220,52000,1,Lucknow,45000
Bajaj Pulsar 135LS,Bajaj,8,135,37125,1,Jodhpur,30000
TVS Apache RTR 200 4V FI,TVS,4,200,14424,1,Delhi,70000
Suzuki Gixxer 150cc Dual Tone Rear Disc,Suzuki,3,150,21543,1,Delhi,70000
Bajaj Avenger Street 220,Bajaj,5,220,5768,1,Gurgaon,70000
Bajaj Pulsar NS200,Bajaj,9,200,15000,2,Bangalore,60000
Hero Splendor Plus 100cc,Hero,10,100,33000,1,Poonamallee,30000
Bajaj Avenger 220cc,Bajaj,5,220,7500,1,Pune,76000
Bajaj Pulsar 220cc,Bajaj,8,220,45000,1,Thane,40000
KTM RC 390cc,KTM,6,390,24000,2,Vizianagaram,145000
Bajaj Pulsar 220cc,Bajaj,10,220,91000,1,Ajmer,26900
Royal Enfield Classic 500cc,Royal Enfield,10,500,13208,1,Ludhiana,120000
Bajaj Pulsar 200cc,Bajaj,13,200,53399,2,Mumbai,17000
TVS Apache RTR 160 4V Disc,TVS,3,160,4524,1,Delhi,82000
Bajaj Pulsar RS200 ABS,Bajaj,6,200,14405,1,Mumbai,72000
Honda CB Shine 125cc,Honda,5,125,24021,1,Delhi,30000
Hero Passion Plus 100cc,Hero,16,100,40000,3,Pune,23000
Hero Xtreme 150cc,Hero,8,150,55687,1,Delhi,40000
Honda CB Unicorn 150cc,Honda,4,150,26000,1,Karwar,70000
Royal Enfield Classic 350cc,Royal Enfield,5,350,16476,1,Mumbai,115000
Hero Passion Xpro 110cc,Hero,7,110,48246,2,Ghaziabad,25000
Bajaj Avenger Street 220,Bajaj,5,220,20000,1,Pune,65000
Honda CB Hornet 160R CBS,Honda,4,160,34833,1,Delhi,65000
Honda CBR 150R 150cc,Honda,8,150,27488,1,Gurgaon,54799
Yamaha YZF-R15 150cc,Yamaha,6,150,9125,1,Delhi,72000
TVS Apache RTR 180cc,TVS,5,180,18533,1,Delhi,48000
Bajaj Pulsar 135LS,Bajaj,11,135,10495,1,Ludhiana,20000
Yamaha FZ 150cc,Yamaha,9,150,8209,1,Ludhiana,35000
Bajaj Pulsar NS200,Bajaj,8,200,71124,1,Pune,44000
KTM Duke 200cc,KTM,4,200,4500,1,Kalyan,145000
Bajaj CT 100 ES Alloy,Bajaj,3,100,1700,1,Gurgaon,42000
Honda CB Hornet 160R  ABS DLX,Honda,3,160,10729,1,Gautam Buddha Nagar,95000
Suzuki Gixxer SF 150cc SP Rear Disc,Suzuki,4,150,40272,1,Delhi,52000
Hero Splendor Plus 100cc,Hero,6,100,21664,1,Sirsa,33000
Hero HF Deluxe 100cc,Hero,4,100,16664,1,Sirsa,37000
Bajaj V15 150cc,Bajaj,5,150,14311,1,Sirsa,42000
Royal Enfield Thunderbird 350cc,Royal Enfield,7,350,14396,1,Gurgaon,75000
Hero Passion Plus 100cc,Hero,15,100,38987,1,Noida,14000
Bajaj Avenger 180cc,Bajaj,15,180,30312,2,Mumbai,30500
Hero Passion Pro 100cc,Hero,8,100,17079,1,Lucknow,35000
Hero Achiever Disc 150cc,Hero,4,150,13813,1,Chennai,49900
Hero CD Deluxe 100cc,Hero,10,100,65901,1,Ahmedabad,25000
Bajaj Avenger 220cc,Bajaj,8,220,27090,2,Bangalore,40000
Bajaj Discover 100cc,Bajaj,10,100,54519,1,Ahmedabad,17000
Yamaha FZ25 250cc,Yamaha,4,250,17243,2,Ranchi,75000
Royal Enfield Thunderbird 350cc,Royal Enfield,5,350,8500,1,Jaipur,128000
Bajaj Platina 100cc,Bajaj,15,100,10750,1,Ludhiana,15000
Royal Enfield Classic Desert Storm 500cc,Royal Enfield,4,500,14000,1,Kathua,145000
Hero Splendor Plus 100cc,Hero,4,100,19151,1,Ganganagar,47000
Bajaj Pulsar 150cc,Bajaj,13,150,71970,1,Ghaziabad,20000
Bajaj Avenger 220cc,Bajaj,8,220,31733,1,Delhi,35000
Royal Enfield Thunderbird 350cc,Royal Enfield,11,350,31000,1,Mumbai,65800
TVS Apache RTR 180cc,TVS,4,180,12061,1,Jaipur,65000
Honda CB Hornet 160R Special Edition-CBS,Honda,4,160,4700,1,Bangalore,86000
Bajaj Avenger Street 220,Bajaj,4,220,500,1,Hyderabad,93000
Bajaj Discover 100cc,Bajaj,8,100,29333,1,Ludhiana,16000
Royal Enfield Classic 350cc,Royal Enfield,6,350,7875,1,Faridabad,95000
Royal Enfield Standard 350cc,Royal Enfield,8,350,16589,1,Delhi,90000
Hero Karizma ZMR 223cc,Hero,7,223,22426,1,Mumbai,50000
Bajaj Discover 125ST,Bajaj,8,125,49871,2,Bangalore,25000
Bajaj Pulsar 220cc,Bajaj,12,220,27500,1,Ranchi,40000
Benelli TNT 25 250cc,Benelli,5,250,23000,1,Bangalore,165000
TVS Apache RTR 200 4V Race Edition 2.0,TVS,3,200,13453,1,Bangalore,93000
KTM Duke 390cc,KTM,6,390,25000,1,Sangareddy,122500
Bajaj CT 100 100cc,Bajaj,17,100,64270,2,Ahmedabad,14000
TVS Star Sport 100cc,TVS,10,100,36000,1,Salem,19000
Hyosung Aquila 250 250cc,Hyosung,6,250,16051,1,Noida,175000
Yamaha YZF-R15 150cc,Yamaha,5,150,7000,1,Bangalore,103000
Bajaj Pulsar 150cc,Bajaj,5,150,42000,1,Indore,48000
Bajaj Pulsar 135LS,Bajaj,11,135,45000,1,Chandigarh,17000
Honda CBR 150R 150cc,Honda,10,150,43333,1,Chennai,30000
Honda CB Unicorn Dazzler 150cc,Honda,10,150,87370,1,Bangalore,30000
Hero Passion Pro 100cc,Hero,15,100,59000,1,Pune,17000
Bajaj Pulsar 135LS,Bajaj,5,135,15000,1,Gandhinagar,42000
KTM RC 200cc,KTM,6,200,9500,1,Kolkata,135000
Bajaj Avenger 220cc,Bajaj,8,220,35000,1,Deesa,45000
Bajaj Pulsar 200cc,Bajaj,8,200,6000,1,Ahmedabad,50000
Yamaha YZF-R15 150cc,Yamaha,5,150,2600,1,Delhi,102000
Royal Enfield Classic 350cc,Royal Enfield,8,350,22600,1,Jaipur,100000
Yamaha FZ25 250cc,Yamaha,4,250,11060,1,Nizamabad,92000
Hero Achiever Disc 150cc,Hero,4,150,26419,1,Ahmedabad,46000
Bajaj Discover 100cc,Bajaj,9,100,38752,1,Bangalore,23132
Mahindra Centuro 110cc,Mahindra,7,110,40824,1,Ahmedabad,21000
Honda CBF Stunner 125cc,Honda,8,125,23500,1,Ahmedabad,28499
Harley-Davidson Street 750,Harley-Davidson,7,750,15027,2,Bangalore,380000
Bajaj Pulsar NS160 Rear Disc,Bajaj,2,160,78,1,Tiruppur,97000
Yamaha SZR 150cc,Yamaha,9,150,34205,1,Noida,30000
Bajaj Pulsar NS160,Bajaj,4,160,6500,1,Gadchiroli,80000
Hero CD Deluxe 100cc,Hero,11,100,35000,3,Jhansi,17000
Honda CB Shine 125cc,Honda,10,125,25000,2,Jhansi,19200
Royal Enfield Continental GT 535cc,Royal Enfield,7,535,11000,1,Mumbai,105000
Bajaj CT 100 Spoke,Bajaj,4,100,22,1,Mumbai,33000
Royal Enfield Classic 350cc,Royal Enfield,6,350,11451,1,Pune,125000
Hero CBZ Xtreme 150cc,Hero,11,150,65000,1,Gangaghat,20000
Bajaj V12 125cc,Bajaj,3,125,5214,1,Pune,46000
Royal Enfield Thunderbird 350cc,Royal Enfield,10,350,25000,2,Secunderabad,62600
Bajaj Discover 100M,Bajaj,7,100,46000,1,Noida,21000
Hero Karizma ZMR 223cc,Hero,5,223,15000,1,Jhajjar,55000
Bajaj Pulsar 150cc,Bajaj,9,150,45244,1,Gurgaon,21000
Bajaj Pulsar AS150,Bajaj,6,150,30000,1,Delhi,55000
Hero Splendor Plus 100cc,Hero,4,100,8628,1,Jalandhar,42500
Yamaha FZ16 150cc,Yamaha,8,150,32000,1,Delhi,37000
Mahindra Centuro 110cc,Mahindra,7,110,46956,1,Ahmedabad,25000
TVS Apache RTR 160cc,TVS,9,160,7578,1,Gautam Buddha Nagar,35000
Suzuki GS 150 R 150cc,Suzuki,9,150,30664,1,Delhi,22000
TVS Apache RR310,TVS,3,310,19659,1,Hyderabad,200000
Honda CB Shine 125cc,Honda,10,125,54400,1,Bhuj,28000
Bajaj Discover 125T,Bajaj,8,125,54548,1,Mumbai,23000
Hero Splendor 100cc,Hero,18,100,28900,2,Vastral,10000
Bajaj Pulsar 150cc,Bajaj,15,150,36000,1,Bhopal,14227
Honda Livo 110cc,Honda,5,110,21500,1,Noida,34600
Bajaj Platina 100cc ComforTec Alloy,Bajaj,3,100,9000,1,Ahmedabad,39600
Honda CB Twister 110cc,Honda,8,110,12350,1,Ludhiana,21700
TVS Apache RTR 180cc,TVS,9,180,53817,1,Sirsa,34000
Bajaj Discover 100cc,Bajaj,6,100,2347,1,Ahmednagar,28000
Royal Enfield Standard 350cc,Royal Enfield,6,350,10000,1,Rajkot,112000
Honda CB Shine 125cc,Honda,7,125,29956,1,Bangalore,25000
Royal Enfield Thunderbird X 350cc ABS,Royal Enfield,2,350,4411,1,Bangalore,169000
Honda CB Trigger 150cc,Honda,7,150,23128,1,Patna,45600
Bajaj Discover 125ST,Bajaj,9,125,50861,1,Mumbai,35000
Bajaj Avenger 220cc,Bajaj,6,220,17160,2,Bangalore,45000
Hero Passion Pro i3S Alloy 100cc,Hero,4,100,15733,1,Ghaziabad,60000
Royal Enfield Classic 350cc-Redditch Edition Dual Disc,Royal Enfield,3,350,8500,1,Bangalore,154400
Bajaj Avenger Cruise 220,Bajaj,6,220,17408,1,Noida,70000
Hero Xtreme Sports Rear Disc 150cc,Hero,3,150,11921,1,Delhi,75000
Hero CBZ Xtreme 150cc,Hero,7,150,59445,1,Delhi,40000
Royal Enfield Classic 350cc,Royal Enfield,5,350,18894,1,Delhi,101000
Royal Enfield Classic 350cc,Royal Enfield,9,350,29094,1,Pune,75000
Honda CB ShineSP 125cc,Honda,3,125,5559,1,Delhi,60000
Royal Enfield Thunderbird 350cc,Royal Enfield,6,350,13975,2,Delhi,110000
Royal Enfield Classic 350cc,Royal Enfield,9,350,76467,1,Bangalore,150000
Royal Enfield Bullet Electra 350cc,Royal Enfield,13,350,49000,1,Phagwara,85000
Suzuki Hayate EP 110cc,Suzuki,3,110,9624,1,Pune,41000
Yamaha FZ16 150cc,Yamaha,9,150,12551,1,Delhi,45000
Royal Enfield Thunderbird 500cc,Royal Enfield,7,500,98056,1,Pune,100000
Royal Enfield Thunderbird 350cc,Royal Enfield,8,350,45000,1,Ghaziabad,85000
Bajaj Avenger Street 220,Bajaj,5,220,20040,1,Gurgaon,50000
Harley-Davidson Street 750,Harley-Davidson,5,750,8000,1,Thane,445600
Hero Splendor Plus 100cc,Hero,5,100,19000,1,Kheda,36500
Bajaj Discover 135cc,Bajaj,12,135,35000,3,Swaimadhopur,20000
Bajaj Pulsar 150cc,Bajaj,11,150,40000,2,Lucknow,32000
Hero Passion Pro i3S Alloy 100cc,Hero,3,100,4411,1,Ahmedabad,56000
KTM RC 390cc,KTM,5,390,4000,1,Ludhiana,240000
KTM RC 390cc,KTM,5,390,15500,1,Mumbai,155000
TVS Apache RTR 160cc,TVS,9,160,24950,1,Bangalore,45000
Bajaj Pulsar 150cc,Bajaj,8,150,23000,1,Patna,35000
Bajaj Pulsar 150cc,Bajaj,6,150,14500,1,Bangalore,55000
Yamaha FZ 150cc,Yamaha,7,150,22500,1,Delhi,45000
Yamaha FZ 150cc,Yamaha,7,150,38724,1,Chennai,45000
Hero Splendor Pro 100cc,Hero,8,100,15435,1,Jalandhar,27500
Royal Enfield Thunderbird 350cc,Royal Enfield,5,350,31500,1,Kharagpur,109600
Bajaj Discover 125cc,Bajaj,9,125,24000,1,Alibag,22000
KTM Duke 390cc,KTM,5,390,4000,1,Mumbai,200000
Royal Enfield Bullet 350cc,Royal Enfield,15,350,28000,2,Delhi,65000
Hero Glamour Fi 125cc,Hero,3,125,15500,2,Jobner,51000
Bajaj Discover 125cc,Bajaj,15,125,35583,1,Gurgaon,13000
Yamaha Fazer25 250cc,Yamaha,3,250,17000,1,Gurgaon,133500
Bajaj CT 100 100cc,Bajaj,16,100,1638,1,Vadodara,10951
Yamaha Fazer 150cc,Yamaha,12,150,16000,1,Gondia,25000
Bajaj Pulsar 150cc,Bajaj,10,150,60064,1,Ahmedabad,19000
Bajaj Pulsar 135LS,Bajaj,11,135,17204,1,Jalandhar,19000
Royal Enfield Thunderbird 350cc,Royal Enfield,11,350,250841,1,Ghaziabad,54000
Honda CBR 150R 150cc,Honda,7,150,60000,1,Bulandshahr,65000
TVS Apache RTR 160cc,TVS,13,160,40000,1,Udaipur,35000
Yamaha SZR 150cc,Yamaha,9,150,50000,1,Pondicherry,25000
Suzuki Slingshot Plus 125cc,Suzuki,9,125,25000,1,Kanchipuram,21600
Bajaj Pulsar 150cc,Bajaj,3,150,21582,1,Delhi,70000
Royal Enfield Thunderbird 350cc,Royal Enfield,4,350,3679,1,Bangalore,125000
Royal Enfield Bullet Electra 350cc,Royal Enfield,7,350,15000,3,Bundi,85000
Royal Enfield Thunderbird 350cc ABS,Royal Enfield,2,350,12400,1,Ghaziabad,145000
Honda CB Shine 125cc,Honda,10,125,40429,1,Gautam Buddha Nagar,18000
Hero HF Deluxe 100cc,Hero,8,100,20293,1,Sirsa,25000
Royal Enfield Classic Desert Storm 500cc,Royal Enfield,6,500,10951,1,Ernakulam,175000
Yamaha FZ25 250cc,Yamaha,3,250,800,1,Delhi,110000
KTM Duke 200cc,KTM,5,200,12000,2,Delhi,860000
Hero Passion Pro 100cc,Hero,12,100,32500,1,Ahmedabad,19000
Royal Enfield Classic 350cc,Royal Enfield,5,350,21537,1,Noida,113300
Yamaha SZR 150cc,Yamaha,10,150,18695,1,Ambala,18000
Royal Enfield Classic 350cc,Royal Enfield,8,350,21000,1,Pune,95000
Royal Enfield Bullet Electra Twinspark 350cc,Royal Enfield,6,350,17278,1,Bangalore,101000
Bajaj Pulsar RS200 ABS,Bajaj,3,200,11734,1,Delhi,125000
Yamaha FZ S V 2.0 150cc Rear Disc,Yamaha,2,150,2648,1,Gorakhpur,85000
Hyosung GT 650N,Hyosung,6,650,4168,1,Faridabad,231000
Bajaj Dominar 400 ABS,Bajaj,4,400,20000,1,Mumbai,126000
KTM RC 200cc,KTM,4,200,12400,1,Dharwar,170000
TVS Apache RTR 200 4V Carburetor Race Edition 2.0,TVS,3,200,52594,1,Ahmedabad,90000
Hero CBZ Xtreme 150cc,Hero,14,150,85000,1,Adalaj,25000
Royal Enfield Standard 500cc,Royal Enfield,5,500,6096,1,Gurgaon,115000
Honda CB Unicorn 150cc,Honda,12,150,43000,1,Tiruvallur,20000
Royal Enfield Classic Chrome 500cc,Royal Enfield,4,500,3700,1,Bhiwani,171000
Royal Enfield Bullet Twinspark 350cc,Royal Enfield,3,350,8855,1,Gurgaon,110000
Bajaj Pulsar NS200,Bajaj,3,200,17000,1,Hamirpur,80000
Kawasaki Z250,Kawasaki,4,250,2204,1,Mumbai,269000
KTM Duke 390cc,KTM,6,390,58093,2,Mumbai,85000
Royal Enfield Classic 350cc,Royal Enfield,4,350,10581,1,Delhi,105000
TVS Apache RTR 160cc,TVS,5,160,15000,1,Meerut,42000
Hero Glamour 125cc,Hero,9,125,43000,1,Kurukshetra,21000
Bajaj V15 150cc,Bajaj,4,150,11600,1,Ahmedabad,56000
Royal Enfield Thunderbird 350cc,Royal Enfield,5,350,10059,1,Pune,125000
Bajaj Pulsar RS200 ABS,Bajaj,4,200,17000,1,Dongargaon,111088
Honda CB Trigger 150cc,Honda,7,150,27083,1,Bangalore,49800
Yamaha YZF-R15 150cc,Yamaha,10,150,67445,1,Gurgaon,55000
Hero CBZ Xtreme 150cc,Hero,10,150,5610,1,Hyderabad,22000
Bajaj Pulsar 150cc,Bajaj,5,150,27000,1,Dehradun,48000
Royal Enfield Classic Chrome 500cc,Royal Enfield,5,500,7481,1,Delhi,145000
Bajaj Pulsar 180cc,Bajaj,3,180,26000,1,Dehradun,68000
Royal Enfield Thunderbird X 500cc,Royal Enfield,3,500,1768,1,Delhi,195000
TVS Star City 110cc,TVS,16,110,29238,1,Ghaziabad,10000
Hero Splendor Plus 100cc,Hero,13,100,37000,1,Sonipat,14200
Bajaj Pulsar RS200 ABS,Bajaj,6,200,18474,1,Gurgaon,85000
Honda CBR 250R,Honda,10,250,24000,1,Gurgaon,95000
Bajaj Platina 125cc,Bajaj,12,125,79000,1,Chennai,16000
Hyosung GT250R,Hyosung,6,250,8700,1,Ajmer,215000
Bajaj Pulsar 220cc,Bajaj,4,220,18302,2,Ghaziabad,70000
Hero Passion Pro i3S Alloy 100cc,Hero,4,100,25392,1,Delhi,40000
Bajaj Pulsar RS200,Bajaj,6,200,27845,1,Pune,84700
Honda CB Twister 110cc,Honda,8,110,27598,1,Chandigarh,30000
Bajaj Avenger 220cc,Bajaj,6,220,4734,1,Delhi,51500
Bajaj Pulsar NS200,Bajaj,3,200,1700,1,Bangalore,98000
Yamaha YZF-R15 150cc,Yamaha,11,150,30090,1,Mumbai,42000
Hyosung GT250R,Hyosung,6,250,10016,1,Bangalore,218000
Bajaj Pulsar 200 NS 200cc,Bajaj,7,200,42786,1,Mumbai,52000
Bajaj Pulsar AS200,Bajaj,5,200,11000,1,Hyderabad,67800
Royal Enfield Classic Desert Storm 500cc,Royal Enfield,8,500,3545,1,Delhi,108400
Royal Enfield Electra 350cc,Royal Enfield,7,350,9550,1,Mubarakpur,98000
Bajaj Avenger Cruise 220,Bajaj,5,220,11000,1,Patna,77777
Bajaj Pulsar 220cc,Bajaj,10,220,45000,1,Bangalore,45000
Bajaj Discover 125ST,Bajaj,8,125,44667,1,Pune,32000
TVS Star City Plus Dual Tone 110cc,TVS,3,110,100,1,Mumbai,54000
KTM Duke 390cc,KTM,4,390,3900,1,Mumbai,215000
Honda CBR 150R 150cc,Honda,8,150,34588,1,Chennai,33000
Yamaha YZF-R15 150cc,Yamaha,5,150,2000,1,Delhi,102000
Yamaha FZs 150cc,Yamaha,8,150,14500,2,Thane,40000
Bajaj Pulsar 220cc,Bajaj,9,220,65000,1,Hyderabad,48000
Royal Enfield Bullet 500cc,Royal Enfield,7,500,25351,1,Chennai,100000
Royal Enfield Classic 350cc,Royal Enfield,5,350,21000,1,Pune,119000
Bajaj Pulsar 150cc,Bajaj,9,150,42500,1,Ahmedabad,25500
Bajaj Dominar 400 ABS,Bajaj,3,400,3144,1,Delhi,160000
KTM Duke 390cc,KTM,3,390,8794,1,Mumbai,231000
Honda CBR 250R ABS,Honda,4,250,10060,1,Mumbai,173400
TVS Apache RTR 180cc,TVS,7,180,16956,1,Bangalore,55000
Hero Xtreme 200R,Hero,3,200,2307,1,Mumbai,90000
Suzuki Gixxer 150cc,Suzuki,6,150,39988,1,Chennai,40000
Suzuki Gixxer SF 150cc,Suzuki,6,150,7420,1,Mumbai,65000
Royal Enfield Classic Chrome 500cc,Royal Enfield,6,500,4118,1,Pune,160000
Bajaj Pulsar 220cc,Bajaj,11,220,30000,1,Mumbai,35000
Hero Splendor Plus 100cc,Hero,6,100,26000,1,Bidar,38000
Royal Enfield Classic 350cc,Royal Enfield,7,350,16000,2,Mumbai,99000
Suzuki Intruder 150cc,Suzuki,3,150,2947,1,Delhi,92000
Honda CBF Stunner 125cc,Honda,10,125,35300,2,Jaipur,22000
Bajaj Pulsar 150cc,Bajaj,16,150,47970,1,Ghazipur,10800
Royal Enfield Classic Desert Storm 500cc Dual Disc,Royal Enfield,3,500,5377,1,Noida,150000
Bajaj Pulsar 150cc,Bajaj,6,150,93566,1,Hyderabad,40000
Royal Enfield Classic 350cc,Royal Enfield,7,350,29119,1,Thane,98000
Royal Enfield Electra 350cc,Royal Enfield,17,350,40000,2,Pune,60000
Hero Passion Plus 100cc,Hero,17,100,48000,1,Delhi,16900
Yamaha YZF-R15 150cc,Yamaha,5,150,9300,1,Chennai,105000
Royal Enfield Continental GT 535cc,Royal Enfield,6,535,5300,2,Kota,121000
Royal Enfield Classic 350cc,Royal Enfield,6,350,3009,1,Chennai,118000
Hyosung GT250R,Hyosung,7,250,15000,1,Surat,211300
Royal Enfield Thunderbird 350cc,Royal Enfield,5,350,28000,1,Bangalore,119600
Hero Karizma ZMR 223cc,Hero,5,223,17000,1,Faridabad,69100
Bajaj V15 150cc,Bajaj,5,150,29857,1,Tumkur,37000
Hero Splendor Plus Self Alloy 100cc,Hero,3,100,12068,1,Sanand,42500
Bajaj Pulsar 150cc,Bajaj,4,150,8714,1,Ghaziabad,60000
Bajaj Avenger 220cc,Bajaj,10,220,33052,1,Delhi,45000
Bajaj Discover 125ST,Bajaj,8,125,25000,1,Ahmedabad,22000
TVS Apache RTR 180cc,TVS,5,180,31100,1,Anantapur,65000
Hero Passion Plus 100cc,Hero,13,100,47830,1,Vadodara,20000
Hero Karizma R 223cc,Hero,14,223,75000,1,Kartarpur,18000
TVS Apache RTR 160cc,TVS,8,160,41657,1,Pune,40000
Honda CBR 250R,Honda,7,250,23602,2,Noida,90500
Honda CB Hornet 160R STD,Honda,5,160,7200,1,Alibag,75000
Honda CB Hornet 160R Special Edition-CBS,Honda,4,160,10300,1,Mumbai,75000
Bajaj Discover 150cc,Bajaj,10,150,25000,1,Delhi,17000
Yamaha YZF-R15 150cc,Yamaha,6,150,3000,1,Udaipur,86900
Hero Ignitor 125cc,Hero,7,125,86000,1,Bangalore,25000
Bajaj V15 150cc,Bajaj,5,150,16833,1,Karnal,50000
Honda CBR 150R 150cc,Honda,6,150,28764,1,Chennai,80000
Royal Enfield Electra 350cc,Royal Enfield,3,350,2172,1,Delhi,120000
KTM Duke 200cc,KTM,5,200,15000,1,Mumbai,105786
KTM RC 200cc,KTM,4,200,18000,1,Mumbai,186300
Bajaj Pulsar NS 200cc,Bajaj,8,200,19000,1,Delhi,52000
Bajaj V12 125cc,Bajaj,4,125,28750,1,Delhi,45000
Hero Splendor Plus 100cc,Hero,15,100,78800,1,Kolkata,26000
Hero CBZ Xtreme 150cc,Hero,7,150,12185,1,Delhi,35000
Honda CB Unicorn 150cc,Honda,10,150,36000,1,Rajkot,46000
Hero Passion 100cc,Hero,16,100,38000,1,Vadodara,19000
Honda CB Trigger 150cc,Honda,8,150,22000,1,Bhavnagar,48915
Hero Karizma 223cc,Hero,16,223,11700,1,Anand,23000
Bajaj Pulsar RS200 ABS,Bajaj,6,200,11400,1,Vadodara,95000
KTM Duke 200cc,KTM,6,200,6578,1,Ludhiana,100000
Bajaj Pulsar RS200,Bajaj,6,200,17500,1,Bangalore,97900
Bajaj Dominar 400 ABS,Bajaj,4,400,1320,1,Mumbai,160000
Bajaj Pulsar 150cc,Bajaj,10,150,21825,1,Sirsa,26000
Royal Enfield Bullet Electra 350cc,Royal Enfield,7,350,9355,1,Sirsa,90000
Kawasaki ER-6n 650cc,Kawasaki,5,650,5670,1,Pune,420000
Royal Enfield‎ Bullet 350cc,Royal Enfield,31,350,26000,2,Jabalpur,90000
Bajaj Pulsar 135LS,Bajaj,4,135,21000,1,Mumbai,45400
TVS Apache RTR 200 4V Carburetor,TVS,4,200,17617,1,Hyderabad,75000
Bajaj Avenger Street 150,Bajaj,5,150,23156,1,Ghaziabad,40000
TVS Apache RTR 200 4V FI,TVS,4,200,11982,1,Delhi,80000
Yamaha YZF-R15 2.0 150cc,Yamaha,4,150,7456,1,Gorakhpur,91000
Bajaj Discover 150cc,Bajaj,9,150,36631,2,Mumbai,26000
Bajaj Avenger 220cc,Bajaj,9,220,31927,2,Varanasi,38000
Royal Enfield Classic 350cc,Royal Enfield,7,350,27000,2,Ranga Reddy,75000
Honda CBR 150R 150cc,Honda,4,150,18494,1,Gurgaon,65000
Royal Enfield Classic 350cc,Royal Enfield,5,350,18120,1,Farrukhabad,110000
Bajaj Platina 100cc,Bajaj,9,100,46093,1,Jaipur,21000
Bajaj Avenger 220cc,Bajaj,8,220,5000,1,Pune,55000
KTM RC 200cc ABS,KTM,2,200,850,1,Bareilly,195000
Bajaj Pulsar RS200 ABS,Bajaj,4,200,17540,1,Visakhapatnam,100000
Bajaj Pulsar 150cc Neon,Bajaj,2,150,3162,1,Pune,72000
KTM RC 200cc,KTM,6,200,29000,1,Bangalore,130000
Yamaha YZF-R15 150cc,Yamaha,10,150,21200,1,Delhi,52000
Hero Karizma R 223cc,Hero,8,223,27893,3,Ghaziabad,28000
Bajaj Discover 125cc,Bajaj,10,125,41972,1,Pune,32000
Bajaj Pulsar 135LS,Bajaj,9,135,39468,1,Bangalore,35000
TVS Apache RTR 180cc ABS,TVS,4,180,18070,1,Navi Mumbai,65000
Honda CBR 250R ABS,Honda,9,250,16025,2,Pune,76000
Royal Enfield Bullet Electra Twinspark 350cc,Royal Enfield,6,350,37000,1,Bangalore,107100
KTM RC 200cc,KTM,5,200,25000,1,Dehradun,135000
Royal Enfield Classic 350cc,Royal Enfield,5,350,286055,1,Hyderabad,113000
TVS Star City Plus 110cc,TVS,6,110,40700,1,Mandi Dabwali,21000
Hero HF Deluxe 100cc,Hero,11,100,18000,1,Mandi Dabwali,22000
Bajaj Avenger Street 150,Bajaj,6,150,16500,1,Chennai,48900
Bajaj Pulsar 220cc,Bajaj,9,220,74183,1,Gautam Buddha Nagar,35000
Hero Xtreme 200R,Hero,3,200,6069,1,Mumbai,94000
KTM RC 390cc,KTM,4,390,3635,1,Ghaziabad,199000
Bajaj Platina 100cc,Bajaj,13,100,69619,1,Delhi,15000
Royal Enfield Thunderbird 350cc,Royal Enfield,5,350,14500,1,Kadi,100000
Bajaj Pulsar AS150,Bajaj,6,150,12859,1,Gurgaon,50000
Hero HF Deluxe Self 100cc,Hero,4,100,10234,1,Delhi,35000
Bajaj Pulsar RS200 ABS,Bajaj,3,200,4615,1,Delhi,115000
Honda CB Twister 110cc,Honda,10,110,22167,1,Mumbai,30000
KTM Duke 200cc,KTM,5,200,11446,1,Ahmedabad,120000
Suzuki Gixxer 150cc,Suzuki,6,150,32893,1,Gandhinagar,45000
Bajaj Pulsar 180cc,Bajaj,8,180,51503,1,Delhi,24000
Harley-Davidson Street 750 ABS,Harley-Davidson,3,750,3450,1,Chennai,588200
Mahindra Mojo 300cc,Mahindra,5,300,35000,1,Seppa,140000
Bajaj V15 150cc,Bajaj,5,150,18695,1,Delhi,37000
Royal Enfield Thunderbird 350cc,Royal Enfield,6,350,24707,1,Pune,92000
Royal Enfield Classic 500cc,Royal Enfield,11,500,194992,1,Hyderabad,110000
Royal Enfield Classic Stealth Black 500cc,Royal Enfield,3,500,1401,1,Delhi,195000
Royal Enfield Thunderbird 350cc,Royal Enfield,7,350,9902,1,Jaipur,90000
Honda CB Trigger 150cc,Honda,8,150,35000,1,Lucknow,35000
Harley-Davidson Iron 883,Harley-Davidson,5,883,10334,1,Mumbai,700000
Hyosung GT250R,Hyosung,4,250,5823,1,Thane,256000
Honda CB Hornet 160R Special Edition STD,Honda,4,160,12464,1,Hyderabad,73000
Bajaj Avenger Cruise 220,Bajaj,3,220,15500,1,Thiruvallur,80000
Hyosung GT250R,Hyosung,5,250,1884,1,Pune,220000
Royal Enfield Thunderbird 500cc,Royal Enfield,7,500,50000,1,Pune,116600
Bajaj Avenger Street 220,Bajaj,5,220,16971,1,Mumbai,60000
Bajaj Dominar 400 ABS,Bajaj,4,400,19631,2,Delhi,120601
Suzuki Gixxer 150cc,Suzuki,5,150,7500,1,Jodhpur,70000
Yamaha YZF-R15 V3 150cc,Yamaha,3,150,14379,1,Hyderabad,131000
Yamaha YZF-R15 2.0 150cc,Yamaha,7,150,21853,1,Delhi,58000
Hero Passion Plus 100cc,Hero,13,100,35000,1,Tiruvallur,15000
Suzuki Gixxer 150cc Dual Tone Rear Disc,Suzuki,3,150,12679,1,Mumbai,70000
Bajaj Pulsar 150cc,Bajaj,14,150,24780,1,Jamnagar,13000
TVS Star City 110cc,TVS,8,110,20210,1,Bangalore,33000
TVS Apache RTR 200 4V Race Edition 2.0,TVS,3,200,6000,1,Delhi,110000
Hero Passion Pro i3S Disc 100cc,Hero,4,100,16298,1,Mumbai,46000
Bajaj Avenger Street 220,Bajaj,5,220,18496,1,Surat,55000
Royal Enfield Bullet Electra 350cc,Royal Enfield,14,350,30687,1,Gurgaon,75000
Suzuki Gixxer SF 150cc SP Rear Disc,Suzuki,4,150,6740,1,Rajkot,70000
Bajaj Avenger 220cc,Bajaj,8,220,574,1,Hyderabad,36000
Royal Enfield Classic 500cc,Royal Enfield,11,500,17924,2,Delhi,75000
Hero Karizma ZMR 223cc,Hero,7,223,10000,1,Hyderabad,90000
Yamaha FZ 150cc,Yamaha,11,150,23452,1,Chennai,28000
Bajaj Pulsar 135LS,Bajaj,8,135,58699,1,Ludhiana,24500
Bajaj Discover 135cc,Bajaj,11,135,20000,1,Agra,20000
TVS Apache 150cc,TVS,15,150,45000,1,Noida,12000
Royal Enfield Classic 500cc,Royal Enfield,4,500,17000,3,Mathura,150000
Yamaha FZ 150cc,Yamaha,6,150,18742,1,Chennai,45000
Honda CB Trigger 150cc,Honda,8,150,42837,1,Bangalore,43000
Yamaha YZF-R15 2.0 150cc,Yamaha,9,150,27000,1,Rupnagar,55000
Hero CBZ Xtreme 150cc,Hero,14,150,34968,1,Noida,11900
Kawasaki Z1000,Kawasaki,7,1000,6000,1,Mumbai,1100000
Bajaj CT 100 B,Bajaj,4,100,30000,2,Ranip,22000
Yamaha SZR 150cc,Yamaha,10,150,32035,1,Mumbai,45000
Royal Enfield Classic 350cc,Royal Enfield,5,350,28916,1,Patna,119999
Bajaj Pulsar RS200,Bajaj,4,200,20946,1,Pune,99735
Yamaha YZF-R15 S 150cc,Yamaha,5,150,11424,1,Delhi,76000
Honda CB Shine 125cc Disc,Honda,8,125,57682,1,Delhi,23000
Honda CB Hornet 160R STD,Honda,4,160,7345,1,Delhi,59000
Royal Enfield Classic 350cc,Royal Enfield,4,350,3626,1,Delhi,120000
TVS Apache RTR 180cc,TVS,5,180,19500,1,Chennai,70000
KTM RC 390cc,KTM,6,390,10800,1,Navi Mumbai,140000
Honda CB Shine 125cc Disc,Honda,9,125,27594,1,Delhi,23000
Hero Ignitor 125cc,Hero,8,125,31116,1,Indore,45000
Hero Passion 100cc,Hero,15,100,70403,3,Ahmedabad,12500
Yamaha FZ S V 2.0 150cc,Yamaha,6,150,29500,1,Suri,55000
Bajaj Avenger 220cc,Bajaj,7,220,4900,1,Batala,55000
KTM RC 390cc,KTM,5,390,23000,2,Challakere,115000
Royal Enfield Classic 350cc,Royal Enfield,7,350,9240,1,Chennai,105000
Hero Passion Pro 100cc,Hero,9,100,37501,1,Chennai,20000
Bajaj Avenger 220cc,Bajaj,9,220,9150,1,Chinchwad,50001
Hero Splendor Pro 100cc,Hero,7,100,23000,1,Asansol,35000
Royal Enfield Classic 350cc,Royal Enfield,4,350,10300,1,Mumbai,145000
TVS Sport 100cc,TVS,3,100,5000,1,Jhansi,42900
Hero Splendor Pro 100cc,Hero,9,100,26000,1,Jhansi,25000
Honda CB Shine 125cc,Honda,13,125,37887,1,Chennai,13000
Bajaj Pulsar RS200,Bajaj,6,200,26000,1,Hyderabad,95000
Hero Splendor Pro Classic 100cc,Hero,6,100,16500,1,Hyderabad,42000
Bajaj Discover 125cc,Bajaj,11,125,39000,1,Pune,23000
Bajaj Avenger Street 150,Bajaj,5,150,23000,1,Mumbai,65000
Bajaj Pulsar NS200,Bajaj,4,200,9900,1,Dhubri,84300
Royal Enfield Electra 350cc,Royal Enfield,4,350,16499,1,Noida,92000
Royal Enfield Bullet Electra 350cc,Royal Enfield,9,350,38000,1,Delhi,85000
Honda CB Shine 125cc,Honda,5,125,47293,1,Gurgaon,30000
Royal Enfield Bullet Electra 350cc,Royal Enfield,4,350,20000,1,Delhi,105000
Hero Passion 100cc,Hero,16,100,3869,1,Hyderabad,18000
Benelli TNT 300,Benelli,4,300,11000,1,Bhubaneshwar,260000
Honda CB Unicorn 160 CBS,Honda,3,160,16000,1,Ambikapur,61000
Bajaj Pulsar NS200,Bajaj,4,200,13500,1,Agra,70000
Hero Passion Pro 100cc,Hero,16,100,150000,1,Surat,20000
Suzuki Gixxer SF 150cc,Suzuki,6,150,6876,1,Sonepat,56000
Honda CBF Stunner 125cc,Honda,8,125,49000,2,Deoria,30000
Bajaj Discover 135cc,Bajaj,11,135,51630,3,Mumbai,20500
Hyosung Aquila GV250,Hyosung,6,250,5806,1,Ahmedabad,211000
Harley-Davidson Street 750,Harley-Davidson,5,750,10196,1,Delhi,406600
Yamaha FZs 150cc,Yamaha,8,150,26200,2,Bangalore,45000
Honda CB Unicorn 160 STD,Honda,3,160,12400,1,Kolkata,75500
Yamaha YZF-R15 2.0 150cc,Yamaha,10,150,18127,1,Chennai,58000
Honda CB Unicorn 150cc,Honda,12,150,46583,1,Ahmedabad,25000
Bajaj Pulsar RS200 ABS,Bajaj,6,200,18474,1,Gurgaon,80000
Royal Enfield Bullet Electra Twinspark 350cc,Royal Enfield,6,350,20436,1,Faridabad,93000
Yamaha YZF-R15 S 150cc,Yamaha,4,150,14060,1,Solan,90000
Harley-Davidson 1200 Custom,Harley-Davidson,4,1200,13000,1,Tiruvallur,780000
Royal Enfield Thunderbird 500cc,Royal Enfield,7,500,5264,1,Mumbai,125000
Bajaj Discover 100cc,Bajaj,11,100,16000,1,Delhi,20000
Royal Enfield Classic 350cc,Royal Enfield,4,350,6154,1,Delhi,124000
Hero Passion 100cc,Hero,20,100,34000,1,Delhi,15000
Bajaj Discover 135cc,Bajaj,10,135,13000,1,Delhi,22000
Hero Passion Plus 100cc,Hero,16,100,20102,1,Delhi,17000
Royal Enfield Classic Squadron Blue 500cc,Royal Enfield,5,500,8000,1,Jaipur,160000
Bajaj Discover 135cc,Bajaj,12,135,25000,1,Delhi,22000
Royal Enfield Bullet Twinspark 350cc,Royal Enfield,8,350,32000,1,Delhi,90000
Hero CBZ Xtreme 150 cc,Hero,9,150,18000,1,Delhi,20000
Hero Splendor iSmart 100cc,Hero,6,100,42777,1,Delhi,25000
Honda Dream Yuga 110cc,Honda,3,110,7289,1,Howrah,50000
Bajaj V15 150cc,Bajaj,5,150,10455,1,Delhi,44000
Bajaj  Pulsar 180cc,Bajaj,10,180,69189,1,Patiala,28000
Hero Splendor 100cc,Hero,18,100,9145,1,Pune,23000
Yamaha Fazer 150cc,Yamaha,12,150,65000,1,Delhi,25000
Hero CD Deluxe 100cc,Hero,8,100,22824,1,Chennai,18000
Bajaj Avenger Street 220,Bajaj,5,220,8000,1,Mumbai,70000
Honda CB Hornet 160R STD,Honda,3,160,140,1,Pune,87000
Bajaj Pulsar 150cc,Bajaj,15,150,64955,1,Ghaziabad,10000
Royal Enfield Thunderbird 350cc,Royal Enfield,16,350,45710,1,Delhi,45000
TVS Apache RTR 180cc,TVS,10,180,61041,1,Delhi,26000
KTM RC 200cc,KTM,3,200,6344,1,Hyderabad,175000
Royal Enfield Classic Desert Storm 500cc,Royal Enfield,5,500,8827,1,Pune,120000
Hero Passion Plus 100cc,Hero,13,100,45000,1,Akot,12000
Royal Enfield Classic 500cc,Royal Enfield,5,500,19500,1,Bangalore,125000
Hero Splendor Plus 100cc,Hero,5,100,40000,1,Gurgaon,27500
Royal Enfield Classic 350cc,Royal Enfield,3,350,12739,1,Delhi,140000
Hero CBZ Xtreme 150cc,Hero,10,150,43984,1,Mumbai,30000
Honda CB Unicorn Dazzler 150cc,Honda,9,150,13532,1,Mumbai,36000
Honda CB Unicorn 150cc,Honda,4,150,40870,1,Mumbai,55000
Suzuki Intruder 150cc FI,Suzuki,3,150,10923,1,Delhi,98102
Bajaj Pulsar NS200,Bajaj,9,200,20765,1,Delhi,38000
TVS Apache RR310,TVS,3,310,2402,2,Aligarh,220000
Kawasaki Z250,Kawasaki,6,250,13000,1,Surat,180000
Harley-Davidson Iron 883,Harley-Davidson,9,883,63000,1,Gurgaon,360000
Royal Enfield Classic 350cc,Royal Enfield,5,350,29639,1,Mumbai,110000
Royal Enfield Classic Gunmetal Grey 350cc,Royal Enfield,3,350,23688,1,Pune,135000
Royal Enfield Thunderbird 350cc,Royal Enfield,18,350,51319,1,Mysore,75000
Yamaha YZF-R15 V3 150cc,Yamaha,2,150,579,1,Mumbai,132000
BMW G 310 GS,BMW,3,310,4241,1,Gurgaon,330000
Bajaj V15 150cc,Bajaj,5,150,9500,1,Varanasi,40085
Hero Karizma ZMR 223cc,Hero,12,223,43500,1,Gurgaon,32713
Harley-Davidson Iron 883,Harley-Davidson,5,883,4764,1,Mumbai,550000
Bajaj Avenger Cruise 220,Bajaj,3,220,3000,1,Nashik,74000
TVS Victor 110cc Disc,TVS,4,110,12200,1,Saharanpur,31160
Royal Enfield Thunderbird 350cc,Royal Enfield,6,350,10136,1,Faridabad,100000
Yamaha Crux 110cc,Yamaha,9,110,24519,1,Faridabad,16000
Bajaj Discover 125cc,Bajaj,10,125,34879,1,Gurgaon,17998
Bajaj Avenger Street 150,Bajaj,5,150,25805,1,Gurgaon,45000
Hero Passion Pro 100cc,Hero,16,100,27000,1,Delhi,16000
Bajaj Discover 135cc,Bajaj,13,135,20000,1,Delhi,19500
Hero Super Splendor 125cc,Hero,12,125,20328,1,Delhi,20000
Hero Hunk 150cc,Hero,8,150,20645,1,Vadodara,35000
Bajaj Pulsar NS 200cc,Bajaj,8,200,13000,1,Vadodara,65000
Hero Karizma R 223cc,Hero,14,223,36000,1,Noida,20000
Royal Enfield Bullet 350cc,Royal Enfield,4,350,13265,1,Bangalore,100000
Bajaj Pulsar 150cc,Bajaj,12,150,8321,1,Ahmedabad,16600
Bajaj Pulsar 150cc,Bajaj,12,150,33256,1,Ahmedabad,22000
Bajaj Discover 110cc,Bajaj,11,110,30000,1,Chennai,20000
TVS Apache 150cc,TVS,14,150,41160,1,Bangalore,18000
Hero Xtreme 200R ABS,Hero,2,200,40,1,Bangalore,85000
Bajaj Avenger 220cc,Bajaj,6,220,2200,1,Mumbai,70000
TVS Star City 110cc,TVS,9,110,3712,1,Chennai,20000
TVS Apache RTR 180cc,TVS,5,180,13608,1,Bangalore,60000
Bajaj Avenger Street 150,Bajaj,5,150,37000,1,Dakshina Kannada,48500
Hero CBZ Xtreme 150cc,Hero,9,150,24000,1,Kolkata,41000
Bajaj Discover 100M,Bajaj,6,100,19225,1,Delhi,25000
Yamaha FZ16 150cc,Yamaha,12,150,37000,1,Delhi,30500
Yamaha YZF-R15 2.0 150cc,Yamaha,8,150,27942,1,Hyderabad,66000
Yamaha FZ 150cc,Yamaha,9,150,32231,1,Chennai,36000
Yamaha FZ 150cc,Yamaha,11,150,54000,1,Alappuzha,29500
Kawasaki Ninja 300cc,Kawasaki,7,300,9000,1,Visakhapatnam,230000
Bajaj Avenger Cruise 220,Bajaj,5,220,12500,1,Delhi,55000
Royal Enfield Thunderbird 350cc,Royal Enfield,6,350,29700,1,Mumbai,105900
KTM RC 390cc,KTM,6,390,22000,1,Pune,150100
Honda CBF Stunner 125cc,Honda,12,125,80981,1,Jaipur,16000
Hero Passion Pro 100cc,Hero,15,100,68543,3,Mumbai,32000
Honda CB Shine 125cc,Honda,17,125,89454,3,Mumbai,27000
Bajaj Pulsar 180cc,Bajaj,15,180,72367,1,Bangalore,15000
Hero Karizma R 223cc,Hero,9,223,17659,1,Delhi,32000
Bajaj Dominar 400,Bajaj,4,400,23931,1,Bangalore,115000
Bajaj Pulsar NS200,Bajaj,4,200,8347,1,Delhi,79900
Honda CB Hornet 160R CBS,Honda,5,160,40500,1,Chennai,50000
Bajaj Avenger 220cc,Bajaj,9,220,40000,1,Ahmedabad,27500
Hero Achiever 150cc,Hero,9,150,4750,1,Bally,35000
Hero Passion Plus 100cc,Hero,15,100,30000,1,Bhiwandi,18000
KTM RC 390cc,KTM,5,390,4500,1,Mumbai,190000
TVS Radeon 110cc Drum SBT,TVS,3,110,9235,1,Ahmedabad,46000
Royal Enfield Classic Desert Storm 500cc,Royal Enfield,8,500,28000,1,Ahmedabad,101001
Royal Enfield Classic 350cc,Royal Enfield,10,350,28097,1,Ahmedabad,80000
Royal Enfield Bullet Electra 350cc,Royal Enfield,8,350,22805,1,Ahmedabad,75000
Royal Enfield Machismo 350cc,Royal Enfield,20,350,39838,1,Ahmedabad,65000
Bajaj Pulsar 135LS,Bajaj,5,135,8713,1,Bangalore,40000
Bajaj Pulsar RS200,Bajaj,5,200,17652,1,Faridabad,100000
Royal Enfield Thunderbird 350cc,Royal Enfield,4,350,400,1,Delhi,140000
Hyosung Aquila Pro GV650,Hyosung,7,650,12000,1,Nagpur,281000
Hero Karizma ZMR 223cc,Hero,4,223,658,2,Hissar,50000
Hero Hunk 150cc,Hero,4,150,50,1,Kolkata,72000
Harley-Davidson Street 750,Harley-Davidson,5,750,2000,1,Jalandhar,450000
Bajaj Discover 125cc,Bajaj,6,125,27555,1,Ahmedabad,28000
Bajaj Avenger Street 150,Bajaj,5,150,16030,1,Bangalore,62000
Kawasaki Vulcan S 650cc,Kawasaki,4,650,12118,1,Hyderabad,459877
Royal Enfield Bullet 350cc,Royal Enfield,12,350,12000,1,Bangalore,130000
KTM Duke 200cc,KTM,6,200,16800,1,Bangalore,104000
Hero Glamour 125cc,Hero,15,125,62000,2,Bangalore,16580
Mahindra Centuro 110cc,Mahindra,6,110,37827,1,Jaipur,25500
Hero Passion Plus 100cc,Hero,13,100,30000,2,Vasai,12999
Royal Enfield Thunderbird 500cc,Royal Enfield,6,500,2000,1,Ranchi,149000
TVS Star City 110cc,TVS,12,110,19081,1,Chennai,16000
Yamaha FZs 150cc,Yamaha,8,150,31586,1,Gurgaon,28000
Bajaj Pulsar 220cc,Bajaj,7,220,19000,1,Mumbai,51200
Bajaj Pulsar 220cc,Bajaj,7,220,30000,1,Mumbai,50000
Royal Enfield Classic 350cc,Royal Enfield,5,350,1400,1,Delhi,127300
Honda CBF Stunner 125cc,Honda,7,125,25000,1,Delhi,20000
Royal Enfield Classic 350cc,Royal Enfield,4,350,2750,1,Gurgaon,134100
Yamaha YZF-R3 320cc,Yamaha,5,320,3943,1,Gurgaon,235000
Yamaha YZF-R1 1000cc,Yamaha,3,1000,340,1,Mumbai,1450000
Bajaj Dominar 400 ABS,Bajaj,3,400,9500,1,Ahmedabad,157400
Royal Enfield Bullet Electra Twinspark 350cc,Royal Enfield,6,350,12975,1,Mumbai,95783
Royal Enfield Bullet Electra 350cc,Royal Enfield,7,350,14300,1,Mumbai,90000
Royal Enfield Electra 350cc,Royal Enfield,3,350,10000,1,Mumbai,90000
Bajaj Pulsar RS200 ABS,Bajaj,4,200,3689,1,Bangalore,120000
Honda CB Shine 125cc,Honda,4,125,3000,1,Mumbai,55000
Honda CB Unicorn 160,Honda,6,160,15200,1,Mumbai,55000
Bajaj Pulsar 220F,Bajaj,5,220,32894,1,Delhi,85000
Bajaj Discover 100cc,Bajaj,9,100,44944,1,Chennai,22000
Royal Enfield Thunderbird 350cc,Royal Enfield,8,350,17000,2,Delhi,80000
Royal Enfield Standard 500cc,Royal Enfield,4,500,2330,1,Delhi,161793
Royal Enfield Classic 350cc,Royal Enfield,4,350,4200,1,Delhi,131500
KTM Duke 390cc,KTM,3,390,4300,1,Jabalpur,250430
Yamaha YZF-R3 320cc,Yamaha,5,320,10600,1,Bhubaneshwar,200000
Mahindra Mojo 300cc,Mahindra,5,300,5757,1,Mumbai,125000
Yamaha YZF-R15 S 150cc,Yamaha,5,150,5812,1,Bangalore,64000
Hero Karizma ZMR 223cc,Hero,11,223,70000,1,Hyderabad,43000
Royal Enfield Bullet Electra Twinspark 350cc,Royal Enfield,4,350,20986,1,Mumbai,125000
Bajaj Pulsar 150cc,Bajaj,9,150,40000,2,Shillong,40000
Bajaj Pulsar 150cc,Bajaj,6,150,11000,2,Delhi,35500
Bajaj Avenger 220cc,Bajaj,7,220,22000,3,Bareilly,34500
Bajaj Avenger Cruise 220,Bajaj,3,220,5000,1,Lucknow,83000
Hero Passion Pro 100cc,Hero,10,100,2562,1,Faridabad,20000
Hero Splendor Plus 100cc,Hero,6,100,16000,1,Noida,39000
Bajaj Discover 135cc,Bajaj,14,135,21243,1,Delhi,17000
Bajaj Pulsar 150cc,Bajaj,7,150,11500,1,Vasai,40000
Yamaha SZR 150cc,Yamaha,10,150,22783,1,Chennai,19000
Bajaj  Pulsar 180cc,Bajaj,12,180,28000,1,Rajkot,15000
Bajaj Pulsar 200 NS 200cc,Bajaj,6,200,20000,1,Delhi,56789
Royal Enfield Classic 350cc,Royal Enfield,7,350,46588,2,Delhi,90000
Hero Splendor Plus 100cc,Hero,10,100,41230,1,Hyderabad,30000
Bajaj V15 150cc,Bajaj,5,150,23500,1,Nagpur,57000
Yamaha FZs 150cc,Yamaha,7,150,32800,1,Kanchipuram,45000
Bajaj Pulsar 150cc,Bajaj,10,150,32000,2,Nellore,23300
Royal Enfield Classic 500cc,Royal Enfield,12,500,40000,1,Gurgaon,65000
Bajaj Pulsar 150cc,Bajaj,10,150,29057,1,Gurgaon,21000
Yamaha SZ-RR 150cc,Yamaha,6,150,21124,1,Thane,35000
Harley-Davidson Street 750,Harley-Davidson,6,750,7400,1,Faridabad,400000
Honda CB Unicorn 160,Honda,6,160,40000,1,Mumbai,45900
Honda CB Shine 125cc,Honda,9,125,57687,2,Mumbai,29000
Bajaj Pulsar 150cc,Bajaj,11,150,42300,1,Chennai,22000
Yamaha Gladiator 125cc,Yamaha,13,125,49309,1,Coimbatore,21000
Yamaha FZs 150cc,Yamaha,8,150,16930,1,Bhatinda,27500
Honda CBR1000RR Fireblade,Honda,11,1000,15000,1,Delhi,799000
Royal Enfield Classic 500cc,Royal Enfield,6,500,28000,1,Chennai,120000
KTM Duke 390cc,KTM,2,390,2730,1,Pune,250000
KTM RC 390cc,KTM,6,390,18580,3,Pune,125000
Suzuki Gixxer SF 150cc Rear Disc,Suzuki,5,150,48206,1,Bangalore,45000
Bajaj Pulsar 180cc,Bajaj,7,180,34623,2,Bangalore,20000
Bajaj Avenger Street 150,Bajaj,5,150,19853,1,Hyderabad,53300
Honda CB Unicorn 150cc,Honda,9,150,21500,1,Ghaziabad,22100
Honda X-Blade 160cc,Honda,3,160,15550,1,Mumbai,80000
Bajaj Pulsar 135LS,Bajaj,4,135,12000,1,Kolkata,41000
Honda CB Unicorn 150cc,Honda,16,150,81900,1,Gurgaon,12000
Royal Enfield Bullet 350cc,Royal Enfield,22,350,40000,2,Pune,67000
KTM Duke 390cc,KTM,5,390,6900,1,Pune,180000
KTM Duke 390cc,KTM,5,390,8823,1,Pune,135000
Harley-Davidson Sportster 883,Harley-Davidson,7,883,2400,2,Rajkot,421000
Yamaha FZs 150cc,Yamaha,11,150,20000,1,Una,16000
Hero HF Deluxe 100cc,Hero,9,100,33000,1,Aurangabad,30000
Bajaj Discover 150F,Bajaj,7,150,25528,1,Ghaziabad,30000
Bajaj Discover 150F,Bajaj,6,150,27000,1,Delhi,35000
Bajaj Discover 150F,Bajaj,6,150,16695,1,Noida,35000
Bajaj Pulsar 150cc,Bajaj,16,150,27228,1,Mumbai,10000
Royal Enfield Classic 350cc,Royal Enfield,4,350,13190,1,Delhi,100000
Bajaj Pulsar NS200,Bajaj,8,200,28332,1,Gurgaon,50000
TVS Apache RR310,TVS,4,310,4500,1,Visakhapatnam,80000
Royal Enfield Thunderbird 350cc,Royal Enfield,5,350,19000,1,Nashik,120000
Royal Enfield Classic Desert Storm 500cc,Royal Enfield,7,500,23569,3,Ludhiana,92000
Bajaj Pulsar NS200,Bajaj,4,200,28000,1,Meerut,70000
Bajaj Pulsar AS200,Bajaj,5,200,36065,1,Mumbai,49000
Hero Passion Xpro 110cc,Hero,8,110,25049,1,Gautam Buddha Nagar,40000
Royal Enfield Classic 350cc,Royal Enfield,5,350,17662,1,Delhi,116800
Bajaj Pulsar AS150,Bajaj,5,150,17000,2,Moradabad,47000
Hyosung Aquila GV250,Hyosung,6,250,51791,1,Jaipur,120000
Bajaj  Pulsar 180cc,Bajaj,13,180,84384,1,Gurgaon,20000
Bajaj Dominar 400 ABS,Bajaj,4,400,4285,1,Chennai,141500
Hero CD Deluxe 100cc,Hero,13,100,35000,2,Jhansi,16800
Bajaj Pulsar 150cc,Bajaj,9,150,30000,1,Jhansi,24200
Bajaj Pulsar 150cc,Bajaj,12,150,35000,1,Jhansi,19800
Bajaj Avenger Street 220,Bajaj,5,220,28045,1,Gurgaon,72000
Bajaj Pulsar 150cc,Bajaj,10,150,109521,1,Pune,28000
Bajaj Pulsar 200 NS 200cc,Bajaj,7,200,23662,2,Delhi,50000
Mahindra Mojo Tourer Edition 300cc,Mahindra,4,300,11786,1,Gurgaon,120000
Hero Super Splendor 125cc,Hero,10,125,33548,1,Gurgaon,31000
Yamaha FZ25 ABS 250cc,Yamaha,2,250,233,1,Delhi,142000
Bajaj Pulsar 150cc,Bajaj,8,150,36273,1,Bangalore,35000
Hero Passion Plus 100cc,Hero,13,100,47470,1,Ludhiana,22000
Yamaha YZF-R15 2.0 150cc,Yamaha,6,150,8650,1,Delhi,85000
Bajaj Pulsar RS200,Bajaj,5,200,179,2,Gurgaon,90000
Bajaj Avenger Street 150,Bajaj,5,150,17157,1,Mumbai,55000
Bajaj Pulsar RS200 ABS,Bajaj,5,200,8500,1,Pune,125000
Hero Passion Plus 100cc,Hero,15,100,31100,1,Bangalore,17500
Bajaj Platina 100cc,Bajaj,13,100,30243,1,Vadodara,14000
Honda CB Hornet 160R STD,Honda,5,160,11000,2,24 Pargana,50000
Honda CB Unicorn 150cc,Honda,17,150,13416,1,Jamnagar,22000
Royal Enfield Bullet 350cc,Royal Enfield,13,350,21000,1,Jalandhar,125000
Yamaha SZR 150cc,Yamaha,10,150,15372,1,Chennai,18000
Bajaj Pulsar 135LS 135cc,Bajaj,11,135,39500,1,Chennai,17000
TVS Apache 150cc,TVS,12,150,28408,1,Chennai,17000
Royal Enfield Bullet Twinspark 350cc,Royal Enfield,7,350,34548,1,Jaipur,90000
Royal Enfield Thunderbird 350cc,Royal Enfield,7,350,24800,1,Vadodara,83000
Bajaj Pulsar 180cc,Bajaj,11,180,16000,1,Yamuna Nagar,30000
Royal Enfield Classic 350cc,Royal Enfield,4,350,47757,1,Mumbai,125000
Honda CB ShineSP 125cc Disc,Honda,4,125,10800,1,Guwahati,51000
TVS Sport 100cc,TVS,10,100,35000,1,Jhansi,17300
Royal Enfield Bullet Electra 350cc,Royal Enfield,12,350,28300,1,Ghaziabad,65000
Hero HF Deluxe 100cc,Hero,5,100,15000,1,Jhansi,33700
Bajaj Pulsar RS200,Bajaj,5,200,6500,1,Chandigarh,85000
Bajaj Pulsar 220cc,Bajaj,9,220,68000,1,Bangalore,30000
Bajaj Pulsar 150cc,Bajaj,15,150,46300,1,Pune,18000
Bajaj Pulsar 150cc,Bajaj,15,150,61991,1,Pune,20000
Bajaj Avenger Street 150,Bajaj,4,150,2000,1,Nashik,80000
Bajaj Pulsar 150cc,Bajaj,8,150,41214,1,Mumbai,22000
Royal Enfield Classic 350cc,Royal Enfield,5,350,23378,1,Pune,100000
Royal Enfield Bullet 500cc,Royal Enfield,3,500,6850,1,Rohtak,135000
Bajaj Pulsar RS200,Bajaj,4,200,5000,2,Rohtak,95000
Hero Super Splendor 125cc,Hero,15,125,20493,1,Jaipur,19500
Bajaj Pulsar 220F,Bajaj,4,220,19865,1,Kolkata,60000
KTM Duke 200cc,KTM,8,200,22088,1,Visakhapatnam,75000
Bajaj Pulsar 135LS,Bajaj,10,135,23641,1,Delhi,18000
Harley-Davidson Iron 883,Harley-Davidson,5,883,1900,1,Delhi,650000
Honda CB Unicorn 150cc,Honda,10,150,78000,1,Mumbai,33000
TVS Apache RTR 160cc,TVS,6,160,22000,1,Ahmedabad,52000
Royal Enfield Thunderbird 350cc,Royal Enfield,9,350,56478,1,Bangalore,80000
Bajaj Pulsar 220cc,Bajaj,6,220,45000,1,Dehradun,55000
Royal Enfield‎ Bullet 350cc,Royal Enfield,9,350,6151,1,Pune,88000
Royal Enfield Bullet 350cc,Royal Enfield,26,350,42303,2,Pune,99999
Bajaj Avenger Cruise 220,Bajaj,5,220,10000,1,Dehradun,58600
Bajaj Discover 150S Disc,Bajaj,6,150,39632,1,Pune,32000
Yamaha RX-Z 135cc,Yamaha,23,135,50000,1,Mumbai,47500
TVS Apache RTR 160 4V Carburetor With Rear Disc,TVS,3,160,8667,1,Mumbai,74000
Yamaha FZ S V 2.0 150cc,Yamaha,6,150,12227,1,Mumbai,47500
Yamaha FZs 150cc,Yamaha,6,150,13115,1,Bangalore,60000
Hero Splendor Pro 100cc,Hero,6,100,35000,1,Pune,38000
Yamaha FZ25 250cc,Yamaha,4,250,9780,1,Mumbai,90000
Hero Hunk 150cc,Hero,7,150,49000,1,Sholapur,35000
Hero Karizma R 223cc,Hero,9,223,18000,1,Delhi,32000
Royal Enfield Classic Desert Storm 500cc,Royal Enfield,5,500,11500,1,Jamnagar,169999
Honda CBF Stunner 125cc,Honda,7,125,23000,1,Delhi,30000
Honda CBR 250R,Honda,7,250,8986,1,Ambala,90000
Honda CBR 250R,Honda,6,250,3059,1,Delhi,120000
Honda CB Shine 125cc,Honda,5,125,12546,1,Mumbai,47500
Honda CB Unicorn 150cc,Honda,10,150,80000,1,Osmanabad,30000
Bajaj Avenger Cruise 220,Bajaj,5,220,7380,1,Bangalore,84000
Bajaj Avenger Cruise 220,Bajaj,5,220,12000,1,Bangalore,76900
Bajaj Avenger Cruise 220,Bajaj,5,220,16105,2,Bangalore,52000
Bajaj Avenger Cruise 220,Bajaj,4,220,10330,1,Bangalore,65000
Bajaj Discover 125cc,Bajaj,8,125,12714,1,Faridabad,24000
Royal Enfield Bullet Electra 350cc,Royal Enfield,14,350,33144,1,Mumbai,70000
Bajaj Pulsar 220F,Bajaj,11,220,60000,3,Ahmedabad,21305
TVS Apache RTR 200 4V Carburetor Pirelli Tyres Race Edition 2.0,TVS,3,200,4500,1,Pali,98000
Bajaj Pulsar 150cc,Bajaj,9,150,28000,1,Kendua,40000
Yamaha Libero G5 110cc,Yamaha,13,110,17000,1,Delhi,22500
Bajaj Pulsar AS200,Bajaj,6,200,22000,1,Delhi,50000
Hero CBZ Xtreme 150cc,Hero,10,150,60252,1,Gautam Buddha Nagar,32000
Royal Enfield Thunderbird 350cc,Royal Enfield,12,350,20631,1,Delhi,54000
Suzuki Gixxer 150cc,Suzuki,5,150,35053,1,Hyderabad,50000
Hero Passion Pro 100cc,Hero,10,100,43358,1,Delhi,20000
Yamaha Gladiator 125cc,Yamaha,11,125,53575,1,Gurgaon,25000
Royal Enfield Classic 350cc,Royal Enfield,4,350,6410,1,Bangalore,150000
Honda CB Twister 110cc,Honda,9,110,15098,2,Delhi,25000
Royal Enfield Classic 350cc,Royal Enfield,6,350,27370,1,Pune,130000
Honda CBF Stunner 125cc,Honda,8,125,28795,1,Chandigarh,23000
Yamaha YZF-R15 2.0 150cc,Yamaha,9,150,58870,2,Bhatinda,52096
Mahindra Centuro NXT 110cc,Mahindra,4,110,22580,2,Noida,32000
Bajaj Avenger 220cc,Bajaj,8,220,22295,1,Mumbai,40000
Royal Enfield Thunderbird 500cc,Royal Enfield,8,500,32814,2,Jaipur,120000
Bajaj Discover 135cc,Bajaj,12,135,68000,1,Ahmedabad,18500
Bajaj Avenger Street 150,Bajaj,5,150,15235,1,Pune,60000
Yamaha Fazer 150cc,Yamaha,9,150,48000,2,Delhi,38000
Yamaha YZF-R15 S 150cc,Yamaha,3,150,8736,1,Pune,110000
Royal Enfield Classic Desert Storm 500cc,Royal Enfield,6,500,22253,2,Chennai,105000
Harley-Davidson Iron 883,Harley-Davidson,9,883,18000,2,Bijnor,400000
Royal Enfield Bullet 350cc,Royal Enfield,4,350,18832,1,Gurgaon,130000
Bajaj Pulsar 180cc,Bajaj,5,180,13000,2,Delhi,42000
Honda CB Hornet 160R CBS,Honda,4,160,17250,1,Hyderabad,73000
Hero Splendor iSmart 110cc,Hero,4,110,12000,1,Faridabad,39200
TVS Apache RTR 200 4V Carburetor,TVS,4,200,23463,1,Delhi,70000
Royal Enfield Classic 500cc,Royal Enfield,11,500,141644,1,Bangalore,150000
Bajaj Pulsar 150cc,Bajaj,7,150,49100,1,Anantapur,31074
Yamaha SZ 150cc,Yamaha,9,150,25000,1,Kanchipuram,20000
Royal Enfield Thunderbird 500cc,Royal Enfield,9,500,14480,1,Pune,125000
Royal Enfield Thunderbird 500cc,Royal Enfield,6,500,13000,1,Kanchipuram,125000
Honda CB Unicorn 160,Honda,6,160,46000,1,Mumbai,45000
Royal Enfield Thunderbird X 350cc ABS,Royal Enfield,2,350,1000,1,Mumbai,170200
Bajaj Pulsar 180cc,Bajaj,8,180,15032,1,Mumbai,50000
Hero Splendor Plus 100cc,Hero,6,100,20500,1,Gohana,30000
Royal Enfield Classic Desert Storm 500cc,Royal Enfield,4,500,1754,1,Noida,160000
Honda CBR 150R 150cc,Honda,5,150,28366,1,Gandhinagar,75000
Bajaj Pulsar 180cc,Bajaj,6,180,25010,1,Thane,40000
TVS Apache RTR 180cc ABS,TVS,7,180,50000,1,Jabalpur,45000
Benelli TNT 300,Benelli,5,300,18277,1,Mumbai,215000
Bajaj Pulsar RS200 ABS,Bajaj,6,200,20000,1,Hyderabad,103300
Yamaha YZF-R15 V3 150cc,Yamaha,3,150,4266,1,Pune,129600
Royal Enfield Thunderbird 500cc,Royal Enfield,5,500,35006,1,Bangalore,110000
Bajaj Avenger 220cc,Bajaj,6,220,15000,1,Navi Mumbai,53000
Bajaj Pulsar RS200 ABS,Bajaj,6,200,37301,1,Bangalore,85000
Royal Enfield Bullet Twinspark 350cc,Royal Enfield,5,350,17000,1,Bangalore,100000
Royal Enfield Thunderbird 350cc,Royal Enfield,11,350,18894,1,Ghaziabad,85000
KTM Duke 390cc,KTM,5,390,29416,1,Hooghly,140900
Yamaha FZ25 250cc,Yamaha,3,250,6671,1,Pune,120000
Bajaj Pulsar RS200,Bajaj,4,200,15000,1,Uran,90000
Bajaj Pulsar NS 200cc,Bajaj,10,200,48500,1,Mumbai,29000
Bajaj Pulsar 150cc,Bajaj,7,150,61000,1,Jaunpur,31000
Yamaha Libero G5 110cc,Yamaha,12,110,2616,1,Vadodara,18000
Yamaha FZ16 150cc,Yamaha,8,150,18000,3,Rajkot,65000
Bajaj Avenger 220cc,Bajaj,7,220,34502,2,Bangalore,42000
Bajaj Avenger Cruise 220,Bajaj,5,220,13000,1,Belgaum,55000
Bajaj Pulsar 150cc,Bajaj,14,150,29051,2,Bangalore,20000
Bajaj Pulsar NS200,Bajaj,3,200,8759,1,Gurgaon,81000
Bajaj Avenger Street 220,Bajaj,5,220,19351,1,Visakhapatnam,60000
Bajaj Pulsar 180cc,Bajaj,11,180,71496,1,Noida,27500
TVS Apache RTR 200 4V ABS Race Edition,TVS,2,200,4442,1,Mumbai,120000
Hero Super Splendor 125cc,Hero,4,125,8161,1,Gurgaon,45000
Bajaj  Pulsar 180cc,Bajaj,11,180,34400,1,Bangalore,35000
Bajaj Pulsar RS200 ABS,Bajaj,4,200,350,1,Moradabad,145000
Honda CB Shine 125cc,Honda,9,125,40000,1,Bhopal,34000
TVS Apache RTR 160cc,TVS,11,160,34000,2,Chennai,23000
Bajaj Pulsar 200 NS 200cc,Bajaj,7,200,35000,1,Faridabad,55000
Hero Passion Pro 100cc,Hero,11,100,253621,1,Chennai,18000
Hero Passion Pro 100cc,Hero,12,100,33474,1,Chennai,16000
Bajaj Pulsar 180cc,Bajaj,7,180,65000,1,Hisar,25000
Yamaha YZF-R15 150cc,Yamaha,5,150,16000,1,Chennai,90000
Bajaj Platina 125cc,Bajaj,6,125,9131,1,Bhopal,36000
Honda CB Shine 125cc,Honda,10,125,28000,1,Bhopal,25000
TVS Apache RTR 160cc,TVS,6,160,14818,1,Ludhiana,50000
Bajaj Platina 125cc,Bajaj,8,125,40328,1,Chennai,22000
Honda CB Unicorn 160 CBS,Honda,5,160,20880,1,Bangalore,78000
KTM Duke 200cc,KTM,7,200,27428,1,Chennai,80000
Bajaj Pulsar RS200,Bajaj,5,200,25232,1,Jaipur,110000
Bajaj Discover 135cc,Bajaj,13,135,45000,2,Bhiwani,15000
Royal Enfield Thunderbird 350cc,Royal Enfield,7,350,23000,1,Bangalore,98000
TVS Apache RTR 160cc,TVS,6,160,23000,2,Jaipur,51000
Hero Passion 100cc,Hero,16,100,26512,2,Chennai,16000
Royal Enfield Bullet 350cc,Royal Enfield,13,350,36000,2,Moradabad,72000
Bajaj Discover 100cc,Bajaj,8,100,17100,2,Jodhpur,25000
Bajaj Discover 100M,Bajaj,9,100,41585,2,Lucknow,32000
Hero Super Splendor 125cc,Hero,5,125,40000,2,Palamu,30000
Bajaj Pulsar 220cc,Bajaj,7,220,40000,2,Bangalore,49000
Bajaj Pulsar 180cc,Bajaj,6,180,9870,1,Jaipur,65000
Royal Enfield Bullet Twinspark 350cc,Royal Enfield,7,350,6000,1,Delhi,90000
Hero Passion Plus 100cc,Hero,11,100,16000,1,Chennai,21000
Yamaha Fazer 150cc,Yamaha,9,150,40000,1,Jaipur,33500
Honda Dream Yuga 110cc,Honda,4,110,3500,1,Ludhiana,46500
Bajaj Pulsar 200 NS 200cc,Bajaj,13,200,28000,1,Vadodara,29999
Bajaj Avenger Street 150,Bajaj,5,150,16000,1,Hyderabad,58100
Honda CBF Stunner 125cc,Honda,9,125,16000,1,Ludhiana,22000
Hero Passion Plus 100cc,Hero,16,100,84559,1,Cuttack,17000
Hero Passion Pro 100cc,Hero,12,100,21049,1,Delhi,22000
Hero Passion Plus 100cc,Hero,15,100,51000,1,Chandigarh,15500
Bajaj Discover 100cc,Bajaj,8,100,39727,1,Cuttack,20000
Bajaj Discover 100cc,Bajaj,7,100,16036,1,Chennai,20000
Bajaj Avenger 220cc,Bajaj,9,220,11544,1,Kalyan,38000
Bajaj Platina 125cc,Bajaj,9,125,34589,1,Chennai,18000
Bajaj Pulsar 150cc,Bajaj,15,150,48283,1,Chennai,15000
Bajaj Platina 100cc,Bajaj,9,100,24500,1,Chennai,16000
Royal Enfield Classic 500cc,Royal Enfield,8,500,18300,1,Chennai,100000
Hero CD Deluxe 100cc,Hero,17,100,35382,1,Cuttack,17000
Mahindra Centuro 110cc,Mahindra,6,110,24000,1,Vadodara,29500
Bajaj Pulsar RS200,Bajaj,5,200,5026,1,Howrah,90000
Bajaj Pulsar 150cc,Bajaj,10,150,40000,1,Solapur,32000
Bajaj Pulsar 150cc,Bajaj,13,150,45000,1,Cuttack,18000
TVS Apache RTR 200 4V Fi,TVS,5,200,12000,1,Delhi,80000
Honda CBR 250R ABS,Honda,9,250,35000,1,Hyderabad,125000
Bajaj Pulsar 150cc,Bajaj,4,150,856,1,Delhi,74000
Hero Passion Pro 100cc,Hero,7,100,16138,1,Chennai,24000
Hero Passion Pro 100cc,Hero,7,100,13654,1,Chennai,24000
Hero Passion Pro 100cc,Hero,10,100,9063,1,Ludhiana,22000
Honda CB ShineSP 125cc Disc,Honda,5,125,17000,1,Thane,54000
Yamaha YZF-R15 2.0 150cc,Yamaha,10,150,22000,1,Mumbai,65000
Hero Splendor Plus 100cc,Hero,7,100,20000,1,Bhopal,32000
Bajaj Pulsar RS200  ABS-200cc,Bajaj,6,200,13400,1,Bodhan,108000
Bajaj Pulsar 150cc,Bajaj,8,150,28000,1,Jaipur,32999
Hero Splendor 100cc,Hero,11,100,49000,1,Pune,30000
KTM Duke 390cc,KTM,5,390,6800,1,Bhubaneswar,175000
Honda CB Shine 125cc,Honda,12,125,74999,1,Chennai,15000
Bajaj Avenger 200cc,Bajaj,11,200,34733,1,Chennai,34000
TVS Star City Plus 110cc,TVS,6,110,25999,1,Delhi,28000
Hero Karizma ZMR 223cc,Hero,10,223,22500,1,Delhi,37000
KTM RC 200cc,KTM,5,200,9800,1,Dharwar,150000
Hero Splendor Plus 100cc,Hero,11,100,9000,1,Delhi,25000
Suzuki Hayate 110cc,Suzuki,7,110,10000,1,Delhi,25000
KTM RC 390cc,KTM,5,390,26000,1,Pune,165000
TVS Apache RTR 200 4V Carburetor,TVS,4,200,5400,1,Raiganj,105000
KTM Duke 390cc,KTM,7,390,4500,1,Delhi,125000
Bajaj Discover 100cc,Bajaj,8,100,36105,1,Chennai,23000
Bajaj Discover 100cc,Bajaj,9,100,14821,1,Ludhiana,17000
Bajaj Avenger Street 150,Bajaj,5,150,4900,1,Mumbai,70000
Bajaj Avenger 220cc,Bajaj,5,220,7500,1,Bangalore,75000
Bajaj Avenger 220cc,Bajaj,6,220,18000,1,Mumbai,55000
Bajaj Discover150S 150cc,Bajaj,7,150,38000,1,Satna,25000
Suzuki Gixxer 150cc,Suzuki,5,150,6000,1,Mumbai,58000
KTM Duke 390cc,KTM,6,390,11100,1,Raigarh(mh),140000
Hero Passion PRO  100 cc,Hero,8,100,6000,1,Ludhiana,30000
Mahindra Centuro 110cc,Mahindra,6,110,11572,1,Jaipur,40000
Bajaj Pulsar 150cc,Bajaj,6,150,20000,1,Jaipur,53000
Bajaj Discover 100cc,Bajaj,11,100,50000,1,Chennai,17500
Bajaj Discover 125cc,Bajaj,12,125,2000,1,Bhilai Nagar,20000
Bajaj Discover 100M,Bajaj,9,100,16800,1,Lucknow,32000
Honda CB Shine 125cc,Honda,16,125,36400,1,Nadiad,25000
Hero Splendor 100cc,Hero,25,100,70600,1,Gandhinagar,21000
Bajaj Pulsar 150cc,Bajaj,7,150,23890,1,Jaipur,53000
Hero Passion Pro 100cc,Hero,11,100,24634,1,Chennai,21500
Hero Passion Plus 100cc,Hero,10,100,43000,1,Chennai,22000
Royal Enfield Classic 350cc,Royal Enfield,6,350,12000,1,Arrah,90000
TVS Apache RTR 160cc,TVS,10,160,266028,1,Jabalpur,24000
Hero Super Splendor 125cc,Hero,4,125,379,1,Katihar,55000
Bajaj Pulsar 220F,Bajaj,7,220,25000,1,Bangalore,65000
Yamaha YZF-R15 150cc,Yamaha,5,150,5500,1,Jind,95000
Royal Enfield Thunderbird 500cc,Royal Enfield,7,500,13500,1,Chennai,125000
Bajaj Pulsar 150cc,Bajaj,7,150,19000,1,Karnal,38000
Honda CB Shine 125cc,Honda,6,125,25000,1,Karnal,35000
Hero Splendor Plus 100cc,Hero,8,100,12525,1,Jabalpur,34000
Bajaj Pulsar 150cc,Bajaj,6,150,16016,1,Delhi,52000
Bajaj V15 150cc,Bajaj,5,150,12431,1,Delhi,53000
Royal Enfield Bullet Electra 350cc,Royal Enfield,18,350,29359,1,Delhi,65000
Bajaj Pulsar 150cc,Bajaj,13,150,28054,1,Delhi,20000
Bajaj Avenger Street 150,Bajaj,5,150,14000,1,Karnal,60000
Royal Enfield Thunderbird 350cc,Royal Enfield,7,350,20000,1,Delhi,99500
KTM RC 200cc,KTM,5,200,4900,1,Delhi,150000
Royal Enfield Classic 350cc,Royal Enfield,6,350,19000,1,Chennai,115000
Honda CB Shine 125cc,Honda,16,125,20000,1,Baloda,35000
Bajaj Platina 100cc,Bajaj,12,100,61200,1,Budhlada,15000
Hero Passion Plus 100cc,Hero,11,100,29407,1,Ahmedabad,24500
Hero Passion Pro 100cc,Hero,8,100,13608,1,Delhi,28500
Bajaj Pulsar  180cc,Bajaj,6,180,10065,1,Ludhiana,52000
Bajaj Avenger Street 150,Bajaj,5,150,12600,1,Bangalore,70000
Hero Splendor 100cc,Hero,12,100,40543,1,Indore,28000
Royal Enfield Electra 350cc,Royal Enfield,12,350,14000,1,Mumbai,80000
KTM RC 200cc,KTM,6,200,16000,1,Adyar,130000
Bajaj Avenger Street 150,Bajaj,5,150,10000,1,Delhi,65000
Hero Splendor 100cc,Hero,17,100,55000,1,Muzaffarpur,20000
Bajaj Avenger Street 150,Bajaj,4,150,73,1,Hyderabad,84000
Suzuki Slingshot Plus 125cc,Suzuki,6,125,5000,1,Pondicherry,40000
Bajaj Discover 100cc,Bajaj,10,100,54345,2,Coimbatore,17500
Yamaha FZs 150cc,Yamaha,8,150,14500,2,Delhi,36000
Hero Passion Plus 100cc,Hero,12,100,2009,4,Anantnag,23000
Hero Passion 100cc,Hero,19,100,50000,2,Jaipur,14000
Honda CB Twister 110cc,Honda,11,110,45000,1,Chennai,16500
Hero Splendor 100cc,Hero,13,100,15000,1,Rajkot,22000
Hero Splendor 100cc,Hero,24,100,20000,1,Rajkot,21101
Bajaj CT 100 Spoke,Bajaj,5,100,33150,1,Gurgaon,20000
KTM Duke 200cc,KTM,6,200,20000,1,Mumbai,95000
Bajaj  Pulsar 180cc,Bajaj,11,180,20700,2,Delhi,22000
Bajaj CT 100 100cc,Bajaj,8,100,10000,1,Jaipur,22000
KTM RC 200cc,KTM,6,200,2600,1,Berhampore,140000
Hero Splendor 100cc,Hero,6,100,15500,1,Hyderabad,44000
Hero i Smart 125cc,Hero,5,125,13800,1,Delhi,41000
Hero Splendor 100cc,Hero,13,100,30700,1,Chennai,17000
Hero CD Deluxe 100cc,Hero,9,100,35000,1,Dwarka,19000
Hero Splendor Plus  100 cc,Hero,17,100,70000,1,Cuttack,18000
TVS Star City 110cc,TVS,9,110,53520,1,Chennai,16000
Bajaj Discover 100cc,Bajaj,8,100,51697,1,Chennai,25000
Hero Passion PRO  100 cc,Hero,8,100,23690,1,Chennai,28000
Hero Passion Plus 100cc,Hero,9,100,28000,1,Chennai,26000
Hero CBZ 150cc,Hero,8,150,38074,1,Chennai,22000
Bajaj Discover 100cc,Bajaj,8,100,93901,1,Chennai,18000
Honda CB Unicorn 150cc,Honda,11,150,97000,1,Chennai,21000
Hero Passion Pro 100cc,Hero,7,100,45000,1,Chennai,32000
TVS Star City 110cc,TVS,9,110,92466,1,Chennai,18000
Honda CB Unicorn 150cc,Honda,11,150,91311,1,Chennai,21000
Hero Splendor Pro 100cc,Hero,10,100,53000,1,Jaipur,30000
Hero Passion Plus 100cc,Hero,10,100,17308,1,Chennai,22000
Bajaj Discover 135cc,Bajaj,12,135,54889,1,Chennai,17500
Bajaj Discover 100M,Bajaj,9,100,18500,1,Bangalore,30000
TVS Star City 110cc,TVS,10,110,20238,1,Chennai,16000
Honda CB Shine 125cc,Honda,6,125,14993,1,Chennai,37000
Hero CD Deluxe 100cc,Hero,10,100,14423,1,Chennai,20000
Bajaj Avenger 220cc,Bajaj,8,220,8903,1,Chennai,45000
Hero Splendor Plus 100 CC,Hero,7,100,36283,1,Jaipur,35000
Honda CB Shine 125cc,Honda,7,125,45991,1,Chennai,30000
Hero Passion Pro 100cc,Hero,9,100,51940,1,Chennai,22000
Hero Passion Plus 100cc,Hero,11,100,50000,1,Chennai,18000
Hero Passion Pro 100cc,Hero,7,100,81414,1,Chennai,26000
Hero Passion Plus 100cc,Hero,11,100,2584,1,Chennai,20000
Bajaj Discover 135cc,Bajaj,9,135,62867,1,Chennai,22000
Hero Passion Pro 100cc,Hero,10,100,3762,1,Chennai,25000
Yamaha Fazer 150cc,Yamaha,6,150,32461,1,Chennai,50000
Hero Passion Plus 100cc,Hero,10,100,78394,1,Chennai,20000
Bajaj Discover 110cc,Bajaj,6,110,17203,1,Chennai,30000
Bajaj Discover 125ST,Bajaj,8,125,40000,1,Chennai,22000
TVS Star City 110cc,TVS,12,110,39888,1,Chennai,15000
Hero Splendor 100cc,Hero,25,100,30000,1,Silvasa,25000
Hero Splendor 100cc,Hero,20,100,32000,1,Bharuch,18500
Hero Passion Plus 100cc,Hero,15,100,20313,1,Delhi,18000
Hero Passion Plus 100cc,Hero,13,100,12000,1,Delhi,20000
Hero Karizma 223 cc,Hero,13,223,22000,1,Delhi,22000
Bajaj Discover 125ST,Bajaj,8,125,13299,1,Ludhiana,27000
Hero Splendor 100cc,Hero,24,100,40000,1,Vadodara,23000
Bajaj Discover 135cc,Bajaj,13,135,21985,1,Delhi,21000
Yamaha FZs 150cc,Yamaha,8,150,40826,1,Delhi,38000
Bajaj Discover 110cc,Bajaj,9,110,5451,1,Chennai,26000
Hero Splendor 100cc,Hero,25,100,38000,1,Chennai,23000
TVS Star City 110cc,TVS,13,110,17602,1,Chennai,14000
Hero Passion Plus 100cc,Hero,11,100,38000,1,Chennai,18000
TVS Star City 110cc,TVS,7,110,17870,1,Jaipur,32000
TVS MAX 4R 110cc,TVS,7,110,13673,1,Chennai,18000
Hero Passion Plus 100cc,Hero,9,100,24434,1,Chennai,28000
Honda CB Shine 125cc,Honda,10,125,654984,1,Chennai,20000
Mahindra Centuro 110cc,Mahindra,6,110,8000,1,Jaipur,41000
Mahindra Pantero 110cc,Mahindra,8,110,28000,1,Nadiad,22000
Hero Passion Pro 100cc,Hero,12,100,50000,1,Delhi,20000
Hero Hunk 150cc,Hero,12,150,39000,1,Hospet,35000
Bajaj Pulsar 150cc,Bajaj,7,150,20000,1,Bangalore,55000
Royal Enfield Bullet Twinspark 350cc,Royal Enfield,7,350,21200,1,Bangalore,109100
Royal Enfield Bullet Electra 350cc,Royal Enfield,9,350,26381,1,Delhi,60350
Royal Enfield Thunderbird 350cc,Royal Enfield,12,350,60045,1,Pune,47000
Royal Enfield Thunderbird 350cc,Royal Enfield,18,350,90408,3,Bangalore,35800
Benelli TNT 25 250cc,Benelli,5,250,17512,1,Chennai,125000
Royal Enfield Classic 500cc Dual Disc,Royal Enfield,3,500,13900,2,Azamgarh,163500
Bajaj Pulsar AS200,Bajaj,7,200,30,2,Bangalore,45000
Harley-Davidson Street 750 ABS,Harley-Davidson,2,750,399,1,Jaipur,520000
Hyosung GT650R,Hyosung,7,650,13000,2,Delhi,304952
Hero Splendor Pro 100cc,Hero,10,100,15906,1,Alwar,20000
Bajaj Pulsar 180cc,Bajaj,7,180,15000,1,Pune,57000
Yamaha YZF-R15 150cc,Yamaha,9,150,28000,1,Mumbai,60000
TVS Apache RTR 160cc,TVS,4,160,20482,2,Hyderabad,60000
Hero Passion Plus 100cc,Hero,15,100,23105,1,Hyderabad,16000
Hero Ambition 135cc,Hero,18,135,82178,1,Delhi,5000
KTM Duke 200cc,KTM,9,200,49347,1,Thane,70000
Royal Enfield Classic 500cc,Royal Enfield,6,500,25362,2,Pune,116900
Royal Enfield Classic 350cc,Royal Enfield,7,350,17000,1,Jaipur,90000
Royal Enfield Bullet Electra 350cc,Royal Enfield,10,350,21540,2,Jaipur,83800
Bajaj Pulsar 150cc,Bajaj,9,150,18000,1,Lucknow,58000
Honda CB Trigger 150cc,Honda,8,150,25000,1,Palai,55000
Bajaj Pulsar 150cc,Bajaj,16,150,70000,1,Gurgaon,15000
Bajaj CT 100 100cc,Bajaj,5,100,90000,1,Dehradun,32000
Royal Enfield Classic 350cc,Royal Enfield,10,350,44000,1,Delhi,90000
Bajaj Pulsar 220F,Bajaj,7,220,26000,1,Mumbai,51900
Yamaha FZs 150cc,Yamaha,10,150,58000,1,Delhi,31000
Bajaj Discover 100cc,Bajaj,8,100,29000,1,Durg,28100
Royal Enfield Thunderbird 350cc,Royal Enfield,8,350,25000,1,Bangalore,110000
Honda CB Unicorn 150cc,Honda,13,150,48000,1,Delhi,20500
Honda Dream Neo 110cc,Honda,8,110,27000,1,Bhiwadi,25000
Honda CBF Stunner 125cc,Honda,10,125,39000,1,Faridabad,24990
Royal Enfield Bullet Electra Twinspark 350cc,Royal Enfield,6,350,12550,1,Surat,120500
Hero CBZ Xtreme 150cc,Hero,14,150,55000,1,Delhi,22000
Bajaj Avenger Street 150,Bajaj,5,150,22000,1,Ahmedabad,72100
Honda Livo Disc 110cc,Honda,5,110,9000,1,Gurgaon,46000
Royal Enfield Classic 350cc,Royal Enfield,8,350,5400,1,Bangalore,150000
Royal Enfield Thunderbird 350cc,Royal Enfield,8,350,22000,1,Surat,95000
Bajaj Avenger Street 150,Bajaj,5,150,30000,1,Delhi,62000
Hero CD Dawn 100cc,Hero,10,100,41000,1,Bangalore,26000
Honda Dream Yuga 110cc,Honda,8,110,14992,1,Pune,35000
Yamaha YZF-R15 2.0 150cc,Yamaha,6,150,23000,1,Bangalore,96000
Royal Enfield Classic Desert Storm 500cc,Royal Enfield,5,500,8500,1,Delhi,140000
Yamaha YZF-R15 2.0 150cc,Yamaha,9,150,59794,1,Bangalore,66000
Bajaj Pulsar 150cc,Bajaj,14,150,30000,1,Sundargarh,22000
Hero Passion Pro 100cc,Hero,6,100,16838,1,Ghaziabad,36995
Royal Enfield Classic 350cc,Royal Enfield,4,350,14779,1,Delhi,105000
Hero CBZ Xtreme 150cc,Hero,12,150,33849,1,Pune,30000
TVS Apache RTR 160cc Rear Disc,TVS,3,160,4116,1,Ghaziabad,70000
Bajaj Pulsar 150cc,Bajaj,8,150,115152,1,Hyderabad,29500
Bajaj Pulsar AS200,Bajaj,5,200,23000,1,Sundargarh,70000
Honda CBR 250R,Honda,10,250,8000,1,Delhi,80000
Royal Enfield Standard 500cc,Royal Enfield,8,500,84625,1,Mumbai,150000
Royal Enfield Classic 350cc,Royal Enfield,7,350,15078,1,Ghaziabad,100000
Hero Karizma R 223cc,Hero,7,223,35038,1,Bangalore,45000
Royal Enfield Classic Chrome 500cc,Royal Enfield,9,500,15008,1,Gurgaon,105000
KTM Duke 125cc,KTM,3,125,1050,1,Bangalore,135000
Bajaj Pulsar RS200,Bajaj,6,200,25000,1,Bangalore,95000
Bajaj Pulsar RS200 ABS,Bajaj,5,200,16725,1,Pune,95000
Honda CB Unicorn 160,Honda,6,160,18000,1,Mumbai,65000
Yamaha Saluto RX 110cc,Yamaha,4,110,8030,1,Jaipur,37000
Honda CBR 250R Repsol ABS,Honda,4,250,14000,2,Noida,120000
Royal Enfield Classic 500cc,Royal Enfield,4,500,8575,1,Guwahati,146006
Harley-Davidson Iron 883,Harley-Davidson,8,883,10400,1,Pune,511000
Hero Splendor Plus 100cc,Hero,10,100,20003,1,Sirsa,20000
Hero Passion Xpro 110cc,Hero,5,110,7500,1,Ahmedabad,50000
Suzuki Gixxer SF 150cc Rear Disc,Suzuki,5,150,19100,1,Bangalore,63000
KTM Duke 390cc,KTM,5,390,25500,1,Delhi,139100
Bajaj Pulsar RS200,Bajaj,4,200,5600,1,Gurgaon,120000
Yamaha FZ25 250cc,Yamaha,3,250,2126,1,Delhi,115800
Bajaj Pulsar AS150,Bajaj,6,150,4150,1,Mumbai,60000
TVS Apache RTR 160cc,TVS,10,160,30000,1,Alibag,30000
TVS Apache RTR 200 4V FI,TVS,3,200,9238,1,Delhi,65450
Bajaj V15 150cc,Bajaj,5,150,16539,1,Mumbai,42000
Bajaj Pulsar 150cc,Bajaj,11,150,70000,1,Lucknow,26000
Hero CD Deluxe 100cc,Hero,10,100,5000,1,Lucknow,20000
Hero Glamour Fi 125cc,Hero,5,125,28478,1,Delhi,37000
Bajaj V15 150cc,Bajaj,4,150,16674,1,Bangalore,50000
Yamaha Fazer 150cc,Yamaha,8,150,77596,1,Delhi,37000
Royal Enfield Classic 350cc,Royal Enfield,10,350,25000,1,Chennai,100000
TVS Apache 150cc,TVS,14,150,84916,1,Hissar,20000
Bajaj Discover 100cc,Bajaj,9,100,80517,1,Faridabad,25000
TVS Radeon 110cc Drum SBT,TVS,2,110,4020,1,Delhi,58000
Yamaha YZF-R3 320cc,Yamaha,5,320,7130,1,Delhi,220000
Royal Enfield Himalayan 410cc,Royal Enfield,5,410,8492,1,Gurgaon,120000
Royal Enfield Himalayan 410cc,Royal Enfield,5,410,5000,1,Delhi,138000
Hero Splendor Plus 100cc,Hero,17,100,20000,2,Gurgaon,11400
Honda CB Trigger 150cc,Honda,8,150,24513,2,Delhi,34400
Hero CD Deluxe 100cc,Hero,11,100,11122,1,Sidhi,25000
Yamaha SZ RR V 2.0 150cc Limited Edition,Yamaha,4,150,6138,1,Pune,55000
Hero Passion Plus 100cc,Hero,14,100,68000,1,Hyderabad,24000
Royal Enfield Bullet Twinspark 350cc,Royal Enfield,8,350,56968,1,Delhi,80000
Yamaha Fazer FI V 2.0 150cc,Yamaha,3,150,7500,1,Kanchipuram,78000
Honda CBR 150R 150cc,Honda,7,150,28032,1,Kanpur,61483
Bajaj Discover 125cc,Bajaj,16,125,39211,1,Mumbai,14000
KTM Duke 390cc,KTM,4,390,4568,1,Mumbai,195000
Bajaj Pulsar  180cc,Bajaj,6,180,10000,1,Pune,55000
Bajaj Pulsar NS200,Bajaj,9,200,27687,3,Bangalore,46000
Bajaj Pulsar NS200,Bajaj,8,200,41939,1,Allahabad,48000
Bajaj Avenger 220cc,Bajaj,7,220,29134,1,Bangalore,50000
Hero Hunk Rear Disc 150cc,Hero,8,150,48587,1,Delhi,25000
Bajaj Avenger 220cc,Bajaj,9,220,60000,1,Bangalore,35000
Harley-Davidson Street 750 ABS,Harley-Davidson,4,750,3430,1,Jodhpur,450000
Bajaj Dominar 400 ABS,Bajaj,4,400,21300,1,Hyderabad,139000
Bajaj Avenger Street 220,Bajaj,5,220,7127,1,Hyderabad,80000
